experiment_id,source_row,stable_key,id,experience,modality,conditions,permanence,algorithm_family,number_of_individuals,n,logn,outcome_source,outcome_percent,outcome_probability,outcome_probability_corrected,boundary_epsilon,outcome_decision_note,uncertainty_reported_source,uncertainty_reported_percent,se_provenance_category,se_conversion_denominator,uncertainty_exclusion_flag,se_decision_note,mean,ylogit,se,se2,se_logit,has_se,se2_logit,has_se2,ECG,PPG,Other,multimodal,algo,algo_other,intruders,activity,duration,auth_time,enrol_time,device,device_location,feature_type,feature_dim,dim_reduction,noise_reduction,segmentation_type,normalizationyn,filteringyn,external_validation
28_,1,28|,28,,PPG,one condition,low (one day),dl_temp,15,15,-0.3372087235881264,converted EER,95.2,0.9520000000000001,0.9520000000000001,,included; accuracy missing and EER is a valid percentage,,,no reported uncertainty,,0,No parenthesized uncertainty was reported in the selected accuracy/EER field.,0.9520000000000001,2.987364023883476,,,0,0,0,0,0,1,0,0,dl_temp,LSTM,intruders,one condition,low (one day),64 PPG readings,5 min,Empatica E4,wrist,deep,,no,none,none,yes,no,14 intruders
36_Hexoskin-M50-NB,2,36|Hexoskin M50 NB,36,Hexoskin M50 NB,ECG,multiple conditions,low (one day),Other algorithm,13,13,-0.5767528973640305,converted EER,75.38,0.7537999999999999,0.7537999999999999,,included; accuracy missing and EER is a valid percentage,,,no reported uncertainty,,0,No parenthesized uncertainty was reported in the selected accuracy/EER field.,0.7537999999999999,1.1189828670826814,,,0,0,0,0,1,0,0,0,Other algorithm,NB,intruders,multiple conditions,low (one day),4s,837 samples,Hexoskin Hx1,chest/torso,handcrafted,medium,no,"Downsampled to 200 Hz. third order band‐pass filter (0.5-45 Hz), mean filter for signal smoothing.",window,no,yes,3 intruders
36_Hexoskin-M40-NB,3,36|Hexoskin M40 NB,36,Hexoskin M40 NB,ECG,multiple conditions,low (one day),Other algorithm,13,13,-0.5767528973640305,converted EER,78.91,0.7890999999999999,0.7890999999999999,,included; accuracy missing and EER is a valid percentage,,,no reported uncertainty,,0,No parenthesized uncertainty was reported in the selected accuracy/EER field.,0.7890999999999999,1.3195089680422598,,,0,0,0,0,1,0,0,0,Other algorithm,NB,intruders,multiple conditions,low (one day),4s,1005 samples,Hexoskin Hx1,chest/torso,handcrafted,medium,no,"Downsampled to 200 Hz. third order band‐pass filter (0.5-45 Hz), mean filter for signal smoothing.",window,no,yes,3 intruders
36_Hexoskin-M30-NB,4,36|Hexoskin M30 NB,36,Hexoskin M30 NB,ECG,multiple conditions,low (one day),Other algorithm,13,13,-0.5767528973640305,converted EER,81.73,0.8173,0.8173,,included; accuracy missing and EER is a valid percentage,,,no reported uncertainty,,0,No parenthesized uncertainty was reported in the selected accuracy/EER field.,0.8173,1.4981607611381231,,,0,0,0,0,1,0,0,0,Other algorithm,NB,intruders,multiple conditions,low (one day),4s,1172 samples,Hexoskin Hx1,chest/torso,handcrafted,medium,no,"Downsampled to 200 Hz. third order band‐pass filter (0.5-45 Hz), mean filter for signal smoothing.",window,no,yes,3 intruders
36_Hexoskin-E50-NB,5,36|Hexoskin E50 NB,36,Hexoskin E50 NB,ECG,multiple conditions,low (one day),Other algorithm,13,13,-0.5767528973640305,converted EER,73.96000000000001,0.7396,0.7396,,included; accuracy missing and EER is a valid percentage,,,no reported uncertainty,,0,No parenthesized uncertainty was reported in the selected accuracy/EER field.,0.7396,1.0438905891785557,,,0,0,0,0,1,0,0,0,Other algorithm,NB,intruders,multiple conditions,low (one day),4s,837 samples,Hexoskin Hx1,chest/torso,handcrafted,medium,no,"Downsampled to 200 Hz. third order band‐pass filter (0.5-45 Hz), mean filter for signal smoothing.",window,no,yes,3 intruders
36_Hexoskin-E40-NB,6,36|Hexoskin E40 NB,36,Hexoskin E40 NB,ECG,multiple conditions,low (one day),Other algorithm,13,13,-0.5767528973640305,converted EER,77.95,0.7795000000000001,0.7795000000000001,,included; accuracy missing and EER is a valid percentage,,,no reported uncertainty,,0,No parenthesized uncertainty was reported in the selected accuracy/EER field.,0.7795000000000001,1.262754993610931,,,0,0,0,0,1,0,0,0,Other algorithm,NB,intruders,multiple conditions,low (one day),4s,1005 samples,Hexoskin Hx1,chest/torso,handcrafted,medium,no,"Downsampled to 200 Hz. third order band‐pass filter (0.5-45 Hz), mean filter for signal smoothing.",window,no,yes,3 intruders
36_Hexoskin-E30-NB,7,36|Hexoskin E30 NB,36,Hexoskin E30 NB,ECG,multiple conditions,low (one day),Other algorithm,13,13,-0.5767528973640305,converted EER,79.62,0.7962,0.7962,,included; accuracy missing and EER is a valid percentage,,,no reported uncertainty,,0,No parenthesized uncertainty was reported in the selected accuracy/EER field.,0.7962,1.3627112897775924,,,0,0,0,0,1,0,0,0,Other algorithm,NB,intruders,multiple conditions,low (one day),4s,1172 samples,Hexoskin Hx1,chest/torso,handcrafted,medium,no,"Downsampled to 200 Hz. third order band‐pass filter (0.5-45 Hz), mean filter for signal smoothing.",window,no,yes,3 intruders
36_Hexoskin-M50-DT,8,36|Hexoskin M50 DT,36,Hexoskin M50 DT,ECG,multiple conditions,low (one day),tree,13,13,-0.5767528973640305,converted EER,69.13,0.6912999999999999,0.6912999999999999,,included; accuracy missing and EER is a valid percentage,,,no reported uncertainty,,0,No parenthesized uncertainty was reported in the selected accuracy/EER field.,0.6912999999999999,0.8062039514431053,,,0,0,0,0,1,0,0,0,tree,DT,intruders,multiple conditions,low (one day),4s,837 samples,Hexoskin Hx1,chest/torso,handcrafted,medium,no,"Downsampled to 200 Hz. third order band‐pass filter (0.5-45 Hz), mean filter for signal smoothing.",window,no,yes,3 intruders
36_Hexoskin-M40-DT,9,36|Hexoskin M40 DT,36,Hexoskin M40 DT,ECG,multiple conditions,low (one day),tree,13,13,-0.5767528973640305,converted EER,73.36,0.7336,0.7336,,included; accuracy missing and EER is a valid percentage,,,no reported uncertainty,,0,No parenthesized uncertainty was reported in the selected accuracy/EER field.,0.7336,1.0129649822760212,,,0,0,0,0,1,0,0,0,tree,DT,intruders,multiple conditions,low (one day),4s,1005 samples,Hexoskin Hx1,chest/torso,handcrafted,medium,no,"Downsampled to 200 Hz. third order band‐pass filter (0.5-45 Hz), mean filter for signal smoothing.",window,no,yes,3 intruders
36_Hexoskin-M30-DT,10,36|Hexoskin M30 DT,36,Hexoskin M30 DT,ECG,multiple conditions,low (one day),tree,13,13,-0.5767528973640305,converted EER,74.58,0.7458,0.7458,,included; accuracy missing and EER is a valid percentage,,,no reported uncertainty,,0,No parenthesized uncertainty was reported in the selected accuracy/EER field.,0.7458,1.0763361089893668,,,0,0,0,0,1,0,0,0,tree,DT,intruders,multiple conditions,low (one day),4s,1172 samples,Hexoskin Hx1,chest/torso,handcrafted,medium,no,"Downsampled to 200 Hz. third order band‐pass filter (0.5-45 Hz), mean filter for signal smoothing.",window,no,yes,3 intruders
36_Hexoskin-E50-DT,11,36|Hexoskin E50 DT,36,Hexoskin E50 DT,ECG,multiple conditions,low (one day),tree,13,13,-0.5767528973640305,converted EER,68.33,0.6833,0.6833,,included; accuracy missing and EER is a valid percentage,,,no reported uncertainty,,0,No parenthesized uncertainty was reported in the selected accuracy/EER field.,0.6833,0.7689790482421386,,,0,0,0,0,1,0,0,0,tree,DT,intruders,multiple conditions,low (one day),4s,837 samples,Hexoskin Hx1,chest/torso,handcrafted,medium,no,"Downsampled to 200 Hz. third order band‐pass filter (0.5-45 Hz), mean filter for signal smoothing.",window,no,yes,3 intruders
36_Hexoskin-E40-DT,12,36|Hexoskin E40 DT,36,Hexoskin E40 DT,ECG,multiple conditions,low (one day),tree,13,13,-0.5767528973640305,converted EER,70.67,0.7067,0.7067,,included; accuracy missing and EER is a valid percentage,,,no reported uncertainty,,0,No parenthesized uncertainty was reported in the selected accuracy/EER field.,0.7067,0.8794102717134032,,,0,0,0,0,1,0,0,0,tree,DT,intruders,multiple conditions,low (one day),4s,1005 samples,Hexoskin Hx1,chest/torso,handcrafted,medium,no,"Downsampled to 200 Hz. third order band‐pass filter (0.5-45 Hz), mean filter for signal smoothing.",window,no,yes,3 intruders
36_Hexoskin-E30-DT,13,36|Hexoskin E30 DT,36,Hexoskin E30 DT,ECG,multiple conditions,low (one day),tree,13,13,-0.5767528973640305,converted EER,73.59,0.7359,0.7359,,included; accuracy missing and EER is a valid percentage,,,no reported uncertainty,,0,No parenthesized uncertainty was reported in the selected accuracy/EER field.,0.7359,1.0247664206294669,,,0,0,0,0,1,0,0,0,tree,DT,intruders,multiple conditions,low (one day),4s,1172 samples,Hexoskin Hx1,chest/torso,handcrafted,medium,no,"Downsampled to 200 Hz. third order band‐pass filter (0.5-45 Hz), mean filter for signal smoothing.",window,no,yes,3 intruders
43_,14,43|,43,,ECG,,,dl,47,47,1.574609342888001,converted EER,97.89,0.9789,0.9789,,included; accuracy missing and EER is a valid percentage,,,no reported uncertainty,,0,No parenthesized uncertainty was reported in the selected accuracy/EER field.,0.9789,3.8371564517853636,,,0,0,0,0,1,0,0,0,dl,CNN,,,,single heartbeat,,own device,wrist,handcrafted,,no,FIR bandpass filter to remove baseline wander and environmental noises. (ii) time-sharing re-configurable “QRS” peak detection engine (PDE),beat,yes,yes,?
55_Empatica-kNN-9-1,15,55|Empatica kNN 9/1,55,Empatica kNN 9/1,PPG,multiple conditions,low (one day),Other algorithm,28,28,0.7075966351488701,converted EER,80.57,0.8057,0.8057,,included; accuracy missing and EER is a valid percentage,EER,10.2,converted subject-level SD,28,0,Parenthesized value is a subject-level SD; SE recovered as SD/sqrt(28).,0.8057,1.4223081083997557,0.019276188123470584,0.019276188123470584,0.12313315059096488,1,0.12313315059096488,1,0,1,0,0,Other algorithm,kNN,no intruders,multiple conditions,low (one day),2 min,90 min,Empatica E4,wrist,handcrafted,low,no,"points exceeding more than 20% of local average of 3 beats are excluded, then interpolation for missing data",window,no,yes,no intruders
55_Empatica-RF-9-1,16,55|Empatica RF 9/1,55,Empatica RF 9/1,PPG,multiple conditions,low (one day),tree,28,28,0.7075966351488701,converted EER,93.23,0.9323,0.9323,,included; accuracy missing and EER is a valid percentage,EER,4.08,converted subject-level SD,28,0,Parenthesized value is a subject-level SD; SE recovered as SD/sqrt(28).,0.9323,2.622568471384419,0.007710475249388235,0.007710475249388235,0.12216218572527367,1,0.12216218572527367,1,0,1,0,0,tree,RF,no intruders,multiple conditions,low (one day),2 min,90 min,Empatica E4,wrist,handcrafted,low,no,"points exceeding more than 20% of local average of 3 beats are excluded, then interpolation for missing data",window,no,yes,no intruders
55_Empatica-MLP-9-1,17,55|Empatica MLP 9/1,55,Empatica MLP 9/1,PPG,multiple conditions,low (one day),dl,28,28,0.7075966351488701,converted EER,86.97,0.8697,0.8697,,included; accuracy missing and EER is a valid percentage,EER,8.73,converted subject-level SD,28,0,Parenthesized value is a subject-level SD; SE recovered as SD/sqrt(28).,0.8697,1.8983088404649202,0.016498149246852768,0.016498149246852768,0.14558657939010003,1,0.14558657939010003,1,0,1,0,0,dl,MLP,no intruders,multiple conditions,low (one day),2 min,90 min,Empatica E4,wrist,handcrafted,low,no,"points exceeding more than 20% of local average of 3 beats are excluded, then interpolation for missing data",window,no,yes,no intruders
55_Empatica-LR-9-1,18,55|Empatica LR 9/1,55,Empatica LR 9/1,PPG,multiple conditions,low (one day),Other algorithm,28,28,0.7075966351488701,converted EER,86.53,0.8653,0.8653,,included; accuracy missing and EER is a valid percentage,EER,6.87,converted subject-level SD,28,0,Parenthesized value is a subject-level SD; SE recovered as SD/sqrt(28).,0.8653,1.8600261841963746,0.012983079647866956,0.012983079647866956,0.11138928646232485,1,0.11138928646232485,1,0,1,0,0,Other algorithm,LR,no intruders,multiple conditions,low (one day),2 min,90 min,Empatica E4,wrist,handcrafted,low,no,"points exceeding more than 20% of local average of 3 beats are excluded, then interpolation for missing data",window,no,yes,no intruders
55_Empatica-NB-9-1,19,55|Empatica NB 9/1,55,Empatica NB 9/1,PPG,multiple conditions,low (one day),Other algorithm,28,28,0.7075966351488701,converted EER,84.23,0.8423,0.8423,,included; accuracy missing and EER is a valid percentage,EER,5.78,converted subject-level SD,28,0,Parenthesized value is a subject-level SD; SE recovered as SD/sqrt(28).,0.8423,1.6754417513523256,0.010923173269966667,0.010923173269966667,0.08223379420291188,1,0.08223379420291188,1,0,1,0,0,Other algorithm,NB,no intruders,multiple conditions,low (one day),2 min,90 min,Empatica E4,wrist,handcrafted,low,no,"points exceeding more than 20% of local average of 3 beats are excluded, then interpolation for missing data",window,no,yes,no intruders
55_S-kNN-9-1,20,55|S kNN 9/1,55,S kNN 9/1,PPG,multiple conditions,low (one day),Other algorithm,28,28,0.7075966351488701,converted EER,95.16,0.9516,0.9516,,included; accuracy missing and EER is a valid percentage,EER,4,converted subject-level SD,28,0,Parenthesized value is a subject-level SD; SE recovered as SD/sqrt(28).,0.9516,2.9786449647062168,0.0075592894601845435,0.0075592894601845435,0.16412743435554697,1,0.16412743435554697,1,0,1,0,0,Other algorithm,kNN,no intruders,multiple conditions,low (one day),2 min,90 min,Samsung Gear S,wrist,handcrafted,low,no,"points exceeding more than 20% of local average of 3 beats are excluded, then interpolation for missing data",window,no,yes,no intruders
55_S-RF-9-1,21,55|S RF 9/1,55,S RF 9/1,PPG,multiple conditions,low (one day),tree,28,28,0.7075966351488701,converted EER,96.04,0.9604,0.9604,,included; accuracy missing and EER is a valid percentage,EER,1.38,converted subject-level SD,28,0,Parenthesized value is a subject-level SD; SE recovered as SD/sqrt(28).,0.9604,3.188520746086664,0.0026079548637636674,0.0026079548637636674,0.0685729342509768,1,0.0685729342509768,1,0,1,0,0,tree,RF,no intruders,multiple conditions,low (one day),2 min,90 min,Samsung Gear S,wrist,handcrafted,low,no,"points exceeding more than 20% of local average of 3 beats are excluded, then interpolation for missing data",window,no,yes,no intruders
55_S-MLP-9-1,22,55|S MLP 9/1,55,S MLP 9/1,PPG,multiple conditions,low (one day),dl,28,28,0.7075966351488701,converted EER,95.2,0.9520000000000001,0.9520000000000001,,included; accuracy missing and EER is a valid percentage,EER,0.707,converted subject-level SD,28,0,Parenthesized value is a subject-level SD; SE recovered as SD/sqrt(28).,0.9520000000000001,2.987364023883476,0.001336104412087618,0.001336104412087618,0.029238979606259187,1,0.029238979606259187,1,0,1,0,0,dl,MLP,no intruders,multiple conditions,low (one day),2 min,90 min,Samsung Gear S,wrist,handcrafted,low,no,"points exceeding more than 20% of local average of 3 beats are excluded, then interpolation for missing data",window,no,yes,no intruders
55_S-LR-9-1,23,55|S LR 9/1,55,S LR 9/1,PPG,multiple conditions,low (one day),Other algorithm,28,28,0.7075966351488701,converted EER,96.47,0.9647,0.9647,,included; accuracy missing and EER is a valid percentage,EER,0.666,converted subject-level SD,28,0,Parenthesized value is a subject-level SD; SE recovered as SD/sqrt(28).,0.9647,3.3079342082372567,0.0012586216951207265,0.0012586216951207265,0.036959682313153656,1,0.036959682313153656,1,0,1,0,0,Other algorithm,LR,no intruders,multiple conditions,low (one day),2 min,90 min,Samsung Gear S,wrist,handcrafted,low,no,"points exceeding more than 20% of local average of 3 beats are excluded, then interpolation for missing data",window,no,yes,no intruders
55_S-NB-9-1,24,55|S NB 9/1,55,S NB 9/1,PPG,multiple conditions,low (one day),Other algorithm,28,28,0.7075966351488701,converted EER,92.29,0.9229,0.9229,,included; accuracy missing and EER is a valid percentage,EER,2.11,converted subject-level SD,28,0,Parenthesized value is a subject-level SD; SE recovered as SD/sqrt(28).,0.9229,2.482417605702248,0.003987525190247347,0.003987525190247347,0.05603952114299593,1,0.05603952114299593,1,0,1,0,0,Other algorithm,NB,no intruders,multiple conditions,low (one day),2 min,90 min,Samsung Gear S,wrist,handcrafted,low,no,"points exceeding more than 20% of local average of 3 beats are excluded, then interpolation for missing data",window,no,yes,no intruders
55_S2-kNN-9-1,25,55|S2 kNN 9/1,55,S2 kNN 9/1,PPG,multiple conditions,low (one day),Other algorithm,28,28,0.7075966351488701,converted EER,69.14,0.6914,0.6914,,included; accuracy missing and EER is a valid percentage,EER,8.16,converted subject-level SD,28,0,Parenthesized value is a subject-level SD; SE recovered as SD/sqrt(28).,0.6914,0.8066725875584637,0.01542095049877647,0.01542095049877647,0.07227462485959092,1,0.07227462485959092,1,0,1,0,0,Other algorithm,kNN,no intruders,multiple conditions,low (one day),2 min,90 min,Samsung Gear S2,wrist,handcrafted,low,no,"points exceeding more than 20% of local average of 3 beats are excluded, then interpolation for missing data",window,no,yes,no intruders
55_S2-RF-9-1,26,55|S2 RF 9/1,55,S2 RF 9/1,PPG,multiple conditions,low (one day),tree,28,28,0.7075966351488701,converted EER,86.72,0.8672,0.8672,,included; accuracy missing and EER is a valid percentage,EER,6.54,converted subject-level SD,28,0,Parenthesized value is a subject-level SD; SE recovered as SD/sqrt(28).,0.8672,1.8764253936430482,0.01235943826740173,0.01235943826740173,0.10732017901577824,1,0.10732017901577824,1,0,1,0,0,tree,RF,no intruders,multiple conditions,low (one day),2 min,90 min,Samsung Gear S2,wrist,handcrafted,low,no,"points exceeding more than 20% of local average of 3 beats are excluded, then interpolation for missing data",window,no,yes,no intruders
55_S2-MLP-9-1,27,55|S2 MLP 9/1,55,S2 MLP 9/1,PPG,multiple conditions,low (one day),dl,28,28,0.7075966351488701,converted EER,78.64,0.7864,0.7864,,included; accuracy missing and EER is a valid percentage,EER,8.2,converted subject-level SD,28,0,Parenthesized value is a subject-level SD; SE recovered as SD/sqrt(28).,0.7864,1.303360461746917,0.015496543393378314,0.015496543393378314,0.09225503618500887,1,0.09225503618500887,1,0,1,0,0,dl,MLP,no intruders,multiple conditions,low (one day),2 min,90 min,Samsung Gear S2,wrist,handcrafted,low,no,"points exceeding more than 20% of local average of 3 beats are excluded, then interpolation for missing data",window,no,yes,no intruders
55_S2-LR-9-1,28,55|S2 LR 9/1,55,S2 LR 9/1,PPG,multiple conditions,low (one day),Other algorithm,28,28,0.7075966351488701,converted EER,79.14,0.7914,0.7914,,included; accuracy missing and EER is a valid percentage,EER,6.56,converted subject-level SD,28,0,Parenthesized value is a subject-level SD; SE recovered as SD/sqrt(28).,0.7914,1.3333849863846519,0.012397234714702651,0.012397234714702651,0.0750955969063323,1,0.0750955969063323,1,0,1,0,0,Other algorithm,LR,no intruders,multiple conditions,low (one day),2 min,90 min,Samsung Gear S2,wrist,handcrafted,low,no,"points exceeding more than 20% of local average of 3 beats are excluded, then interpolation for missing data",window,no,yes,no intruders
55_S2-NB-9-1,29,55|S2 NB 9/1,55,S2 NB 9/1,PPG,multiple conditions,low (one day),Other algorithm,28,28,0.7075966351488701,converted EER,81.26,0.8126000000000001,0.8126000000000001,,included; accuracy missing and EER is a valid percentage,EER,7.18,converted subject-level SD,28,0,Parenthesized value is a subject-level SD; SE recovered as SD/sqrt(28).,0.8126000000000001,1.4669936137493054,0.013568924581031256,0.013568924581031256,0.0891043741240304,1,0.0891043741240304,1,0,1,0,0,Other algorithm,NB,no intruders,multiple conditions,low (one day),2 min,90 min,Samsung Gear S2,wrist,handcrafted,low,no,"points exceeding more than 20% of local average of 3 beats are excluded, then interpolation for missing data",window,no,yes,no intruders
55_Empatica-kNN-7-3,30,55|Empatica kNN 7/3,55,Empatica kNN 7/3,PPG,multiple conditions,low (one day),Other algorithm,28,28,0.7075966351488701,converted EER,86.23,0.8623000000000001,0.8623000000000001,,included; accuracy missing and EER is a valid percentage,,,no reported uncertainty,,0,No parenthesized uncertainty was reported in the selected accuracy/EER field.,0.8623000000000001,1.8345258322236702,,,0,0,0,0,0,1,0,0,Other algorithm,kNN,no intruders,multiple conditions,low (one day),2 min,70 min,Empatica E4,wrist,handcrafted,low,no,"points exceeding more than 20% of local average of 3 beats are excluded, then interpolation for missing data",window,no,yes,no intruders
55_Empatica-RF-7-3,31,55|Empatica RF 7/3,55,Empatica RF 7/3,PPG,multiple conditions,low (one day),tree,28,28,0.7075966351488701,converted EER,88.74,0.8874,0.8874,,included; accuracy missing and EER is a valid percentage,,,no reported uncertainty,,0,No parenthesized uncertainty was reported in the selected accuracy/EER field.,0.8874,2.064454123239219,,,0,0,0,0,0,1,0,0,tree,RF,no intruders,multiple conditions,low (one day),2 min,70 min,Empatica E4,wrist,handcrafted,low,no,"points exceeding more than 20% of local average of 3 beats are excluded, then interpolation for missing data",window,no,yes,no intruders
55_Empatica-MLP-7-3,32,55|Empatica MLP 7/3,55,Empatica MLP 7/3,PPG,multiple conditions,low (one day),dl,28,28,0.7075966351488701,converted EER,85.74,0.8573999999999999,0.8573999999999999,,included; accuracy missing and EER is a valid percentage,,,no reported uncertainty,,0,No parenthesized uncertainty was reported in the selected accuracy/EER field.,0.8573999999999999,1.7938610461836808,,,0,0,0,0,0,1,0,0,dl,MLP,no intruders,multiple conditions,low (one day),2 min,70 min,Empatica E4,wrist,handcrafted,low,no,"points exceeding more than 20% of local average of 3 beats are excluded, then interpolation for missing data",window,no,yes,no intruders
55_Empatica-LR-7-3,33,55|Empatica LR 7/3,55,Empatica LR 7/3,PPG,multiple conditions,low (one day),Other algorithm,28,28,0.7075966351488701,converted EER,85.87,0.8587,0.8587,,included; accuracy missing and EER is a valid percentage,,,no reported uncertainty,,0,No parenthesized uncertainty was reported in the selected accuracy/EER field.,0.8587,1.8045343279879573,,,0,0,0,0,0,1,0,0,Other algorithm,LR,no intruders,multiple conditions,low (one day),2 min,70 min,Empatica E4,wrist,handcrafted,low,no,"points exceeding more than 20% of local average of 3 beats are excluded, then interpolation for missing data",window,no,yes,no intruders
55_Empatica-NB-7-3,34,55|Empatica NB 7/3,55,Empatica NB 7/3,PPG,multiple conditions,low (one day),Other algorithm,28,28,0.7075966351488701,converted EER,83.78999999999999,0.8378999999999999,0.8378999999999999,,included; accuracy missing and EER is a valid percentage,,,no reported uncertainty,,0,No parenthesized uncertainty was reported in the selected accuracy/EER field.,0.8378999999999999,1.6426853328776094,,,0,0,0,0,0,1,0,0,Other algorithm,NB,no intruders,multiple conditions,low (one day),2 min,70 min,Empatica E4,wrist,handcrafted,low,no,"points exceeding more than 20% of local average of 3 beats are excluded, then interpolation for missing data",window,no,yes,no intruders
55_S-kNN-7-3,35,55|S kNN 7/3,55,S kNN 7/3,PPG,multiple conditions,low (one day),Other algorithm,28,28,0.7075966351488701,converted EER,96.82,0.9682,0.9682,,included; accuracy missing and EER is a valid percentage,,,no reported uncertainty,,0,No parenthesized uncertainty was reported in the selected accuracy/EER field.,0.9682,3.415972387719461,,,0,0,0,0,0,1,0,0,Other algorithm,kNN,no intruders,multiple conditions,low (one day),2 min,70 min,Samsung Gear S,wrist,handcrafted,low,no,"points exceeding more than 20% of local average of 3 beats are excluded, then interpolation for missing data",window,no,yes,no intruders
55_S-RF-7-3,36,55|S RF 7/3,55,S RF 7/3,PPG,multiple conditions,low (one day),tree,28,28,0.7075966351488701,converted EER,95.76,0.9576,0.9576,,included; accuracy missing and EER is a valid percentage,,,no reported uncertainty,,0,No parenthesized uncertainty was reported in the selected accuracy/EER field.,0.9576,3.1172817920058513,,,0,0,0,0,0,1,0,0,tree,RF,no intruders,multiple conditions,low (one day),2 min,70 min,Samsung Gear S,wrist,handcrafted,low,no,"points exceeding more than 20% of local average of 3 beats are excluded, then interpolation for missing data",window,no,yes,no intruders
55_S-MLP-7-3,37,55|S MLP 7/3,55,S MLP 7/3,PPG,multiple conditions,low (one day),dl,28,28,0.7075966351488701,converted EER,95.76,0.9576,0.9576,,included; accuracy missing and EER is a valid percentage,,,no reported uncertainty,,0,No parenthesized uncertainty was reported in the selected accuracy/EER field.,0.9576,3.1172817920058513,,,0,0,0,0,0,1,0,0,dl,MLP,no intruders,multiple conditions,low (one day),2 min,70 min,Samsung Gear S,wrist,handcrafted,low,no,"points exceeding more than 20% of local average of 3 beats are excluded, then interpolation for missing data",window,no,yes,no intruders
55_S-LR-7-3,38,55|S LR 7/3,55,S LR 7/3,PPG,multiple conditions,low (one day),Other algorithm,28,28,0.7075966351488701,converted EER,96.2,0.9620000000000001,0.9620000000000001,,included; accuracy missing and EER is a valid percentage,,,no reported uncertainty,,0,No parenthesized uncertainty was reported in the selected accuracy/EER field.,0.9620000000000001,3.231428290939323,,,0,0,0,0,0,1,0,0,Other algorithm,LR,no intruders,multiple conditions,low (one day),2 min,70 min,Samsung Gear S,wrist,handcrafted,low,no,"points exceeding more than 20% of local average of 3 beats are excluded, then interpolation for missing data",window,no,yes,no intruders
55_S-NB-7-3,39,55|S NB 7/3,55,S NB 7/3,PPG,multiple conditions,low (one day),Other algorithm,28,28,0.7075966351488701,converted EER,96.08,0.9608,0.9608,,included; accuracy missing and EER is a valid percentage,,,no reported uncertainty,,0,No parenthesized uncertainty was reported in the selected accuracy/EER field.,0.9608,3.1990895239693566,,,0,0,0,0,0,1,0,0,Other algorithm,NB,no intruders,multiple conditions,low (one day),2 min,70 min,Samsung Gear S,wrist,handcrafted,low,no,"points exceeding more than 20% of local average of 3 beats are excluded, then interpolation for missing data",window,no,yes,no intruders
55_S2-kNN-7-3,40,55|S2 kNN 7/3,55,S2 kNN 7/3,PPG,multiple conditions,low (one day),Other algorithm,28,28,0.7075966351488701,converted EER,81.99,0.8199,0.8199,,included; accuracy missing and EER is a valid percentage,,,no reported uncertainty,,0,No parenthesized uncertainty was reported in the selected accuracy/EER field.,0.8199,1.5156701294202213,,,0,0,0,0,0,1,0,0,Other algorithm,kNN,no intruders,multiple conditions,low (one day),2 min,70 min,Samsung Gear S2,wrist,handcrafted,low,no,"points exceeding more than 20% of local average of 3 beats are excluded, then interpolation for missing data",window,no,yes,no intruders
55_S2-RF-7-3,41,55|S2 RF 7/3,55,S2 RF 7/3,PPG,multiple conditions,low (one day),tree,28,28,0.7075966351488701,converted EER,78.94,0.7894,0.7894,,included; accuracy missing and EER is a valid percentage,,,no reported uncertainty,,0,No parenthesized uncertainty was reported in the selected accuracy/EER field.,0.7894,1.3213125635288716,,,0,0,0,0,0,1,0,0,tree,RF,no intruders,multiple conditions,low (one day),2 min,70 min,Samsung Gear S2,wrist,handcrafted,low,no,"points exceeding more than 20% of local average of 3 beats are excluded, then interpolation for missing data",window,no,yes,no intruders
55_S2-MLP-7-3,42,55|S2 MLP 7/3,55,S2 MLP 7/3,PPG,multiple conditions,low (one day),dl,28,28,0.7075966351488701,converted EER,78.94,0.7894,0.7894,,included; accuracy missing and EER is a valid percentage,,,no reported uncertainty,,0,No parenthesized uncertainty was reported in the selected accuracy/EER field.,0.7894,1.3213125635288716,,,0,0,0,0,0,1,0,0,dl,MLP,no intruders,multiple conditions,low (one day),2 min,70 min,Samsung Gear S2,wrist,handcrafted,low,no,"points exceeding more than 20% of local average of 3 beats are excluded, then interpolation for missing data",window,no,yes,no intruders
55_S2-LR-7-3,43,55|S2 LR 7/3,55,S2 LR 7/3,PPG,multiple conditions,low (one day),Other algorithm,28,28,0.7075966351488701,converted EER,80.74,0.8073999999999999,0.8073999999999999,,included; accuracy missing and EER is a valid percentage,,,no reported uncertainty,,0,No parenthesized uncertainty was reported in the selected accuracy/EER field.,0.8073999999999999,1.4332037090548146,,,0,0,0,0,0,1,0,0,Other algorithm,LR,no intruders,multiple conditions,low (one day),2 min,70 min,Samsung Gear S2,wrist,handcrafted,low,no,"points exceeding more than 20% of local average of 3 beats are excluded, then interpolation for missing data",window,no,yes,no intruders
55_S2-NB-7-3,44,55|S2 NB 7/3,55,S2 NB 7/3,PPG,multiple conditions,low (one day),Other algorithm,28,28,0.7075966351488701,converted EER,80.19,0.8019,0.8019,,included; accuracy missing and EER is a valid percentage,,,no reported uncertainty,,0,No parenthesized uncertainty was reported in the selected accuracy/EER field.,0.8019,1.3982119581084773,,,0,0,0,0,0,1,0,0,Other algorithm,NB,no intruders,multiple conditions,low (one day),2 min,70 min,Samsung Gear S2,wrist,handcrafted,low,no,"points exceeding more than 20% of local average of 3 beats are excluded, then interpolation for missing data",window,no,yes,no intruders
75_SVM-AC-DCT,45,75|SVM AC/DCT,75,SVM AC/DCT,VHF,multiple conditions,low (one day),kernel,13,13,-0.5767528973640305,converted EER,92.9,0.929,0.929,,included; accuracy missing and EER is a valid percentage,EER,6.3,"fold-level SD, not usable as SE",,1,"Parenthesized values are fold-level SDs over cross-validation folds, not user-level SEs.",0.929,2.571428861772524,,,0,0,0,0,0,0,1,0,kernel,SVM,no intruders,multiple conditions,low (one day),5 s,600 s,own device,,handcrafted,medium,yes,fourth-order Butterworth filter (1–40 Hz),window,no,yes,no intruders
75_RF-AC-DCT,46,75|RF AC/DCT,75,RF AC/DCT,VHF,multiple conditions,low (one day),tree,13,13,-0.5767528973640305,converted EER,92.9,0.929,0.929,,included; accuracy missing and EER is a valid percentage,EER,5.3,"fold-level SD, not usable as SE",,1,"Parenthesized values are fold-level SDs over cross-validation folds, not user-level SEs.",0.929,2.571428861772524,,,0,0,0,0,0,0,1,0,tree,RF,no intruders,multiple conditions,low (one day),5 s,600 s,own device,,handcrafted,medium,yes,fourth-order Butterworth filter (1–40 Hz),window,no,yes,no intruders
75_XGB-AC-DCT,47,75|XGB AC/DCT,75,XGB AC/DCT,VHF,multiple conditions,low (one day),tree,13,13,-0.5767528973640305,converted EER,92.9,0.929,0.929,,included; accuracy missing and EER is a valid percentage,EER,4.7,"fold-level SD, not usable as SE",,1,"Parenthesized values are fold-level SDs over cross-validation folds, not user-level SEs.",0.929,2.571428861772524,,,0,0,0,0,0,0,1,0,tree,GBM,no intruders,multiple conditions,low (one day),5 s,600 s,own device,,handcrafted,medium,yes,fourth-order Butterworth filter (1–40 Hz),window,no,yes,no intruders
75_MLP-AC-DCT,48,75|MLP AC/DCT,75,MLP AC/DCT,VHF,multiple conditions,low (one day),dl,13,13,-0.5767528973640305,converted EER,93,0.93,0.93,,included; accuracy missing and EER is a valid percentage,EER,5.4,"fold-level SD, not usable as SE",,1,"Parenthesized values are fold-level SDs over cross-validation folds, not user-level SEs.",0.93,2.5866893440979433,,,0,0,0,0,0,0,1,0,dl,MLP,no intruders,multiple conditions,low (one day),5 s,600 s,own device,,handcrafted,medium,yes,fourth-order Butterworth filter (1–40 Hz),window,no,yes,no intruders
75_SVM-MFCC,49,75|SVM MFCC,75,SVM MFCC,VHF,multiple conditions,low (one day),kernel,13,13,-0.5767528973640305,converted EER,85.5,0.855,0.855,,included; accuracy missing and EER is a valid percentage,EER,9.6,"fold-level SD, not usable as SE",,1,"Parenthesized values are fold-level SDs over cross-validation folds, not user-level SEs.",0.855,1.7743677265161857,,,0,0,0,0,0,0,1,0,kernel,SVM,no intruders,multiple conditions,low (one day),5 s,600 s,own device,,handcrafted,medium,yes,fourth-order Butterworth filter (1–40 Hz),window,no,yes,no intruders
75_RF-MFCC,50,75|RF MFCC,75,RF MFCC,VHF,multiple conditions,low (one day),tree,13,13,-0.5767528973640305,converted EER,88.6,0.8859999999999999,0.8859999999999999,,included; accuracy missing and EER is a valid percentage,EER,6.3,"fold-level SD, not usable as SE",,1,"Parenthesized values are fold-level SDs over cross-validation folds, not user-level SEs.",0.8859999999999999,2.0505185022105845,,,0,0,0,0,0,0,1,0,tree,RF,no intruders,multiple conditions,low (one day),5 s,600 s,own device,,handcrafted,medium,yes,fourth-order Butterworth filter (1–40 Hz),window,no,yes,no intruders
75_XGB-MFCC,51,75|XGB MFCC,75,XGB MFCC,VHF,multiple conditions,low (one day),tree,13,13,-0.5767528973640305,converted EER,88.6,0.8859999999999999,0.8859999999999999,,included; accuracy missing and EER is a valid percentage,EER,6.5,"fold-level SD, not usable as SE",,1,"Parenthesized values are fold-level SDs over cross-validation folds, not user-level SEs.",0.8859999999999999,2.0505185022105845,,,0,0,0,0,0,0,1,0,tree,GBM,no intruders,multiple conditions,low (one day),5 s,600 s,own device,,handcrafted,medium,yes,fourth-order Butterworth filter (1–40 Hz),window,no,yes,no intruders
75_MLP-MFCC,52,75|MLP MFCC,75,MLP MFCC,VHF,multiple conditions,low (one day),dl,13,13,-0.5767528973640305,converted EER,87.7,0.877,0.877,,included; accuracy missing and EER is a valid percentage,EER,6.3,"fold-level SD, not usable as SE",,1,"Parenthesized values are fold-level SDs over cross-validation folds, not user-level SEs.",0.877,1.9643226369997655,,,0,0,0,0,0,0,1,0,dl,MLP,no intruders,multiple conditions,low (one day),5 s,600 s,own device,,handcrafted,medium,yes,fourth-order Butterworth filter (1–40 Hz),window,no,yes,no intruders
75_SVM-AC-DCT-MFCC,53,75|SVM AC/DCT+MFCC,75,SVM AC/DCT+MFCC,VHF,multiple conditions,low (one day),kernel,13,13,-0.5767528973640305,converted EER,93.9,0.9390000000000001,0.9390000000000001,,included; accuracy missing and EER is a valid percentage,EER,4.4,"fold-level SD, not usable as SE",,1,"Parenthesized values are fold-level SDs over cross-validation folds, not user-level SEs.",0.9390000000000001,2.7339416150349525,,,0,0,0,0,0,0,1,0,kernel,SVM,no intruders,multiple conditions,low (one day),5 s,600 s,own device,,handcrafted,medium,yes,fourth-order Butterworth filter (1–40 Hz),window,no,yes,no intruders
75_RF-AC-DCT-MFCC,54,75|RF AC/DCT+MFCC,75,RF AC/DCT+MFCC,VHF,multiple conditions,low (one day),tree,13,13,-0.5767528973640305,converted EER,93.7,0.937,0.937,,included; accuracy missing and EER is a valid percentage,EER,4.2,"fold-level SD, not usable as SE",,1,"Parenthesized values are fold-level SDs over cross-validation folds, not user-level SEs.",0.937,2.6995485558468904,,,0,0,0,0,0,0,1,0,tree,RF,no intruders,multiple conditions,low (one day),5 s,600 s,own device,,handcrafted,medium,yes,fourth-order Butterworth filter (1–40 Hz),window,no,yes,no intruders
75_XGB-AC-DCT-MFCC,55,75|XGB AC/DCT+MFCC,75,XGB AC/DCT+MFCC,VHF,multiple conditions,low (one day),tree,13,13,-0.5767528973640305,converted EER,92.4,0.924,0.924,,included; accuracy missing and EER is a valid percentage,EER,4,"fold-level SD, not usable as SE",,1,"Parenthesized values are fold-level SDs over cross-validation folds, not user-level SEs.",0.924,2.497978731355354,,,0,0,0,0,0,0,1,0,tree,GBM,no intruders,multiple conditions,low (one day),5 s,600 s,own device,,handcrafted,medium,yes,fourth-order Butterworth filter (1–40 Hz),window,no,yes,no intruders
75_MLP-AC-DCT-MFCC,56,75|MLP AC/DCT+MFCC,75,MLP AC/DCT+MFCC,VHF,multiple conditions,low (one day),dl,13,13,-0.5767528973640305,converted EER,93.7,0.937,0.937,,included; accuracy missing and EER is a valid percentage,EER,4.5,"fold-level SD, not usable as SE",,1,"Parenthesized values are fold-level SDs over cross-validation folds, not user-level SEs.",0.937,2.6995485558468904,,,0,0,0,0,0,0,1,0,dl,MLP,no intruders,multiple conditions,low (one day),5 s,600 s,own device,,handcrafted,medium,yes,fourth-order Butterworth filter (1–40 Hz),window,no,yes,no intruders
75_SVM-rr,57,75|SVM rr,75,SVM rr,VHF,one condition,low (one day),kernel,13,13,-0.5767528973640305,direct accuracy,92.3,0.9229999999999999,0.9229999999999999,,included,accuracy,6,"fold-level SD, not usable as SE",,1,"Parenthesized values are fold-level SDs over cross-validation folds, not user-level SEs.",0.9229999999999999,2.4838238126491676,,,0,0,0,0,0,0,1,0,kernel,SVM,no intruders,one condition,low (one day),5 s,300 s,own device,,handcrafted,medium,yes,fourth-order Butterworth filter (1–40 Hz),window,no,yes,no intruders
75_SVM-ww,58,75|SVM ww,75,SVM ww,VHF,one condition,low (one day),kernel,13,13,-0.5767528973640305,direct accuracy,90,0.9,0.9,,included,accuracy,7.3,"fold-level SD, not usable as SE",,1,"Parenthesized values are fold-level SDs over cross-validation folds, not user-level SEs.",0.9,2.1972245773362196,,,0,0,0,0,0,0,1,0,kernel,SVM,no intruders,one condition,low (one day),5 s,300 s,own device,,handcrafted,medium,yes,fourth-order Butterworth filter (1–40 Hz),window,no,yes,no intruders
75_SVM-rw,59,75|SVM rw,75,SVM rw,VHF,multiple conditions,low (one day),kernel,13,13,-0.5767528973640305,direct accuracy,74.4,0.7440000000000001,0.7440000000000001,,included,accuracy,12.3,"fold-level SD, not usable as SE",,1,"Parenthesized values are fold-level SDs over cross-validation folds, not user-level SEs.",0.7440000000000001,1.06686359035353,,,0,0,0,0,0,0,1,0,kernel,SVM,no intruders,multiple conditions,low (one day),5 s,600 s,own device,,handcrafted,medium,yes,fourth-order Butterworth filter (1–40 Hz),window,no,yes,no intruders
75_RF-rr,60,75|RF rr,75,RF rr,VHF,one condition,low (one day),tree,13,13,-0.5767528973640305,direct accuracy,82,0.82,0.82,,included,accuracy,9,"fold-level SD, not usable as SE",,1,"Parenthesized values are fold-level SDs over cross-validation folds, not user-level SEs.",0.82,1.5163474893680882,,,0,0,0,0,0,0,1,0,tree,RF,no intruders,one condition,low (one day),5 s,300 s,own device,,handcrafted,medium,yes,fourth-order Butterworth filter (1–40 Hz),window,no,yes,no intruders
75_RF-ww,61,75|RF ww,75,RF ww,VHF,one condition,low (one day),tree,13,13,-0.5767528973640305,direct accuracy,84.1,0.841,0.841,,included,accuracy,8.8,"fold-level SD, not usable as SE",,1,"Parenthesized values are fold-level SDs over cross-validation folds, not user-level SEs.",0.841,1.6656874577527163,,,0,0,0,0,0,0,1,0,tree,RF,no intruders,one condition,low (one day),5 s,300 s,own device,,handcrafted,medium,yes,fourth-order Butterworth filter (1–40 Hz),window,no,yes,no intruders
75_RF-rw,62,75|RF rw,75,RF rw,VHF,multiple conditions,low (one day),tree,13,13,-0.5767528973640305,direct accuracy,61.8,0.618,0.618,,included,accuracy,10.4,"fold-level SD, not usable as SE",,1,"Parenthesized values are fold-level SDs over cross-validation folds, not user-level SEs.",0.618,0.48106784885111553,,,0,0,0,0,0,0,1,0,tree,RF,no intruders,multiple conditions,low (one day),5 s,600 s,own device,,handcrafted,medium,yes,fourth-order Butterworth filter (1–40 Hz),window,no,yes,no intruders
75_XGB-rr,63,75|XGB rr,75,XGB rr,VHF,one condition,low (one day),tree,13,13,-0.5767528973640305,direct accuracy,86.1,0.861,0.861,,included,accuracy,7.6,"fold-level SD, not usable as SE",,1,"Parenthesized values are fold-level SDs over cross-validation folds, not user-level SEs.",0.861,1.823620571297039,,,0,0,0,0,0,0,1,0,tree,GBM,no intruders,one condition,low (one day),5 s,300 s,own device,,handcrafted,medium,yes,fourth-order Butterworth filter (1–40 Hz),window,no,yes,no intruders
75_XGB-ww,64,75|XGB ww,75,XGB ww,VHF,one condition,low (one day),tree,13,13,-0.5767528973640305,direct accuracy,85.5,0.855,0.855,,included,accuracy,8.3,"fold-level SD, not usable as SE",,1,"Parenthesized values are fold-level SDs over cross-validation folds, not user-level SEs.",0.855,1.7743677265161857,,,0,0,0,0,0,0,1,0,tree,GBM,no intruders,one condition,low (one day),5 s,300 s,own device,,handcrafted,medium,yes,fourth-order Butterworth filter (1–40 Hz),window,no,yes,no intruders
75_XGB-rw,65,75|XGB rw,75,XGB rw,VHF,multiple conditions,low (one day),tree,13,13,-0.5767528973640305,direct accuracy,60.3,0.603,0.603,,included,accuracy,8.6,"fold-level SD, not usable as SE",,1,"Parenthesized values are fold-level SDs over cross-validation folds, not user-level SEs.",0.603,0.41798091603999493,,,0,0,0,0,0,0,1,0,tree,GBM,no intruders,multiple conditions,low (one day),5 s,600 s,own device,,handcrafted,medium,yes,fourth-order Butterworth filter (1–40 Hz),window,no,yes,no intruders
75_MLP-rr,66,75|MLP rr,75,MLP rr,VHF,one condition,low (one day),dl,13,13,-0.5767528973640305,direct accuracy,90.8,0.9079999999999999,0.9079999999999999,,included,accuracy,6.9,"fold-level SD, not usable as SE",,1,"Parenthesized values are fold-level SDs over cross-validation folds, not user-level SEs.",0.9079999999999999,2.289455801552252,,,0,0,0,0,0,0,1,0,dl,MLP,no intruders,one condition,low (one day),5 s,300 s,own device,,handcrafted,medium,yes,fourth-order Butterworth filter (1–40 Hz),window,no,yes,no intruders
75_MLP-ww,67,75|MLP ww,75,MLP ww,VHF,one condition,low (one day),dl,13,13,-0.5767528973640305,direct accuracy,87.6,0.8759999999999999,0.8759999999999999,,included,accuracy,9,"fold-level SD, not usable as SE",,1,"Parenthesized values are fold-level SDs over cross-validation folds, not user-level SEs.",0.8759999999999999,1.9550845253313536,,,0,0,0,0,0,0,1,0,dl,MLP,no intruders,one condition,low (one day),5 s,300 s,own device,,handcrafted,medium,yes,fourth-order Butterworth filter (1–40 Hz),window,no,yes,no intruders
75_MLP-rw,68,75|MLP rw,75,MLP rw,VHF,multiple conditions,low (one day),dl,13,13,-0.5767528973640305,direct accuracy,70.2,0.7020000000000001,0.7020000000000001,,included,accuracy,14.3,"fold-level SD, not usable as SE",,1,"Parenthesized values are fold-level SDs over cross-validation folds, not user-level SEs.",0.7020000000000001,0.8568399175204071,,,0,0,0,0,0,0,1,0,dl,MLP,no intruders,multiple conditions,low (one day),5 s,600 s,own device,,handcrafted,medium,yes,fourth-order Butterworth filter (1–40 Hz),window,no,yes,no intruders
75_1D-CNN-rr,69,75|1D CNN rr,75,1D CNN rr,VHF,one condition,low (one day),dl,13,13,-0.5767528973640305,direct accuracy,91,0.91,0.91,,included,accuracy,8.2,"fold-level SD, not usable as SE",,1,"Parenthesized values are fold-level SDs over cross-validation folds, not user-level SEs.",0.91,2.313634929180631,,,0,0,0,0,0,0,1,0,dl,CNN,no intruders,one condition,low (one day),5 s,300 s,own device,,handcrafted,medium,yes,fourth-order Butterworth filter (1–40 Hz),window,no,yes,no intruders
75_1D-CNN-ww,70,75|1D CNN ww,75,1D CNN ww,VHF,one condition,low (one day),dl,13,13,-0.5767528973640305,direct accuracy,82.6,0.826,0.826,,included,accuracy,10.9,"fold-level SD, not usable as SE",,1,"Parenthesized values are fold-level SDs over cross-validation folds, not user-level SEs.",0.826,1.5575394743064488,,,0,0,0,0,0,0,1,0,dl,CNN,no intruders,one condition,low (one day),5 s,300 s,own device,,handcrafted,medium,yes,fourth-order Butterworth filter (1–40 Hz),window,no,yes,no intruders
75_1D-CNN-rw,71,75|1D CNN rw,75,1D CNN rw,VHF,multiple conditions,low (one day),dl,13,13,-0.5767528973640305,direct accuracy,70.6,0.706,0.706,,included,accuracy,13.9,"fold-level SD, not usable as SE",,1,"Parenthesized values are fold-level SDs over cross-validation folds, not user-level SEs.",0.706,0.8760354701545602,,,0,0,0,0,0,0,1,0,dl,CNN,no intruders,multiple conditions,low (one day),5 s,600 s,own device,,handcrafted,medium,yes,fourth-order Butterworth filter (1–40 Hz),window,no,yes,no intruders
147_Right-Hand-Vertical-Sit,72,147|Right Hand Vertical Sit,147,Right Hand Vertical Sit,SCG,one condition,low (one day),kernel,20,20,0.14435772006360537,converted EER,55,0.55,0.55,,included; accuracy missing and EER is a valid percentage,,,no reported uncertainty,,0,No parenthesized uncertainty was reported in the selected accuracy/EER field.,0.55,0.2006706954621514,,,0,0,0,0,0,0,1,0,kernel,SVM,no intruders,one condition,low (one day),1 sec,126 sec,own device,wrist,handcrafted,,no,"Savitzky-Golay filter for low frequency noise, sixth-order Butterworth lowpass filter for high-frequency noise, common average referencing (CAR), data smoothing via interpolation with spline cubic curves at 750Hz",window,yes,yes,no intruders
147_Right-Hand-Horizontal-Sit,73,147|Right Hand Horizontal Sit,147,Right Hand Horizontal Sit,SCG,one condition,low (one day),kernel,20,20,0.14435772006360537,converted EER,51,0.51,0.51,,included; accuracy missing and EER is a valid percentage,,,no reported uncertainty,,0,No parenthesized uncertainty was reported in the selected accuracy/EER field.,0.51,0.040005334613699206,,,0,0,0,0,0,0,1,0,kernel,SVM,no intruders,one condition,low (one day),1 sec,126 sec,own device,wrist,handcrafted,,no,"Savitzky-Golay filter for low frequency noise, sixth-order Butterworth lowpass filter for high-frequency noise, common average referencing (CAR), data smoothing via interpolation with spline cubic curves at 750Hz",window,yes,yes,no intruders
147_Right-Hand-Dorsal-Ventral-Sit,74,147|Right Hand Dorsal-Ventral Sit,147,Right Hand Dorsal-Ventral Sit,SCG,one condition,low (one day),kernel,20,20,0.14435772006360537,converted EER,51,0.51,0.51,,included; accuracy missing and EER is a valid percentage,,,no reported uncertainty,,0,No parenthesized uncertainty was reported in the selected accuracy/EER field.,0.51,0.040005334613699206,,,0,0,0,0,0,0,1,0,kernel,SVM,no intruders,one condition,low (one day),1 sec,126 sec,own device,wrist,handcrafted,,no,"Savitzky-Golay filter for low frequency noise, sixth-order Butterworth lowpass filter for high-frequency noise, common average referencing (CAR), data smoothing via interpolation with spline cubic curves at 750Hz",window,yes,yes,no intruders
147_Left-Hand-Vertical-Sit,75,147|Left Hand Vertical Sit,147,Left Hand Vertical Sit,SCG,one condition,low (one day),kernel,20,20,0.14435772006360537,converted EER,53,0.53,0.53,,included; accuracy missing and EER is a valid percentage,,,no reported uncertainty,,0,No parenthesized uncertainty was reported in the selected accuracy/EER field.,0.53,0.12014431184206341,,,0,0,0,0,0,0,1,0,kernel,SVM,no intruders,one condition,low (one day),1 sec,126 sec,own device,wrist,handcrafted,,no,"Savitzky-Golay filter for low frequency noise, sixth-order Butterworth lowpass filter for high-frequency noise, common average referencing (CAR), data smoothing via interpolation with spline cubic curves at 750Hz",window,yes,yes,no intruders
147_Left-Hand-Horizontal-Sit,76,147|Left Hand Horizontal Sit,147,Left Hand Horizontal Sit,SCG,one condition,low (one day),kernel,20,20,0.14435772006360537,converted EER,52,0.52,0.52,,included; accuracy missing and EER is a valid percentage,,,no reported uncertainty,,0,No parenthesized uncertainty was reported in the selected accuracy/EER field.,0.52,0.08004270767353656,,,0,0,0,0,0,0,1,0,kernel,SVM,no intruders,one condition,low (one day),1 sec,126 sec,own device,wrist,handcrafted,,no,"Savitzky-Golay filter for low frequency noise, sixth-order Butterworth lowpass filter for high-frequency noise, common average referencing (CAR), data smoothing via interpolation with spline cubic curves at 750Hz",window,yes,yes,no intruders
147_Left-Hand-Dorsal-Ventral-Sit,77,147|Left Hand Dorsal-Ventral Sit,147,Left Hand Dorsal-Ventral Sit,SCG,one condition,low (one day),kernel,20,20,0.14435772006360537,converted EER,54,0.54,0.54,,included; accuracy missing and EER is a valid percentage,,,no reported uncertainty,,0,No parenthesized uncertainty was reported in the selected accuracy/EER field.,0.54,0.16034265007517948,,,0,0,0,0,0,0,1,0,kernel,SVM,no intruders,one condition,low (one day),1 sec,126 sec,own device,wrist,handcrafted,,no,"Savitzky-Golay filter for low frequency noise, sixth-order Butterworth lowpass filter for high-frequency noise, common average referencing (CAR), data smoothing via interpolation with spline cubic curves at 750Hz",window,yes,yes,no intruders
147_Left-Carotid-Vertical-Sit,78,147|Left Carotid Vertical Sit,147,Left Carotid Vertical Sit,SCG,one condition,low (one day),kernel,20,20,0.14435772006360537,converted EER,57,0.57,0.57,,included; accuracy missing and EER is a valid percentage,,,no reported uncertainty,,0,No parenthesized uncertainty was reported in the selected accuracy/EER field.,0.57,0.2818511521409875,,,0,0,0,0,0,0,1,0,kernel,SVM,no intruders,one condition,low (one day),1 sec,126 sec,own device,neck,handcrafted,,no,"Savitzky-Golay filter for low frequency noise, sixth-order Butterworth lowpass filter for high-frequency noise, common average referencing (CAR), data smoothing via interpolation with spline cubic curves at 750Hz",window,yes,yes,no intruders
147_Left-Carotid-Horizontal-Sit,79,147|Left Carotid Horizontal Sit,147,Left Carotid Horizontal Sit,SCG,one condition,low (one day),kernel,20,20,0.14435772006360537,converted EER,57,0.57,0.57,,included; accuracy missing and EER is a valid percentage,,,no reported uncertainty,,0,No parenthesized uncertainty was reported in the selected accuracy/EER field.,0.57,0.2818511521409875,,,0,0,0,0,0,0,1,0,kernel,SVM,no intruders,one condition,low (one day),1 sec,126 sec,own device,neck,handcrafted,,no,"Savitzky-Golay filter for low frequency noise, sixth-order Butterworth lowpass filter for high-frequency noise, common average referencing (CAR), data smoothing via interpolation with spline cubic curves at 750Hz",window,yes,yes,no intruders
147_Left-Carotid-Dorsal-Ventral-Sit,80,147|Left Carotid Dorsal-Ventral Sit,147,Left Carotid Dorsal-Ventral Sit,SCG,one condition,low (one day),kernel,20,20,0.14435772006360537,converted EER,54,0.54,0.54,,included; accuracy missing and EER is a valid percentage,,,no reported uncertainty,,0,No parenthesized uncertainty was reported in the selected accuracy/EER field.,0.54,0.16034265007517948,,,0,0,0,0,0,0,1,0,kernel,SVM,no intruders,one condition,low (one day),1 sec,126 sec,own device,neck,handcrafted,,no,"Savitzky-Golay filter for low frequency noise, sixth-order Butterworth lowpass filter for high-frequency noise, common average referencing (CAR), data smoothing via interpolation with spline cubic curves at 750Hz",window,yes,yes,no intruders
147_Heart-Vertical-Sit,81,147|Heart Vertical Sit,147,Heart Vertical Sit,SCG,one condition,low (one day),kernel,20,20,0.14435772006360537,converted EER,72,0.72,0.72,,included; accuracy missing and EER is a valid percentage,,,no reported uncertainty,,0,No parenthesized uncertainty was reported in the selected accuracy/EER field.,0.72,0.9444616088408513,,,0,0,0,0,0,0,1,0,kernel,SVM,no intruders,one condition,low (one day),1 sec,126 sec,own device,chest/torso,handcrafted,,no,"Savitzky-Golay filter for low frequency noise, sixth-order Butterworth lowpass filter for high-frequency noise, common average referencing (CAR), data smoothing via interpolation with spline cubic curves at 750Hz",window,yes,yes,no intruders
147_Heart-Horizontal-Sit,82,147|Heart Horizontal Sit,147,Heart Horizontal Sit,SCG,one condition,low (one day),kernel,20,20,0.14435772006360537,converted EER,63,0.63,0.63,,included; accuracy missing and EER is a valid percentage,,,no reported uncertainty,,0,No parenthesized uncertainty was reported in the selected accuracy/EER field.,0.63,0.5322168137473082,,,0,0,0,0,0,0,1,0,kernel,SVM,no intruders,one condition,low (one day),1 sec,126 sec,own device,chest/torso,handcrafted,,no,"Savitzky-Golay filter for low frequency noise, sixth-order Butterworth lowpass filter for high-frequency noise, common average referencing (CAR), data smoothing via interpolation with spline cubic curves at 750Hz",window,yes,yes,no intruders
147_Heart-Dorsal-Ventral-Sit,83,147|Heart Dorsal-Ventral Sit,147,Heart Dorsal-Ventral Sit,SCG,one condition,low (one day),kernel,20,20,0.14435772006360537,converted EER,67,0.67,0.67,,included; accuracy missing and EER is a valid percentage,,,no reported uncertainty,,0,No parenthesized uncertainty was reported in the selected accuracy/EER field.,0.67,0.708185057924486,,,0,0,0,0,0,0,1,0,kernel,SVM,no intruders,one condition,low (one day),1 sec,126 sec,own device,chest/torso,handcrafted,,no,"Savitzky-Golay filter for low frequency noise, sixth-order Butterworth lowpass filter for high-frequency noise, common average referencing (CAR), data smoothing via interpolation with spline cubic curves at 750Hz",window,yes,yes,no intruders
147_Sternum-Vertical-Sit,84,147|Sternum Vertical Sit,147,Sternum Vertical Sit,SCG,one condition,low (one day),kernel,20,20,0.14435772006360537,converted EER,73,0.73,0.73,,included; accuracy missing and EER is a valid percentage,,,no reported uncertainty,,0,No parenthesized uncertainty was reported in the selected accuracy/EER field.,0.73,0.9946225751440619,,,0,0,0,0,0,0,1,0,kernel,SVM,no intruders,one condition,low (one day),1 sec,126 sec,own device,chest/torso,handcrafted,,no,"Savitzky-Golay filter for low frequency noise, sixth-order Butterworth lowpass filter for high-frequency noise, common average referencing (CAR), data smoothing via interpolation with spline cubic curves at 750Hz",window,yes,yes,no intruders
147_Sternum-Horizontal-Sit,85,147|Sternum Horizontal Sit,147,Sternum Horizontal Sit,SCG,one condition,low (one day),kernel,20,20,0.14435772006360537,converted EER,64,0.64,0.64,,included; accuracy missing and EER is a valid percentage,,,no reported uncertainty,,0,No parenthesized uncertainty was reported in the selected accuracy/EER field.,0.64,0.5753641449035619,,,0,0,0,0,0,0,1,0,kernel,SVM,no intruders,one condition,low (one day),1 sec,126 sec,own device,chest/torso,handcrafted,,no,"Savitzky-Golay filter for low frequency noise, sixth-order Butterworth lowpass filter for high-frequency noise, common average referencing (CAR), data smoothing via interpolation with spline cubic curves at 750Hz",window,yes,yes,no intruders
147_Sternum-Dorsal-Ventral-Sit,86,147|Sternum Dorsal-Ventral Sit,147,Sternum Dorsal-Ventral Sit,SCG,one condition,low (one day),kernel,20,20,0.14435772006360537,converted EER,68,0.68,0.68,,included; accuracy missing and EER is a valid percentage,,,no reported uncertainty,,0,No parenthesized uncertainty was reported in the selected accuracy/EER field.,0.68,0.7537718023763803,,,0,0,0,0,0,0,1,0,kernel,SVM,no intruders,one condition,low (one day),1 sec,126 sec,own device,chest/torso,handcrafted,,no,"Savitzky-Golay filter for low frequency noise, sixth-order Butterworth lowpass filter for high-frequency noise, common average referencing (CAR), data smoothing via interpolation with spline cubic curves at 750Hz",window,yes,yes,no intruders
147_Right-Hand-Vertical-Resilient-Sit,87,147|Right Hand Vertical Resilient Sit,147,Right Hand Vertical Resilient Sit,SCG,one condition,low (one day),kernel,20,20,0.14435772006360537,converted EER,86,0.86,0.86,,included; accuracy missing and EER is a valid percentage,,,no reported uncertainty,,0,No parenthesized uncertainty was reported in the selected accuracy/EER field.,0.86,1.815289966638249,,,0,0,0,0,0,0,1,0,kernel,SVM,no intruders,one condition,low (one day),1 sec,126 sec,own device,wrist,handcrafted,,no,"Savitzky-Golay filter for low frequency noise, sixth-order Butterworth lowpass filter for high-frequency noise; removal of motion artifacts by averaging 5 consecutive data samples, common average referencing (CAR), data smoothing via interpolation with spline cubic curves at 750Hz",window,yes,yes,no intruders
147_Right-Hand-Horizontal-Resilient-Sit,88,147|Right Hand Horizontal Resilient Sit,147,Right Hand Horizontal Resilient Sit,SCG,one condition,low (one day),kernel,20,20,0.14435772006360537,converted EER,83,0.83,0.83,,included; accuracy missing and EER is a valid percentage,,,no reported uncertainty,,0,No parenthesized uncertainty was reported in the selected accuracy/EER field.,0.83,1.5856272637403817,,,0,0,0,0,0,0,1,0,kernel,SVM,no intruders,one condition,low (one day),1 sec,126 sec,own device,wrist,handcrafted,,no,"Savitzky-Golay filter for low frequency noise, sixth-order Butterworth lowpass filter for high-frequency noise; removal of motion artifacts by averaging 5 consecutive data samples, common average referencing (CAR), data smoothing via interpolation with spline cubic curves at 750Hz",window,yes,yes,no intruders
147_Right-Hand-Dorsal-Ventral-Resilient-Sit,89,147|Right Hand Dorsal-Ventral Resilient Sit,147,Right Hand Dorsal-Ventral Resilient Sit,SCG,one condition,low (one day),kernel,20,20,0.14435772006360537,converted EER,82,0.82,0.82,,included; accuracy missing and EER is a valid percentage,,,no reported uncertainty,,0,No parenthesized uncertainty was reported in the selected accuracy/EER field.,0.82,1.5163474893680882,,,0,0,0,0,0,0,1,0,kernel,SVM,no intruders,one condition,low (one day),1 sec,126 sec,own device,wrist,handcrafted,,no,"Savitzky-Golay filter for low frequency noise, sixth-order Butterworth lowpass filter for high-frequency noise; removal of motion artifacts by averaging 5 consecutive data samples, common average referencing (CAR), data smoothing via interpolation with spline cubic curves at 750Hz",window,yes,yes,no intruders
147_Left-Hand-Vertical-Resilient-Sit,90,147|Left Hand Vertical Resilient Sit,147,Left Hand Vertical Resilient Sit,SCG,one condition,low (one day),kernel,20,20,0.14435772006360537,converted EER,84,0.84,0.84,,included; accuracy missing and EER is a valid percentage,,,no reported uncertainty,,0,No parenthesized uncertainty was reported in the selected accuracy/EER field.,0.84,1.6582280766035322,,,0,0,0,0,0,0,1,0,kernel,SVM,no intruders,one condition,low (one day),1 sec,126 sec,own device,wrist,handcrafted,,no,"Savitzky-Golay filter for low frequency noise, sixth-order Butterworth lowpass filter for high-frequency noise; removal of motion artifacts by averaging 5 consecutive data samples, common average referencing (CAR), data smoothing via interpolation with spline cubic curves at 750Hz",window,yes,yes,no intruders
147_Left-Hand-Horizontal-Resilient-Sit,91,147|Left Hand Horizontal Resilient Sit,147,Left Hand Horizontal Resilient Sit,SCG,one condition,low (one day),kernel,20,20,0.14435772006360537,converted EER,83,0.83,0.83,,included; accuracy missing and EER is a valid percentage,,,no reported uncertainty,,0,No parenthesized uncertainty was reported in the selected accuracy/EER field.,0.83,1.5856272637403817,,,0,0,0,0,0,0,1,0,kernel,SVM,no intruders,one condition,low (one day),1 sec,126 sec,own device,wrist,handcrafted,,no,"Savitzky-Golay filter for low frequency noise, sixth-order Butterworth lowpass filter for high-frequency noise; removal of motion artifacts by averaging 5 consecutive data samples, common average referencing (CAR), data smoothing via interpolation with spline cubic curves at 750Hz",window,yes,yes,no intruders
147_Left-Hand-Dorsal-Ventral-Resilient-Sit,92,147|Left Hand Dorsal-Ventral Resilient Sit,147,Left Hand Dorsal-Ventral Resilient Sit,SCG,one condition,low (one day),kernel,20,20,0.14435772006360537,converted EER,87,0.87,0.87,,included; accuracy missing and EER is a valid percentage,,,no reported uncertainty,,0,No parenthesized uncertainty was reported in the selected accuracy/EER field.,0.87,1.900958761193047,,,0,0,0,0,0,0,1,0,kernel,SVM,no intruders,one condition,low (one day),1 sec,126 sec,own device,wrist,handcrafted,,no,"Savitzky-Golay filter for low frequency noise, sixth-order Butterworth lowpass filter for high-frequency noise; removal of motion artifacts by averaging 5 consecutive data samples, common average referencing (CAR), data smoothing via interpolation with spline cubic curves at 750Hz",window,yes,yes,no intruders
147_Left-Carotid-Vertical-Resilient-Sit,93,147|Left Carotid Vertical Resilient Sit,147,Left Carotid Vertical Resilient Sit,SCG,one condition,low (one day),kernel,20,20,0.14435772006360537,converted EER,91,0.91,0.91,,included; accuracy missing and EER is a valid percentage,,,no reported uncertainty,,0,No parenthesized uncertainty was reported in the selected accuracy/EER field.,0.91,2.313634929180631,,,0,0,0,0,0,0,1,0,kernel,SVM,no intruders,one condition,low (one day),1 sec,126 sec,own device,neck,handcrafted,,no,"Savitzky-Golay filter for low frequency noise, sixth-order Butterworth lowpass filter for high-frequency noise; removal of motion artifacts by averaging 5 consecutive data samples, common average referencing (CAR), data smoothing via interpolation with spline cubic curves at 750Hz",window,yes,yes,no intruders
147_Left-Carotid-Horizontal-Resilient-Sit,94,147|Left Carotid Horizontal Resilient Sit,147,Left Carotid Horizontal Resilient Sit,SCG,one condition,low (one day),kernel,20,20,0.14435772006360537,converted EER,87,0.87,0.87,,included; accuracy missing and EER is a valid percentage,,,no reported uncertainty,,0,No parenthesized uncertainty was reported in the selected accuracy/EER field.,0.87,1.900958761193047,,,0,0,0,0,0,0,1,0,kernel,SVM,no intruders,one condition,low (one day),1 sec,126 sec,own device,neck,handcrafted,,no,"Savitzky-Golay filter for low frequency noise, sixth-order Butterworth lowpass filter for high-frequency noise; removal of motion artifacts by averaging 5 consecutive data samples, common average referencing (CAR), data smoothing via interpolation with spline cubic curves at 750Hz",window,yes,yes,no intruders
147_Left-Carotid-Dorsal-Ventral-Resilient-Sit,95,147|Left Carotid Dorsal-Ventral Resilient Sit,147,Left Carotid Dorsal-Ventral Resilient Sit,SCG,one condition,low (one day),kernel,20,20,0.14435772006360537,converted EER,88,0.88,0.88,,included; accuracy missing and EER is a valid percentage,,,no reported uncertainty,,0,No parenthesized uncertainty was reported in the selected accuracy/EER field.,0.88,1.9924301646902063,,,0,0,0,0,0,0,1,0,kernel,SVM,no intruders,one condition,low (one day),1 sec,126 sec,own device,neck,handcrafted,,no,"Savitzky-Golay filter for low frequency noise, sixth-order Butterworth lowpass filter for high-frequency noise; removal of motion artifacts by averaging 5 consecutive data samples, common average referencing (CAR), data smoothing via interpolation with spline cubic curves at 750Hz",window,yes,yes,no intruders
147_Heart-Vertical-Resilient-Sit,96,147|Heart Vertical Resilient Sit,147,Heart Vertical Resilient Sit,SCG,one condition,low (one day),kernel,20,20,0.14435772006360537,converted EER,99,0.99,0.99,,included; accuracy missing and EER is a valid percentage,,,no reported uncertainty,,0,No parenthesized uncertainty was reported in the selected accuracy/EER field.,0.99,4.595119850134589,,,0,0,0,0,0,0,1,0,kernel,SVM,no intruders,one condition,low (one day),1 sec,126 sec,own device,chest/torso,handcrafted,,no,"Savitzky-Golay filter for low frequency noise, sixth-order Butterworth lowpass filter for high-frequency noise; removal of motion artifacts by averaging 5 consecutive data samples, common average referencing (CAR), data smoothing via interpolation with spline cubic curves at 750Hz",window,yes,yes,no intruders
147_Heart-Horizontal-Resilient-Sit,97,147|Heart Horizontal Resilient Sit,147,Heart Horizontal Resilient Sit,SCG,one condition,low (one day),kernel,20,20,0.14435772006360537,converted EER,95,0.95,0.95,,included; accuracy missing and EER is a valid percentage,,,no reported uncertainty,,0,No parenthesized uncertainty was reported in the selected accuracy/EER field.,0.95,2.9444389791664394,,,0,0,0,0,0,0,1,0,kernel,SVM,no intruders,one condition,low (one day),1 sec,126 sec,own device,chest/torso,handcrafted,,no,"Savitzky-Golay filter for low frequency noise, sixth-order Butterworth lowpass filter for high-frequency noise; removal of motion artifacts by averaging 5 consecutive data samples, common average referencing (CAR), data smoothing via interpolation with spline cubic curves at 750Hz",window,yes,yes,no intruders
147_Heart-Dorsal-Ventral-Resilient-Sit,98,147|Heart Dorsal-Ventral Resilient Sit,147,Heart Dorsal-Ventral Resilient Sit,SCG,one condition,low (one day),kernel,20,20,0.14435772006360537,converted EER,98,0.98,0.98,,included; accuracy missing and EER is a valid percentage,,,no reported uncertainty,,0,No parenthesized uncertainty was reported in the selected accuracy/EER field.,0.98,3.8918202981106256,,,0,0,0,0,0,0,1,0,kernel,SVM,no intruders,one condition,low (one day),1 sec,126 sec,own device,chest/torso,handcrafted,,no,"Savitzky-Golay filter for low frequency noise, sixth-order Butterworth lowpass filter for high-frequency noise; removal of motion artifacts by averaging 5 consecutive data samples, common average referencing (CAR), data smoothing via interpolation with spline cubic curves at 750Hz",window,yes,yes,no intruders
147_Sternum-Vertical-Resilient-Sit,99,147|Sternum Vertical Resilient Sit,147,Sternum Vertical Resilient Sit,SCG,one condition,low (one day),kernel,20,20,0.14435772006360537,converted EER,99,0.99,0.99,,included; accuracy missing and EER is a valid percentage,,,no reported uncertainty,,0,No parenthesized uncertainty was reported in the selected accuracy/EER field.,0.99,4.595119850134589,,,0,0,0,0,0,0,1,0,kernel,SVM,no intruders,one condition,low (one day),1 sec,126 sec,own device,chest/torso,handcrafted,,no,"Savitzky-Golay filter for low frequency noise, sixth-order Butterworth lowpass filter for high-frequency noise; removal of motion artifacts by averaging 5 consecutive data samples, common average referencing (CAR), data smoothing via interpolation with spline cubic curves at 750Hz",window,yes,yes,no intruders
147_Sternum-Horizontal-Resilient-Sit,100,147|Sternum Horizontal Resilient Sit,147,Sternum Horizontal Resilient Sit,SCG,one condition,low (one day),kernel,20,20,0.14435772006360537,converted EER,96,0.96,0.96,,included; accuracy missing and EER is a valid percentage,,,no reported uncertainty,,0,No parenthesized uncertainty was reported in the selected accuracy/EER field.,0.96,3.178053830347945,,,0,0,0,0,0,0,1,0,kernel,SVM,no intruders,one condition,low (one day),1 sec,126 sec,own device,chest/torso,handcrafted,,no,"Savitzky-Golay filter for low frequency noise, sixth-order Butterworth lowpass filter for high-frequency noise; removal of motion artifacts by averaging 5 consecutive data samples, common average referencing (CAR), data smoothing via interpolation with spline cubic curves at 750Hz",window,yes,yes,no intruders
147_Sternum-Dorsal-Ventral-Resilient-Sit,101,147|Sternum Dorsal-Ventral Resilient Sit,147,Sternum Dorsal-Ventral Resilient Sit,SCG,one condition,low (one day),kernel,20,20,0.14435772006360537,converted EER,99,0.99,0.99,,included; accuracy missing and EER is a valid percentage,,,no reported uncertainty,,0,No parenthesized uncertainty was reported in the selected accuracy/EER field.,0.99,4.595119850134589,,,0,0,0,0,0,0,1,0,kernel,SVM,no intruders,one condition,low (one day),1 sec,126 sec,own device,chest/torso,handcrafted,,no,"Savitzky-Golay filter for low frequency noise, sixth-order Butterworth lowpass filter for high-frequency noise; removal of motion artifacts by averaging 5 consecutive data samples, common average referencing (CAR), data smoothing via interpolation with spline cubic curves at 750Hz",window,yes,yes,no intruders
147_Right-Hand-Vertical-Stand,102,147|Right Hand Vertical Stand,147,Right Hand Vertical Stand,SCG,one condition,low (one day),kernel,20,20,0.14435772006360537,converted EER,53,0.53,0.53,,included; accuracy missing and EER is a valid percentage,,,no reported uncertainty,,0,No parenthesized uncertainty was reported in the selected accuracy/EER field.,0.53,0.12014431184206341,,,0,0,0,0,0,0,1,0,kernel,SVM,no intruders,one condition,low (one day),1 sec,126 sec,own device,wrist,handcrafted,,no,"Savitzky-Golay filter for low frequency noise, sixth-order Butterworth lowpass filter for high-frequency noise, common average referencing (CAR), data smoothing via interpolation with spline cubic curves at 750Hz",window,yes,yes,no intruders
147_Right-Hand-Horizontal-Stand,103,147|Right Hand Horizontal Stand,147,Right Hand Horizontal Stand,SCG,one condition,low (one day),kernel,20,20,0.14435772006360537,converted EER,53,0.53,0.53,,included; accuracy missing and EER is a valid percentage,,,no reported uncertainty,,0,No parenthesized uncertainty was reported in the selected accuracy/EER field.,0.53,0.12014431184206341,,,0,0,0,0,0,0,1,0,kernel,SVM,no intruders,one condition,low (one day),1 sec,126 sec,own device,wrist,handcrafted,,no,"Savitzky-Golay filter for low frequency noise, sixth-order Butterworth lowpass filter for high-frequency noise, common average referencing (CAR), data smoothing via interpolation with spline cubic curves at 750Hz",window,yes,yes,no intruders
147_Right-Hand-Dorsal-Ventral-Stand,104,147|Right Hand Dorsal-Ventral Stand,147,Right Hand Dorsal-Ventral Stand,SCG,one condition,low (one day),kernel,20,20,0.14435772006360537,converted EER,53,0.53,0.53,,included; accuracy missing and EER is a valid percentage,,,no reported uncertainty,,0,No parenthesized uncertainty was reported in the selected accuracy/EER field.,0.53,0.12014431184206341,,,0,0,0,0,0,0,1,0,kernel,SVM,no intruders,one condition,low (one day),1 sec,126 sec,own device,wrist,handcrafted,,no,"Savitzky-Golay filter for low frequency noise, sixth-order Butterworth lowpass filter for high-frequency noise, common average referencing (CAR), data smoothing via interpolation with spline cubic curves at 750Hz",window,yes,yes,no intruders
147_Left-Hand-Vertical-Stand,105,147|Left Hand Vertical Stand,147,Left Hand Vertical Stand,SCG,one condition,low (one day),kernel,20,20,0.14435772006360537,converted EER,53,0.53,0.53,,included; accuracy missing and EER is a valid percentage,,,no reported uncertainty,,0,No parenthesized uncertainty was reported in the selected accuracy/EER field.,0.53,0.12014431184206341,,,0,0,0,0,0,0,1,0,kernel,SVM,no intruders,one condition,low (one day),1 sec,126 sec,own device,wrist,handcrafted,,no,"Savitzky-Golay filter for low frequency noise, sixth-order Butterworth lowpass filter for high-frequency noise, common average referencing (CAR), data smoothing via interpolation with spline cubic curves at 750Hz",window,yes,yes,no intruders
147_Left-Hand-Horizontal-Stand,106,147|Left Hand Horizontal Stand,147,Left Hand Horizontal Stand,SCG,one condition,low (one day),kernel,20,20,0.14435772006360537,converted EER,52,0.52,0.52,,included; accuracy missing and EER is a valid percentage,,,no reported uncertainty,,0,No parenthesized uncertainty was reported in the selected accuracy/EER field.,0.52,0.08004270767353656,,,0,0,0,0,0,0,1,0,kernel,SVM,no intruders,one condition,low (one day),1 sec,126 sec,own device,wrist,handcrafted,,no,"Savitzky-Golay filter for low frequency noise, sixth-order Butterworth lowpass filter for high-frequency noise, common average referencing (CAR), data smoothing via interpolation with spline cubic curves at 750Hz",window,yes,yes,no intruders
147_Left-Hand-Dorsal-Ventral-Stand,107,147|Left Hand Dorsal-Ventral Stand,147,Left Hand Dorsal-Ventral Stand,SCG,one condition,low (one day),kernel,20,20,0.14435772006360537,converted EER,53,0.53,0.53,,included; accuracy missing and EER is a valid percentage,,,no reported uncertainty,,0,No parenthesized uncertainty was reported in the selected accuracy/EER field.,0.53,0.12014431184206341,,,0,0,0,0,0,0,1,0,kernel,SVM,no intruders,one condition,low (one day),1 sec,126 sec,own device,wrist,handcrafted,,no,"Savitzky-Golay filter for low frequency noise, sixth-order Butterworth lowpass filter for high-frequency noise, common average referencing (CAR), data smoothing via interpolation with spline cubic curves at 750Hz",window,yes,yes,no intruders
147_Left-Carotid-Vertical-Stand,108,147|Left Carotid Vertical Stand,147,Left Carotid Vertical Stand,SCG,one condition,low (one day),kernel,20,20,0.14435772006360537,converted EER,60,0.6,0.6,,included; accuracy missing and EER is a valid percentage,,,no reported uncertainty,,0,No parenthesized uncertainty was reported in the selected accuracy/EER field.,0.6,0.4054651081081642,,,0,0,0,0,0,0,1,0,kernel,SVM,no intruders,one condition,low (one day),1 sec,126 sec,own device,neck,handcrafted,,no,"Savitzky-Golay filter for low frequency noise, sixth-order Butterworth lowpass filter for high-frequency noise, common average referencing (CAR), data smoothing via interpolation with spline cubic curves at 750Hz",window,yes,yes,no intruders
147_Left-Carotid-Horizontal-Stand,109,147|Left Carotid Horizontal Stand,147,Left Carotid Horizontal Stand,SCG,one condition,low (one day),kernel,20,20,0.14435772006360537,converted EER,53,0.53,0.53,,included; accuracy missing and EER is a valid percentage,,,no reported uncertainty,,0,No parenthesized uncertainty was reported in the selected accuracy/EER field.,0.53,0.12014431184206341,,,0,0,0,0,0,0,1,0,kernel,SVM,no intruders,one condition,low (one day),1 sec,126 sec,own device,neck,handcrafted,,no,"Savitzky-Golay filter for low frequency noise, sixth-order Butterworth lowpass filter for high-frequency noise, common average referencing (CAR), data smoothing via interpolation with spline cubic curves at 750Hz",window,yes,yes,no intruders
147_Left-Carotid-Dorsal-Ventral-Stand,110,147|Left Carotid Dorsal-Ventral Stand,147,Left Carotid Dorsal-Ventral Stand,SCG,one condition,low (one day),kernel,20,20,0.14435772006360537,converted EER,55,0.55,0.55,,included; accuracy missing and EER is a valid percentage,,,no reported uncertainty,,0,No parenthesized uncertainty was reported in the selected accuracy/EER field.,0.55,0.2006706954621514,,,0,0,0,0,0,0,1,0,kernel,SVM,no intruders,one condition,low (one day),1 sec,126 sec,own device,neck,handcrafted,,no,"Savitzky-Golay filter for low frequency noise, sixth-order Butterworth lowpass filter for high-frequency noise, common average referencing (CAR), data smoothing via interpolation with spline cubic curves at 750Hz",window,yes,yes,no intruders
147_Heart-Vertical-Stand,111,147|Heart Vertical Stand,147,Heart Vertical Stand,SCG,one condition,low (one day),kernel,20,20,0.14435772006360537,converted EER,72,0.72,0.72,,included; accuracy missing and EER is a valid percentage,,,no reported uncertainty,,0,No parenthesized uncertainty was reported in the selected accuracy/EER field.,0.72,0.9444616088408513,,,0,0,0,0,0,0,1,0,kernel,SVM,no intruders,one condition,low (one day),1 sec,126 sec,own device,chest/torso,handcrafted,,no,"Savitzky-Golay filter for low frequency noise, sixth-order Butterworth lowpass filter for high-frequency noise, common average referencing (CAR), data smoothing via interpolation with spline cubic curves at 750Hz",window,yes,yes,no intruders
147_Heart-Horizontal-Stand,112,147|Heart Horizontal Stand,147,Heart Horizontal Stand,SCG,one condition,low (one day),kernel,20,20,0.14435772006360537,converted EER,65,0.65,0.65,,included; accuracy missing and EER is a valid percentage,,,no reported uncertainty,,0,No parenthesized uncertainty was reported in the selected accuracy/EER field.,0.65,0.6190392084062236,,,0,0,0,0,0,0,1,0,kernel,SVM,no intruders,one condition,low (one day),1 sec,126 sec,own device,chest/torso,handcrafted,,no,"Savitzky-Golay filter for low frequency noise, sixth-order Butterworth lowpass filter for high-frequency noise, common average referencing (CAR), data smoothing via interpolation with spline cubic curves at 750Hz",window,yes,yes,no intruders
147_Heart-Dorsal-Ventral-Stand,113,147|Heart Dorsal-Ventral Stand,147,Heart Dorsal-Ventral Stand,SCG,one condition,low (one day),kernel,20,20,0.14435772006360537,converted EER,74,0.74,0.74,,included; accuracy missing and EER is a valid percentage,,,no reported uncertainty,,0,No parenthesized uncertainty was reported in the selected accuracy/EER field.,0.74,1.0459685551826876,,,0,0,0,0,0,0,1,0,kernel,SVM,no intruders,one condition,low (one day),1 sec,126 sec,own device,chest/torso,handcrafted,,no,"Savitzky-Golay filter for low frequency noise, sixth-order Butterworth lowpass filter for high-frequency noise, common average referencing (CAR), data smoothing via interpolation with spline cubic curves at 750Hz",window,yes,yes,no intruders
147_Sternum-Vertical-Stand,114,147|Sternum Vertical Stand,147,Sternum Vertical Stand,SCG,one condition,low (one day),kernel,20,20,0.14435772006360537,converted EER,72,0.72,0.72,,included; accuracy missing and EER is a valid percentage,,,no reported uncertainty,,0,No parenthesized uncertainty was reported in the selected accuracy/EER field.,0.72,0.9444616088408513,,,0,0,0,0,0,0,1,0,kernel,SVM,no intruders,one condition,low (one day),1 sec,126 sec,own device,chest/torso,handcrafted,,no,"Savitzky-Golay filter for low frequency noise, sixth-order Butterworth lowpass filter for high-frequency noise, common average referencing (CAR), data smoothing via interpolation with spline cubic curves at 750Hz",window,yes,yes,no intruders
147_Sternum-Horizontal-Stand,115,147|Sternum Horizontal Stand,147,Sternum Horizontal Stand,SCG,one condition,low (one day),kernel,20,20,0.14435772006360537,converted EER,67,0.67,0.67,,included; accuracy missing and EER is a valid percentage,,,no reported uncertainty,,0,No parenthesized uncertainty was reported in the selected accuracy/EER field.,0.67,0.708185057924486,,,0,0,0,0,0,0,1,0,kernel,SVM,no intruders,one condition,low (one day),1 sec,126 sec,own device,chest/torso,handcrafted,,no,"Savitzky-Golay filter for low frequency noise, sixth-order Butterworth lowpass filter for high-frequency noise, common average referencing (CAR), data smoothing via interpolation with spline cubic curves at 750Hz",window,yes,yes,no intruders
147_Sternum-Dorsal-Ventral-Stand,116,147|Sternum Dorsal-Ventral Stand,147,Sternum Dorsal-Ventral Stand,SCG,one condition,low (one day),kernel,20,20,0.14435772006360537,converted EER,72,0.72,0.72,,included; accuracy missing and EER is a valid percentage,,,no reported uncertainty,,0,No parenthesized uncertainty was reported in the selected accuracy/EER field.,0.72,0.9444616088408513,,,0,0,0,0,0,0,1,0,kernel,SVM,no intruders,one condition,low (one day),1 sec,126 sec,own device,chest/torso,handcrafted,,no,"Savitzky-Golay filter for low frequency noise, sixth-order Butterworth lowpass filter for high-frequency noise, common average referencing (CAR), data smoothing via interpolation with spline cubic curves at 750Hz",window,yes,yes,no intruders
147_Right-Hand-Vertical-Resilient-Stand,117,147|Right Hand Vertical Resilient Stand,147,Right Hand Vertical Resilient Stand,SCG,one condition,low (one day),kernel,20,20,0.14435772006360537,converted EER,85,0.85,0.85,,included; accuracy missing and EER is a valid percentage,,,no reported uncertainty,,0,No parenthesized uncertainty was reported in the selected accuracy/EER field.,0.85,1.7346010553881064,,,0,0,0,0,0,0,1,0,kernel,SVM,no intruders,one condition,low (one day),1 sec,126 sec,own device,wrist,handcrafted,,no,"Savitzky-Golay filter for low frequency noise, sixth-order Butterworth lowpass filter for high-frequency noise; removal of motion artifacts by averaging 5 consecutive data samples, common average referencing (CAR), data smoothing via interpolation with spline cubic curves at 750Hz",window,yes,yes,no intruders
147_Right-Hand-Horizontal-Resilient-Stand,118,147|Right Hand Horizontal Resilient Stand,147,Right Hand Horizontal Resilient Stand,SCG,one condition,low (one day),kernel,20,20,0.14435772006360537,converted EER,81,0.81,0.81,,included; accuracy missing and EER is a valid percentage,,,no reported uncertainty,,0,No parenthesized uncertainty was reported in the selected accuracy/EER field.,0.81,1.4500101755059986,,,0,0,0,0,0,0,1,0,kernel,SVM,no intruders,one condition,low (one day),1 sec,126 sec,own device,wrist,handcrafted,,no,"Savitzky-Golay filter for low frequency noise, sixth-order Butterworth lowpass filter for high-frequency noise; removal of motion artifacts by averaging 5 consecutive data samples, common average referencing (CAR), data smoothing via interpolation with spline cubic curves at 750Hz",window,yes,yes,no intruders
147_Right-Hand-Dorsal-Ventral-Resilient-Stand,119,147|Right Hand Dorsal-Ventral Resilient Stand,147,Right Hand Dorsal-Ventral Resilient Stand,SCG,one condition,low (one day),kernel,20,20,0.14435772006360537,converted EER,85,0.85,0.85,,included; accuracy missing and EER is a valid percentage,,,no reported uncertainty,,0,No parenthesized uncertainty was reported in the selected accuracy/EER field.,0.85,1.7346010553881064,,,0,0,0,0,0,0,1,0,kernel,SVM,no intruders,one condition,low (one day),1 sec,126 sec,own device,wrist,handcrafted,,no,"Savitzky-Golay filter for low frequency noise, sixth-order Butterworth lowpass filter for high-frequency noise; removal of motion artifacts by averaging 5 consecutive data samples, common average referencing (CAR), data smoothing via interpolation with spline cubic curves at 750Hz",window,yes,yes,no intruders
147_Left-Hand-Vertical-Resilient-Stand,120,147|Left Hand Vertical Resilient Stand,147,Left Hand Vertical Resilient Stand,SCG,one condition,low (one day),kernel,20,20,0.14435772006360537,converted EER,87,0.87,0.87,,included; accuracy missing and EER is a valid percentage,,,no reported uncertainty,,0,No parenthesized uncertainty was reported in the selected accuracy/EER field.,0.87,1.900958761193047,,,0,0,0,0,0,0,1,0,kernel,SVM,no intruders,one condition,low (one day),1 sec,126 sec,own device,wrist,handcrafted,,no,"Savitzky-Golay filter for low frequency noise, sixth-order Butterworth lowpass filter for high-frequency noise; removal of motion artifacts by averaging 5 consecutive data samples, common average referencing (CAR), data smoothing via interpolation with spline cubic curves at 750Hz",window,yes,yes,no intruders
147_Left-Hand-Horizontal-Resilient-Stand,121,147|Left Hand Horizontal Resilient Stand,147,Left Hand Horizontal Resilient Stand,SCG,one condition,low (one day),kernel,20,20,0.14435772006360537,converted EER,82,0.82,0.82,,included; accuracy missing and EER is a valid percentage,,,no reported uncertainty,,0,No parenthesized uncertainty was reported in the selected accuracy/EER field.,0.82,1.5163474893680882,,,0,0,0,0,0,0,1,0,kernel,SVM,no intruders,one condition,low (one day),1 sec,126 sec,own device,wrist,handcrafted,,no,"Savitzky-Golay filter for low frequency noise, sixth-order Butterworth lowpass filter for high-frequency noise; removal of motion artifacts by averaging 5 consecutive data samples, common average referencing (CAR), data smoothing via interpolation with spline cubic curves at 750Hz",window,yes,yes,no intruders
147_Left-Hand-Dorsal-Ventral-Resilient-Stand,122,147|Left Hand Dorsal-Ventral Resilient Stand,147,Left Hand Dorsal-Ventral Resilient Stand,SCG,one condition,low (one day),kernel,20,20,0.14435772006360537,converted EER,80,0.8,0.8,,included; accuracy missing and EER is a valid percentage,,,no reported uncertainty,,0,No parenthesized uncertainty was reported in the selected accuracy/EER field.,0.8,1.3862943611198908,,,0,0,0,0,0,0,1,0,kernel,SVM,no intruders,one condition,low (one day),1 sec,126 sec,own device,wrist,handcrafted,,no,"Savitzky-Golay filter for low frequency noise, sixth-order Butterworth lowpass filter for high-frequency noise; removal of motion artifacts by averaging 5 consecutive data samples, common average referencing (CAR), data smoothing via interpolation with spline cubic curves at 750Hz",window,yes,yes,no intruders
147_Left-Carotid-Vertical-Resilient-Stand,123,147|Left Carotid Vertical Resilient Stand,147,Left Carotid Vertical Resilient Stand,SCG,one condition,low (one day),kernel,20,20,0.14435772006360537,converted EER,94,0.94,0.94,,included; accuracy missing and EER is a valid percentage,,,no reported uncertainty,,0,No parenthesized uncertainty was reported in the selected accuracy/EER field.,0.94,2.751535313041948,,,0,0,0,0,0,0,1,0,kernel,SVM,no intruders,one condition,low (one day),1 sec,126 sec,own device,neck,handcrafted,,no,"Savitzky-Golay filter for low frequency noise, sixth-order Butterworth lowpass filter for high-frequency noise; removal of motion artifacts by averaging 5 consecutive data samples, common average referencing (CAR), data smoothing via interpolation with spline cubic curves at 750Hz",window,yes,yes,no intruders
147_Left-Carotid-Horizontal-Resilient-Stand,124,147|Left Carotid Horizontal Resilient Stand,147,Left Carotid Horizontal Resilient Stand,SCG,one condition,low (one day),kernel,20,20,0.14435772006360537,converted EER,85,0.85,0.85,,included; accuracy missing and EER is a valid percentage,,,no reported uncertainty,,0,No parenthesized uncertainty was reported in the selected accuracy/EER field.,0.85,1.7346010553881064,,,0,0,0,0,0,0,1,0,kernel,SVM,no intruders,one condition,low (one day),1 sec,126 sec,own device,neck,handcrafted,,no,"Savitzky-Golay filter for low frequency noise, sixth-order Butterworth lowpass filter for high-frequency noise; removal of motion artifacts by averaging 5 consecutive data samples, common average referencing (CAR), data smoothing via interpolation with spline cubic curves at 750Hz",window,yes,yes,no intruders
147_Left-Carotid-Dorsal-Ventral-Resilient-Stand,125,147|Left Carotid Dorsal-Ventral Resilient Stand,147,Left Carotid Dorsal-Ventral Resilient Stand,SCG,one condition,low (one day),kernel,20,20,0.14435772006360537,converted EER,86,0.86,0.86,,included; accuracy missing and EER is a valid percentage,,,no reported uncertainty,,0,No parenthesized uncertainty was reported in the selected accuracy/EER field.,0.86,1.815289966638249,,,0,0,0,0,0,0,1,0,kernel,SVM,no intruders,one condition,low (one day),1 sec,126 sec,own device,neck,handcrafted,,no,"Savitzky-Golay filter for low frequency noise, sixth-order Butterworth lowpass filter for high-frequency noise; removal of motion artifacts by averaging 5 consecutive data samples, common average referencing (CAR), data smoothing via interpolation with spline cubic curves at 750Hz",window,yes,yes,no intruders
147_Heart-Vertical-Resilient-Stand,126,147|Heart Vertical Resilient Stand,147,Heart Vertical Resilient Stand,SCG,one condition,low (one day),kernel,20,20,0.14435772006360537,converted EER,99,0.99,0.99,,included; accuracy missing and EER is a valid percentage,,,no reported uncertainty,,0,No parenthesized uncertainty was reported in the selected accuracy/EER field.,0.99,4.595119850134589,,,0,0,0,0,0,0,1,0,kernel,SVM,no intruders,one condition,low (one day),1 sec,126 sec,own device,chest/torso,handcrafted,,no,"Savitzky-Golay filter for low frequency noise, sixth-order Butterworth lowpass filter for high-frequency noise; removal of motion artifacts by averaging 5 consecutive data samples, common average referencing (CAR), data smoothing via interpolation with spline cubic curves at 750Hz",window,yes,yes,no intruders
147_Heart-Horizontal-Resilient-Stand,127,147|Heart Horizontal Resilient Stand,147,Heart Horizontal Resilient Stand,SCG,one condition,low (one day),kernel,20,20,0.14435772006360537,converted EER,99.7,0.997,0.997,,included; accuracy missing and EER is a valid percentage,,,no reported uncertainty,,0,No parenthesized uncertainty was reported in the selected accuracy/EER field.,0.997,5.806138481293727,,,0,0,0,0,0,0,1,0,kernel,SVM,no intruders,one condition,low (one day),1 sec,126 sec,own device,chest/torso,handcrafted,,no,"Savitzky-Golay filter for low frequency noise, sixth-order Butterworth lowpass filter for high-frequency noise; removal of motion artifacts by averaging 5 consecutive data samples, common average referencing (CAR), data smoothing via interpolation with spline cubic curves at 750Hz",window,yes,yes,no intruders
147_Heart-Dorsal-Ventral-Resilient-Stand,128,147|Heart Dorsal-Ventral Resilient Stand,147,Heart Dorsal-Ventral Resilient Stand,SCG,one condition,low (one day),kernel,20,20,0.14435772006360537,converted EER,99.9,0.9990000000000001,0.9990000000000001,,included; accuracy missing and EER is a valid percentage,,,no reported uncertainty,,0,No parenthesized uncertainty was reported in the selected accuracy/EER field.,0.9990000000000001,6.906754778648664,,,0,0,0,0,0,0,1,0,kernel,SVM,no intruders,one condition,low (one day),1 sec,126 sec,own device,chest/torso,handcrafted,,no,"Savitzky-Golay filter for low frequency noise, sixth-order Butterworth lowpass filter for high-frequency noise; removal of motion artifacts by averaging 5 consecutive data samples, common average referencing (CAR), data smoothing via interpolation with spline cubic curves at 750Hz",window,yes,yes,no intruders
147_Sternum-Vertical-Resilient-Stand,129,147|Sternum Vertical Resilient Stand,147,Sternum Vertical Resilient Stand,SCG,one condition,low (one day),kernel,20,20,0.14435772006360537,converted EER,99.7,0.997,0.997,,included; accuracy missing and EER is a valid percentage,,,no reported uncertainty,,0,No parenthesized uncertainty was reported in the selected accuracy/EER field.,0.997,5.806138481293727,,,0,0,0,0,0,0,1,0,kernel,SVM,no intruders,one condition,low (one day),1 sec,126 sec,own device,chest/torso,handcrafted,,no,"Savitzky-Golay filter for low frequency noise, sixth-order Butterworth lowpass filter for high-frequency noise; removal of motion artifacts by averaging 5 consecutive data samples, common average referencing (CAR), data smoothing via interpolation with spline cubic curves at 750Hz",window,yes,yes,no intruders
147_Sternum-Horizontal-Resilient-Stand,130,147|Sternum Horizontal Resilient Stand,147,Sternum Horizontal Resilient Stand,SCG,one condition,low (one day),kernel,20,20,0.14435772006360537,converted EER,99.4,0.9940000000000001,0.9940000000000001,,included; accuracy missing and EER is a valid percentage,,,no reported uncertainty,,0,No parenthesized uncertainty was reported in the selected accuracy/EER field.,0.9940000000000001,5.109977737428537,,,0,0,0,0,0,0,1,0,kernel,SVM,no intruders,one condition,low (one day),1 sec,126 sec,own device,chest/torso,handcrafted,,no,"Savitzky-Golay filter for low frequency noise, sixth-order Butterworth lowpass filter for high-frequency noise; removal of motion artifacts by averaging 5 consecutive data samples, common average referencing (CAR), data smoothing via interpolation with spline cubic curves at 750Hz",window,yes,yes,no intruders
147_Sternum-Dorsal-Ventral-Resilient-Stand,131,147|Sternum Dorsal-Ventral Resilient Stand,147,Sternum Dorsal-Ventral Resilient Stand,SCG,one condition,low (one day),kernel,20,20,0.14435772006360537,converted EER,99.7,0.997,0.997,,included; accuracy missing and EER is a valid percentage,,,no reported uncertainty,,0,No parenthesized uncertainty was reported in the selected accuracy/EER field.,0.997,5.806138481293727,,,0,0,0,0,0,0,1,0,kernel,SVM,no intruders,one condition,low (one day),1 sec,126 sec,own device,chest/torso,handcrafted,,no,"Savitzky-Golay filter for low frequency noise, sixth-order Butterworth lowpass filter for high-frequency noise; removal of motion artifacts by averaging 5 consecutive data samples, common average referencing (CAR), data smoothing via interpolation with spline cubic curves at 750Hz",window,yes,yes,no intruders
147_Right-Hand-Vertical-Walk,132,147|Right Hand Vertical Walk,147,Right Hand Vertical Walk,SCG,one condition,low (one day),kernel,20,20,0.14435772006360537,converted EER,65,0.65,0.65,,included; accuracy missing and EER is a valid percentage,,,no reported uncertainty,,0,No parenthesized uncertainty was reported in the selected accuracy/EER field.,0.65,0.6190392084062236,,,0,0,0,0,0,0,1,0,kernel,SVM,no intruders,one condition,low (one day),1 sec,126 sec,own device,wrist,handcrafted,,no,"Savitzky-Golay filter for low frequency noise, sixth-order Butterworth lowpass filter for high-frequency noise, common average referencing (CAR), data smoothing via interpolation with spline cubic curves at 750Hz",window,yes,yes,no intruders
147_Right-Hand-Horizontal-Walk,133,147|Right Hand Horizontal Walk,147,Right Hand Horizontal Walk,SCG,one condition,low (one day),kernel,20,20,0.14435772006360537,converted EER,50,0.5,0.5,,included; accuracy missing and EER is a valid percentage,,,no reported uncertainty,,0,No parenthesized uncertainty was reported in the selected accuracy/EER field.,0.5,0,,,0,0,0,0,0,0,1,0,kernel,SVM,no intruders,one condition,low (one day),1 sec,126 sec,own device,wrist,handcrafted,,no,"Savitzky-Golay filter for low frequency noise, sixth-order Butterworth lowpass filter for high-frequency noise, common average referencing (CAR), data smoothing via interpolation with spline cubic curves at 750Hz",window,yes,yes,no intruders
147_Right-Hand-Dorsal-Ventral-Walk,134,147|Right Hand Dorsal-Ventral Walk,147,Right Hand Dorsal-Ventral Walk,SCG,one condition,low (one day),kernel,20,20,0.14435772006360537,converted EER,48,0.48,0.48,,included; accuracy missing and EER is a valid percentage,,,no reported uncertainty,,0,No parenthesized uncertainty was reported in the selected accuracy/EER field.,0.48,-0.0800427076735365,,,0,0,0,0,0,0,1,0,kernel,SVM,no intruders,one condition,low (one day),1 sec,126 sec,own device,wrist,handcrafted,,no,"Savitzky-Golay filter for low frequency noise, sixth-order Butterworth lowpass filter for high-frequency noise, common average referencing (CAR), data smoothing via interpolation with spline cubic curves at 750Hz",window,yes,yes,no intruders
147_Left-Hand-Vertical-Walk,135,147|Left Hand Vertical Walk,147,Left Hand Vertical Walk,SCG,one condition,low (one day),kernel,20,20,0.14435772006360537,converted EER,48,0.48,0.48,,included; accuracy missing and EER is a valid percentage,,,no reported uncertainty,,0,No parenthesized uncertainty was reported in the selected accuracy/EER field.,0.48,-0.0800427076735365,,,0,0,0,0,0,0,1,0,kernel,SVM,no intruders,one condition,low (one day),1 sec,126 sec,own device,wrist,handcrafted,,no,"Savitzky-Golay filter for low frequency noise, sixth-order Butterworth lowpass filter for high-frequency noise, common average referencing (CAR), data smoothing via interpolation with spline cubic curves at 750Hz",window,yes,yes,no intruders
147_Left-Hand-Horizontal-Walk,136,147|Left Hand Horizontal Walk,147,Left Hand Horizontal Walk,SCG,one condition,low (one day),kernel,20,20,0.14435772006360537,converted EER,49,0.49,0.49,,included; accuracy missing and EER is a valid percentage,,,no reported uncertainty,,0,No parenthesized uncertainty was reported in the selected accuracy/EER field.,0.49,-0.04000533461369925,,,0,0,0,0,0,0,1,0,kernel,SVM,no intruders,one condition,low (one day),1 sec,126 sec,own device,wrist,handcrafted,,no,"Savitzky-Golay filter for low frequency noise, sixth-order Butterworth lowpass filter for high-frequency noise, common average referencing (CAR), data smoothing via interpolation with spline cubic curves at 750Hz",window,yes,yes,no intruders
147_Left-Hand-Dorsal-Ventral-Walk,137,147|Left Hand Dorsal-Ventral Walk,147,Left Hand Dorsal-Ventral Walk,SCG,one condition,low (one day),kernel,20,20,0.14435772006360537,converted EER,52,0.52,0.52,,included; accuracy missing and EER is a valid percentage,,,no reported uncertainty,,0,No parenthesized uncertainty was reported in the selected accuracy/EER field.,0.52,0.08004270767353656,,,0,0,0,0,0,0,1,0,kernel,SVM,no intruders,one condition,low (one day),1 sec,126 sec,own device,wrist,handcrafted,,no,"Savitzky-Golay filter for low frequency noise, sixth-order Butterworth lowpass filter for high-frequency noise, common average referencing (CAR), data smoothing via interpolation with spline cubic curves at 750Hz",window,yes,yes,no intruders
147_Left-Carotid-Vertical-Walk,138,147|Left Carotid Vertical Walk,147,Left Carotid Vertical Walk,SCG,one condition,low (one day),kernel,20,20,0.14435772006360537,converted EER,51,0.51,0.51,,included; accuracy missing and EER is a valid percentage,,,no reported uncertainty,,0,No parenthesized uncertainty was reported in the selected accuracy/EER field.,0.51,0.040005334613699206,,,0,0,0,0,0,0,1,0,kernel,SVM,no intruders,one condition,low (one day),1 sec,126 sec,own device,neck,handcrafted,,no,"Savitzky-Golay filter for low frequency noise, sixth-order Butterworth lowpass filter for high-frequency noise, common average referencing (CAR), data smoothing via interpolation with spline cubic curves at 750Hz",window,yes,yes,no intruders
147_Left-Carotid-Horizontal-Walk,139,147|Left Carotid Horizontal Walk,147,Left Carotid Horizontal Walk,SCG,one condition,low (one day),kernel,20,20,0.14435772006360537,converted EER,51,0.51,0.51,,included; accuracy missing and EER is a valid percentage,,,no reported uncertainty,,0,No parenthesized uncertainty was reported in the selected accuracy/EER field.,0.51,0.040005334613699206,,,0,0,0,0,0,0,1,0,kernel,SVM,no intruders,one condition,low (one day),1 sec,126 sec,own device,neck,handcrafted,,no,"Savitzky-Golay filter for low frequency noise, sixth-order Butterworth lowpass filter for high-frequency noise, common average referencing (CAR), data smoothing via interpolation with spline cubic curves at 750Hz",window,yes,yes,no intruders
147_Left-Carotid-Dorsal-Ventral-Walk,140,147|Left Carotid Dorsal-Ventral Walk,147,Left Carotid Dorsal-Ventral Walk,SCG,one condition,low (one day),kernel,20,20,0.14435772006360537,converted EER,51,0.51,0.51,,included; accuracy missing and EER is a valid percentage,,,no reported uncertainty,,0,No parenthesized uncertainty was reported in the selected accuracy/EER field.,0.51,0.040005334613699206,,,0,0,0,0,0,0,1,0,kernel,SVM,no intruders,one condition,low (one day),1 sec,126 sec,own device,neck,handcrafted,,no,"Savitzky-Golay filter for low frequency noise, sixth-order Butterworth lowpass filter for high-frequency noise, common average referencing (CAR), data smoothing via interpolation with spline cubic curves at 750Hz",window,yes,yes,no intruders
147_Heart-Vertical-Walk,141,147|Heart Vertical Walk,147,Heart Vertical Walk,SCG,one condition,low (one day),kernel,20,20,0.14435772006360537,converted EER,56,0.56,0.56,,included; accuracy missing and EER is a valid percentage,,,no reported uncertainty,,0,No parenthesized uncertainty was reported in the selected accuracy/EER field.,0.56,0.24116205681688824,,,0,0,0,0,0,0,1,0,kernel,SVM,no intruders,one condition,low (one day),1 sec,126 sec,own device,chest/torso,handcrafted,,no,"Savitzky-Golay filter for low frequency noise, sixth-order Butterworth lowpass filter for high-frequency noise, common average referencing (CAR), data smoothing via interpolation with spline cubic curves at 750Hz",window,yes,yes,no intruders
147_Heart-Horizontal-Walk,142,147|Heart Horizontal Walk,147,Heart Horizontal Walk,SCG,one condition,low (one day),kernel,20,20,0.14435772006360537,converted EER,55,0.55,0.55,,included; accuracy missing and EER is a valid percentage,,,no reported uncertainty,,0,No parenthesized uncertainty was reported in the selected accuracy/EER field.,0.55,0.2006706954621514,,,0,0,0,0,0,0,1,0,kernel,SVM,no intruders,one condition,low (one day),1 sec,126 sec,own device,chest/torso,handcrafted,,no,"Savitzky-Golay filter for low frequency noise, sixth-order Butterworth lowpass filter for high-frequency noise, common average referencing (CAR), data smoothing via interpolation with spline cubic curves at 750Hz",window,yes,yes,no intruders
147_Heart-Dorsal-Ventral-Walk,143,147|Heart Dorsal-Ventral Walk,147,Heart Dorsal-Ventral Walk,SCG,one condition,low (one day),kernel,20,20,0.14435772006360537,converted EER,59,0.59,0.59,,included; accuracy missing and EER is a valid percentage,,,no reported uncertainty,,0,No parenthesized uncertainty was reported in the selected accuracy/EER field.,0.59,0.3639653772014115,,,0,0,0,0,0,0,1,0,kernel,SVM,no intruders,one condition,low (one day),1 sec,126 sec,own device,chest/torso,handcrafted,,no,"Savitzky-Golay filter for low frequency noise, sixth-order Butterworth lowpass filter for high-frequency noise, common average referencing (CAR), data smoothing via interpolation with spline cubic curves at 750Hz",window,yes,yes,no intruders
147_Sternum-Vertical-Walk,144,147|Sternum Vertical Walk,147,Sternum Vertical Walk,SCG,one condition,low (one day),kernel,20,20,0.14435772006360537,converted EER,55,0.55,0.55,,included; accuracy missing and EER is a valid percentage,,,no reported uncertainty,,0,No parenthesized uncertainty was reported in the selected accuracy/EER field.,0.55,0.2006706954621514,,,0,0,0,0,0,0,1,0,kernel,SVM,no intruders,one condition,low (one day),1 sec,126 sec,own device,chest/torso,handcrafted,,no,"Savitzky-Golay filter for low frequency noise, sixth-order Butterworth lowpass filter for high-frequency noise, common average referencing (CAR), data smoothing via interpolation with spline cubic curves at 750Hz",window,yes,yes,no intruders
147_Sternum-Horizontal-Walk,145,147|Sternum Horizontal Walk,147,Sternum Horizontal Walk,SCG,one condition,low (one day),kernel,20,20,0.14435772006360537,converted EER,57,0.57,0.57,,included; accuracy missing and EER is a valid percentage,,,no reported uncertainty,,0,No parenthesized uncertainty was reported in the selected accuracy/EER field.,0.57,0.2818511521409875,,,0,0,0,0,0,0,1,0,kernel,SVM,no intruders,one condition,low (one day),1 sec,126 sec,own device,chest/torso,handcrafted,,no,"Savitzky-Golay filter for low frequency noise, sixth-order Butterworth lowpass filter for high-frequency noise, common average referencing (CAR), data smoothing via interpolation with spline cubic curves at 750Hz",window,yes,yes,no intruders
147_Sternum-Dorsal-Ventral-Walk,146,147|Sternum Dorsal-Ventral Walk,147,Sternum Dorsal-Ventral Walk,SCG,one condition,low (one day),kernel,20,20,0.14435772006360537,converted EER,59,0.59,0.59,,included; accuracy missing and EER is a valid percentage,,,no reported uncertainty,,0,No parenthesized uncertainty was reported in the selected accuracy/EER field.,0.59,0.3639653772014115,,,0,0,0,0,0,0,1,0,kernel,SVM,no intruders,one condition,low (one day),1 sec,126 sec,own device,chest/torso,handcrafted,,no,"Savitzky-Golay filter for low frequency noise, sixth-order Butterworth lowpass filter for high-frequency noise, common average referencing (CAR), data smoothing via interpolation with spline cubic curves at 750Hz",window,yes,yes,no intruders
147_Right-Hand-Vertical-Resilient-Walk,147,147|Right Hand Vertical Resilient Walk,147,Right Hand Vertical Resilient Walk,SCG,one condition,low (one day),kernel,20,20,0.14435772006360537,converted EER,75,0.75,0.75,,included; accuracy missing and EER is a valid percentage,,,no reported uncertainty,,0,No parenthesized uncertainty was reported in the selected accuracy/EER field.,0.75,1.0986122886681098,,,0,0,0,0,0,0,1,0,kernel,SVM,no intruders,one condition,low (one day),1 sec,126 sec,own device,wrist,handcrafted,,no,"Savitzky-Golay filter for low frequency noise, sixth-order Butterworth lowpass filter for high-frequency noise; removal of motion artifacts by averaging 5 consecutive data samples, common average referencing (CAR), data smoothing via interpolation with spline cubic curves at 750Hz",window,yes,yes,no intruders
147_Right-Hand-Horizontal-Resilient-Walk,148,147|Right Hand Horizontal Resilient Walk,147,Right Hand Horizontal Resilient Walk,SCG,one condition,low (one day),kernel,20,20,0.14435772006360537,converted EER,71,0.71,0.71,,included; accuracy missing and EER is a valid percentage,,,no reported uncertainty,,0,No parenthesized uncertainty was reported in the selected accuracy/EER field.,0.71,0.8953840470548413,,,0,0,0,0,0,0,1,0,kernel,SVM,no intruders,one condition,low (one day),1 sec,126 sec,own device,wrist,handcrafted,,no,"Savitzky-Golay filter for low frequency noise, sixth-order Butterworth lowpass filter for high-frequency noise; removal of motion artifacts by averaging 5 consecutive data samples, common average referencing (CAR), data smoothing via interpolation with spline cubic curves at 750Hz",window,yes,yes,no intruders
147_Right-Hand-Dorsal-Ventral-Resilient-Walk,149,147|Right Hand Dorsal-Ventral Resilient Walk,147,Right Hand Dorsal-Ventral Resilient Walk,SCG,one condition,low (one day),kernel,20,20,0.14435772006360537,converted EER,77,0.77,0.77,,included; accuracy missing and EER is a valid percentage,,,no reported uncertainty,,0,No parenthesized uncertainty was reported in the selected accuracy/EER field.,0.77,1.2083112059245342,,,0,0,0,0,0,0,1,0,kernel,SVM,no intruders,one condition,low (one day),1 sec,126 sec,own device,wrist,handcrafted,,no,"Savitzky-Golay filter for low frequency noise, sixth-order Butterworth lowpass filter for high-frequency noise; removal of motion artifacts by averaging 5 consecutive data samples, common average referencing (CAR), data smoothing via interpolation with spline cubic curves at 750Hz",window,yes,yes,no intruders
147_Left-Hand-Vertical-Resilient-Walk,150,147|Left Hand Vertical Resilient Walk,147,Left Hand Vertical Resilient Walk,SCG,one condition,low (one day),kernel,20,20,0.14435772006360537,converted EER,74,0.74,0.74,,included; accuracy missing and EER is a valid percentage,,,no reported uncertainty,,0,No parenthesized uncertainty was reported in the selected accuracy/EER field.,0.74,1.0459685551826876,,,0,0,0,0,0,0,1,0,kernel,SVM,no intruders,one condition,low (one day),1 sec,126 sec,own device,wrist,handcrafted,,no,"Savitzky-Golay filter for low frequency noise, sixth-order Butterworth lowpass filter for high-frequency noise; removal of motion artifacts by averaging 5 consecutive data samples, common average referencing (CAR), data smoothing via interpolation with spline cubic curves at 750Hz",window,yes,yes,no intruders
147_Left-Hand-Horizontal-Resilient-Walk,151,147|Left Hand Horizontal Resilient Walk,147,Left Hand Horizontal Resilient Walk,SCG,one condition,low (one day),kernel,20,20,0.14435772006360537,converted EER,71,0.71,0.71,,included; accuracy missing and EER is a valid percentage,,,no reported uncertainty,,0,No parenthesized uncertainty was reported in the selected accuracy/EER field.,0.71,0.8953840470548413,,,0,0,0,0,0,0,1,0,kernel,SVM,no intruders,one condition,low (one day),1 sec,126 sec,own device,wrist,handcrafted,,no,"Savitzky-Golay filter for low frequency noise, sixth-order Butterworth lowpass filter for high-frequency noise; removal of motion artifacts by averaging 5 consecutive data samples, common average referencing (CAR), data smoothing via interpolation with spline cubic curves at 750Hz",window,yes,yes,no intruders
147_Left-Hand-Dorsal-Ventral-Resilient-Walk,152,147|Left Hand Dorsal-Ventral Resilient Walk,147,Left Hand Dorsal-Ventral Resilient Walk,SCG,one condition,low (one day),kernel,20,20,0.14435772006360537,converted EER,79,0.79,0.79,,included; accuracy missing and EER is a valid percentage,,,no reported uncertainty,,0,No parenthesized uncertainty was reported in the selected accuracy/EER field.,0.79,1.3249254147435987,,,0,0,0,0,0,0,1,0,kernel,SVM,no intruders,one condition,low (one day),1 sec,126 sec,own device,wrist,handcrafted,,no,"Savitzky-Golay filter for low frequency noise, sixth-order Butterworth lowpass filter for high-frequency noise; removal of motion artifacts by averaging 5 consecutive data samples, common average referencing (CAR), data smoothing via interpolation with spline cubic curves at 750Hz",window,yes,yes,no intruders
147_Left-Carotid-Vertical-Resilient-Walk,153,147|Left Carotid Vertical Resilient Walk,147,Left Carotid Vertical Resilient Walk,SCG,one condition,low (one day),kernel,20,20,0.14435772006360537,converted EER,81,0.81,0.81,,included; accuracy missing and EER is a valid percentage,,,no reported uncertainty,,0,No parenthesized uncertainty was reported in the selected accuracy/EER field.,0.81,1.4500101755059986,,,0,0,0,0,0,0,1,0,kernel,SVM,no intruders,one condition,low (one day),1 sec,126 sec,own device,neck,handcrafted,,no,"Savitzky-Golay filter for low frequency noise, sixth-order Butterworth lowpass filter for high-frequency noise; removal of motion artifacts by averaging 5 consecutive data samples, common average referencing (CAR), data smoothing via interpolation with spline cubic curves at 750Hz",window,yes,yes,no intruders
147_Left-Carotid-Horizontal-Resilient-Walk,154,147|Left Carotid Horizontal Resilient Walk,147,Left Carotid Horizontal Resilient Walk,SCG,one condition,low (one day),kernel,20,20,0.14435772006360537,converted EER,75,0.75,0.75,,included; accuracy missing and EER is a valid percentage,,,no reported uncertainty,,0,No parenthesized uncertainty was reported in the selected accuracy/EER field.,0.75,1.0986122886681098,,,0,0,0,0,0,0,1,0,kernel,SVM,no intruders,one condition,low (one day),1 sec,126 sec,own device,neck,handcrafted,,no,"Savitzky-Golay filter for low frequency noise, sixth-order Butterworth lowpass filter for high-frequency noise; removal of motion artifacts by averaging 5 consecutive data samples, common average referencing (CAR), data smoothing via interpolation with spline cubic curves at 750Hz",window,yes,yes,no intruders
147_Left-Carotid-Dorsal-Ventral-Resilient-Walk,155,147|Left Carotid Dorsal-Ventral Resilient Walk,147,Left Carotid Dorsal-Ventral Resilient Walk,SCG,one condition,low (one day),kernel,20,20,0.14435772006360537,converted EER,77,0.77,0.77,,included; accuracy missing and EER is a valid percentage,,,no reported uncertainty,,0,No parenthesized uncertainty was reported in the selected accuracy/EER field.,0.77,1.2083112059245342,,,0,0,0,0,0,0,1,0,kernel,SVM,no intruders,one condition,low (one day),1 sec,126 sec,own device,neck,handcrafted,,no,"Savitzky-Golay filter for low frequency noise, sixth-order Butterworth lowpass filter for high-frequency noise; removal of motion artifacts by averaging 5 consecutive data samples, common average referencing (CAR), data smoothing via interpolation with spline cubic curves at 750Hz",window,yes,yes,no intruders
147_Heart-Vertical-Resilient-Walk,156,147|Heart Vertical Resilient Walk,147,Heart Vertical Resilient Walk,SCG,one condition,low (one day),kernel,20,20,0.14435772006360537,converted EER,94,0.94,0.94,,included; accuracy missing and EER is a valid percentage,,,no reported uncertainty,,0,No parenthesized uncertainty was reported in the selected accuracy/EER field.,0.94,2.751535313041948,,,0,0,0,0,0,0,1,0,kernel,SVM,no intruders,one condition,low (one day),1 sec,126 sec,own device,chest/torso,handcrafted,,no,"Savitzky-Golay filter for low frequency noise, sixth-order Butterworth lowpass filter for high-frequency noise; removal of motion artifacts by averaging 5 consecutive data samples, common average referencing (CAR), data smoothing via interpolation with spline cubic curves at 750Hz",window,yes,yes,no intruders
147_Heart-Horizontal-Resilient-Walk,157,147|Heart Horizontal Resilient Walk,147,Heart Horizontal Resilient Walk,SCG,one condition,low (one day),kernel,20,20,0.14435772006360537,converted EER,87,0.87,0.87,,included; accuracy missing and EER is a valid percentage,,,no reported uncertainty,,0,No parenthesized uncertainty was reported in the selected accuracy/EER field.,0.87,1.900958761193047,,,0,0,0,0,0,0,1,0,kernel,SVM,no intruders,one condition,low (one day),1 sec,126 sec,own device,chest/torso,handcrafted,,no,"Savitzky-Golay filter for low frequency noise, sixth-order Butterworth lowpass filter for high-frequency noise; removal of motion artifacts by averaging 5 consecutive data samples, common average referencing (CAR), data smoothing via interpolation with spline cubic curves at 750Hz",window,yes,yes,no intruders
147_Heart-Dorsal-Ventral-Resilient-Walk,158,147|Heart Dorsal-Ventral Resilient Walk,147,Heart Dorsal-Ventral Resilient Walk,SCG,one condition,low (one day),kernel,20,20,0.14435772006360537,converted EER,94,0.94,0.94,,included; accuracy missing and EER is a valid percentage,,,no reported uncertainty,,0,No parenthesized uncertainty was reported in the selected accuracy/EER field.,0.94,2.751535313041948,,,0,0,0,0,0,0,1,0,kernel,SVM,no intruders,one condition,low (one day),1 sec,126 sec,own device,chest/torso,handcrafted,,no,"Savitzky-Golay filter for low frequency noise, sixth-order Butterworth lowpass filter for high-frequency noise; removal of motion artifacts by averaging 5 consecutive data samples, common average referencing (CAR), data smoothing via interpolation with spline cubic curves at 750Hz",window,yes,yes,no intruders
147_Sternum-Vertical-Resilient-Walk,159,147|Sternum Vertical Resilient Walk,147,Sternum Vertical Resilient Walk,SCG,one condition,low (one day),kernel,20,20,0.14435772006360537,converted EER,94,0.94,0.94,,included; accuracy missing and EER is a valid percentage,,,no reported uncertainty,,0,No parenthesized uncertainty was reported in the selected accuracy/EER field.,0.94,2.751535313041948,,,0,0,0,0,0,0,1,0,kernel,SVM,no intruders,one condition,low (one day),1 sec,126 sec,own device,chest/torso,handcrafted,,no,"Savitzky-Golay filter for low frequency noise, sixth-order Butterworth lowpass filter for high-frequency noise; removal of motion artifacts by averaging 5 consecutive data samples, common average referencing (CAR), data smoothing via interpolation with spline cubic curves at 750Hz",window,yes,yes,no intruders
147_Sternum-Horizontal-Resilient-Walk,160,147|Sternum Horizontal Resilient Walk,147,Sternum Horizontal Resilient Walk,SCG,one condition,low (one day),kernel,20,20,0.14435772006360537,converted EER,86,0.86,0.86,,included; accuracy missing and EER is a valid percentage,,,no reported uncertainty,,0,No parenthesized uncertainty was reported in the selected accuracy/EER field.,0.86,1.815289966638249,,,0,0,0,0,0,0,1,0,kernel,SVM,no intruders,one condition,low (one day),1 sec,126 sec,own device,chest/torso,handcrafted,,no,"Savitzky-Golay filter for low frequency noise, sixth-order Butterworth lowpass filter for high-frequency noise; removal of motion artifacts by averaging 5 consecutive data samples, common average referencing (CAR), data smoothing via interpolation with spline cubic curves at 750Hz",window,yes,yes,no intruders
147_Sternum-Dorsal-Ventral-Resilient-Walk,161,147|Sternum Dorsal-Ventral Resilient Walk,147,Sternum Dorsal-Ventral Resilient Walk,SCG,one condition,low (one day),kernel,20,20,0.14435772006360537,converted EER,96,0.96,0.96,,included; accuracy missing and EER is a valid percentage,,,no reported uncertainty,,0,No parenthesized uncertainty was reported in the selected accuracy/EER field.,0.96,3.178053830347945,,,0,0,0,0,0,0,1,0,kernel,SVM,no intruders,one condition,low (one day),1 sec,126 sec,own device,chest/torso,handcrafted,,no,"Savitzky-Golay filter for low frequency noise, sixth-order Butterworth lowpass filter for high-frequency noise; removal of motion artifacts by averaging 5 consecutive data samples, common average referencing (CAR), data smoothing via interpolation with spline cubic curves at 750Hz",window,yes,yes,no intruders
147_Right-Hand-Vertical-Post-Exercise,162,147|Right Hand Vertical Post-Exercise,147,Right Hand Vertical Post-Exercise,SCG,one condition,low (one day),kernel,20,20,0.14435772006360537,converted EER,55,0.55,0.55,,included; accuracy missing and EER is a valid percentage,,,no reported uncertainty,,0,No parenthesized uncertainty was reported in the selected accuracy/EER field.,0.55,0.2006706954621514,,,0,0,0,0,0,0,1,0,kernel,SVM,no intruders,one condition,low (one day),1 sec,126 sec,own device,wrist,handcrafted,,no,"Savitzky-Golay filter for low frequency noise, sixth-order Butterworth lowpass filter for high-frequency noise, common average referencing (CAR), data smoothing via interpolation with spline cubic curves at 750Hz",window,yes,yes,no intruders
147_Right-Hand-Horizontal-Post-Exercise,163,147|Right Hand Horizontal Post-Exercise,147,Right Hand Horizontal Post-Exercise,SCG,one condition,low (one day),kernel,20,20,0.14435772006360537,converted EER,52,0.52,0.52,,included; accuracy missing and EER is a valid percentage,,,no reported uncertainty,,0,No parenthesized uncertainty was reported in the selected accuracy/EER field.,0.52,0.08004270767353656,,,0,0,0,0,0,0,1,0,kernel,SVM,no intruders,one condition,low (one day),1 sec,126 sec,own device,wrist,handcrafted,,no,"Savitzky-Golay filter for low frequency noise, sixth-order Butterworth lowpass filter for high-frequency noise, common average referencing (CAR), data smoothing via interpolation with spline cubic curves at 750Hz",window,yes,yes,no intruders
147_Right-Hand-Dorsal-Ventral-Post-Exercise,164,147|Right Hand Dorsal-Ventral Post-Exercise,147,Right Hand Dorsal-Ventral Post-Exercise,SCG,one condition,low (one day),kernel,20,20,0.14435772006360537,converted EER,51,0.51,0.51,,included; accuracy missing and EER is a valid percentage,,,no reported uncertainty,,0,No parenthesized uncertainty was reported in the selected accuracy/EER field.,0.51,0.040005334613699206,,,0,0,0,0,0,0,1,0,kernel,SVM,no intruders,one condition,low (one day),1 sec,126 sec,own device,wrist,handcrafted,,no,"Savitzky-Golay filter for low frequency noise, sixth-order Butterworth lowpass filter for high-frequency noise, common average referencing (CAR), data smoothing via interpolation with spline cubic curves at 750Hz",window,yes,yes,no intruders
147_Left-Hand-Vertical-Post-Exercise,165,147|Left Hand Vertical Post-Exercise,147,Left Hand Vertical Post-Exercise,SCG,one condition,low (one day),kernel,20,20,0.14435772006360537,converted EER,53,0.53,0.53,,included; accuracy missing and EER is a valid percentage,,,no reported uncertainty,,0,No parenthesized uncertainty was reported in the selected accuracy/EER field.,0.53,0.12014431184206341,,,0,0,0,0,0,0,1,0,kernel,SVM,no intruders,one condition,low (one day),1 sec,126 sec,own device,wrist,handcrafted,,no,"Savitzky-Golay filter for low frequency noise, sixth-order Butterworth lowpass filter for high-frequency noise, common average referencing (CAR), data smoothing via interpolation with spline cubic curves at 750Hz",window,yes,yes,no intruders
147_Left-Hand-Horizontal-Post-Exercise,166,147|Left Hand Horizontal Post-Exercise,147,Left Hand Horizontal Post-Exercise,SCG,one condition,low (one day),kernel,20,20,0.14435772006360537,converted EER,52,0.52,0.52,,included; accuracy missing and EER is a valid percentage,,,no reported uncertainty,,0,No parenthesized uncertainty was reported in the selected accuracy/EER field.,0.52,0.08004270767353656,,,0,0,0,0,0,0,1,0,kernel,SVM,no intruders,one condition,low (one day),1 sec,126 sec,own device,wrist,handcrafted,,no,"Savitzky-Golay filter for low frequency noise, sixth-order Butterworth lowpass filter for high-frequency noise, common average referencing (CAR), data smoothing via interpolation with spline cubic curves at 750Hz",window,yes,yes,no intruders
147_Left-Hand-Dorsal-Ventral-Post-Exercise,167,147|Left Hand Dorsal-Ventral Post-Exercise,147,Left Hand Dorsal-Ventral Post-Exercise,SCG,one condition,low (one day),kernel,20,20,0.14435772006360537,converted EER,53,0.53,0.53,,included; accuracy missing and EER is a valid percentage,,,no reported uncertainty,,0,No parenthesized uncertainty was reported in the selected accuracy/EER field.,0.53,0.12014431184206341,,,0,0,0,0,0,0,1,0,kernel,SVM,no intruders,one condition,low (one day),1 sec,126 sec,own device,wrist,handcrafted,,no,"Savitzky-Golay filter for low frequency noise, sixth-order Butterworth lowpass filter for high-frequency noise, common average referencing (CAR), data smoothing via interpolation with spline cubic curves at 750Hz",window,yes,yes,no intruders
147_Left-Carotid-Vertical-Post-Exercise,168,147|Left Carotid Vertical Post-Exercise,147,Left Carotid Vertical Post-Exercise,SCG,one condition,low (one day),kernel,20,20,0.14435772006360537,converted EER,59,0.59,0.59,,included; accuracy missing and EER is a valid percentage,,,no reported uncertainty,,0,No parenthesized uncertainty was reported in the selected accuracy/EER field.,0.59,0.3639653772014115,,,0,0,0,0,0,0,1,0,kernel,SVM,no intruders,one condition,low (one day),1 sec,126 sec,own device,neck,handcrafted,,no,"Savitzky-Golay filter for low frequency noise, sixth-order Butterworth lowpass filter for high-frequency noise, common average referencing (CAR), data smoothing via interpolation with spline cubic curves at 750Hz",window,yes,yes,no intruders
147_Left-Carotid-Horizontal-Post-Exercise,169,147|Left Carotid Horizontal Post-Exercise,147,Left Carotid Horizontal Post-Exercise,SCG,one condition,low (one day),kernel,20,20,0.14435772006360537,converted EER,55,0.55,0.55,,included; accuracy missing and EER is a valid percentage,,,no reported uncertainty,,0,No parenthesized uncertainty was reported in the selected accuracy/EER field.,0.55,0.2006706954621514,,,0,0,0,0,0,0,1,0,kernel,SVM,no intruders,one condition,low (one day),1 sec,126 sec,own device,neck,handcrafted,,no,"Savitzky-Golay filter for low frequency noise, sixth-order Butterworth lowpass filter for high-frequency noise, common average referencing (CAR), data smoothing via interpolation with spline cubic curves at 750Hz",window,yes,yes,no intruders
147_Left-Carotid-Dorsal-Ventral-Post-Exercise,170,147|Left Carotid Dorsal-Ventral Post-Exercise,147,Left Carotid Dorsal-Ventral Post-Exercise,SCG,one condition,low (one day),kernel,20,20,0.14435772006360537,converted EER,52,0.52,0.52,,included; accuracy missing and EER is a valid percentage,,,no reported uncertainty,,0,No parenthesized uncertainty was reported in the selected accuracy/EER field.,0.52,0.08004270767353656,,,0,0,0,0,0,0,1,0,kernel,SVM,no intruders,one condition,low (one day),1 sec,126 sec,own device,neck,handcrafted,,no,"Savitzky-Golay filter for low frequency noise, sixth-order Butterworth lowpass filter for high-frequency noise, common average referencing (CAR), data smoothing via interpolation with spline cubic curves at 750Hz",window,yes,yes,no intruders
147_Heart-Vertical-Post-Exercise,171,147|Heart Vertical Post-Exercise,147,Heart Vertical Post-Exercise,SCG,one condition,low (one day),kernel,20,20,0.14435772006360537,converted EER,70,0.7,0.7,,included; accuracy missing and EER is a valid percentage,,,no reported uncertainty,,0,No parenthesized uncertainty was reported in the selected accuracy/EER field.,0.7,0.8472978603872034,,,0,0,0,0,0,0,1,0,kernel,SVM,no intruders,one condition,low (one day),1 sec,126 sec,own device,chest/torso,handcrafted,,no,"Savitzky-Golay filter for low frequency noise, sixth-order Butterworth lowpass filter for high-frequency noise, common average referencing (CAR), data smoothing via interpolation with spline cubic curves at 750Hz",window,yes,yes,no intruders
147_Heart-Horizontal-Post-Exercise,172,147|Heart Horizontal Post-Exercise,147,Heart Horizontal Post-Exercise,SCG,one condition,low (one day),kernel,20,20,0.14435772006360537,converted EER,63,0.63,0.63,,included; accuracy missing and EER is a valid percentage,,,no reported uncertainty,,0,No parenthesized uncertainty was reported in the selected accuracy/EER field.,0.63,0.5322168137473082,,,0,0,0,0,0,0,1,0,kernel,SVM,no intruders,one condition,low (one day),1 sec,126 sec,own device,chest/torso,handcrafted,,no,"Savitzky-Golay filter for low frequency noise, sixth-order Butterworth lowpass filter for high-frequency noise, common average referencing (CAR), data smoothing via interpolation with spline cubic curves at 750Hz",window,yes,yes,no intruders
147_Heart-Dorsal-Ventral-Post-Exercise,173,147|Heart Dorsal-Ventral Post-Exercise,147,Heart Dorsal-Ventral Post-Exercise,SCG,one condition,low (one day),kernel,20,20,0.14435772006360537,converted EER,69,0.69,0.69,,included; accuracy missing and EER is a valid percentage,,,no reported uncertainty,,0,No parenthesized uncertainty was reported in the selected accuracy/EER field.,0.69,0.8001193001121129,,,0,0,0,0,0,0,1,0,kernel,SVM,no intruders,one condition,low (one day),1 sec,126 sec,own device,chest/torso,handcrafted,,no,"Savitzky-Golay filter for low frequency noise, sixth-order Butterworth lowpass filter for high-frequency noise, common average referencing (CAR), data smoothing via interpolation with spline cubic curves at 750Hz",window,yes,yes,no intruders
147_Sternum-Vertical-Post-Exercise,174,147|Sternum Vertical Post-Exercise,147,Sternum Vertical Post-Exercise,SCG,one condition,low (one day),kernel,20,20,0.14435772006360537,converted EER,69,0.69,0.69,,included; accuracy missing and EER is a valid percentage,,,no reported uncertainty,,0,No parenthesized uncertainty was reported in the selected accuracy/EER field.,0.69,0.8001193001121129,,,0,0,0,0,0,0,1,0,kernel,SVM,no intruders,one condition,low (one day),1 sec,126 sec,own device,chest/torso,handcrafted,,no,"Savitzky-Golay filter for low frequency noise, sixth-order Butterworth lowpass filter for high-frequency noise, common average referencing (CAR), data smoothing via interpolation with spline cubic curves at 750Hz",window,yes,yes,no intruders
147_Sternum-Horizontal-Post-Exercise,175,147|Sternum Horizontal Post-Exercise,147,Sternum Horizontal Post-Exercise,SCG,one condition,low (one day),kernel,20,20,0.14435772006360537,converted EER,64,0.64,0.64,,included; accuracy missing and EER is a valid percentage,,,no reported uncertainty,,0,No parenthesized uncertainty was reported in the selected accuracy/EER field.,0.64,0.5753641449035619,,,0,0,0,0,0,0,1,0,kernel,SVM,no intruders,one condition,low (one day),1 sec,126 sec,own device,chest/torso,handcrafted,,no,"Savitzky-Golay filter for low frequency noise, sixth-order Butterworth lowpass filter for high-frequency noise, common average referencing (CAR), data smoothing via interpolation with spline cubic curves at 750Hz",window,yes,yes,no intruders
147_Sternum-Dorsal-Ventral-Post-Exercise,176,147|Sternum Dorsal-Ventral Post-Exercise,147,Sternum Dorsal-Ventral Post-Exercise,SCG,one condition,low (one day),kernel,20,20,0.14435772006360537,converted EER,69,0.69,0.69,,included; accuracy missing and EER is a valid percentage,,,no reported uncertainty,,0,No parenthesized uncertainty was reported in the selected accuracy/EER field.,0.69,0.8001193001121129,,,0,0,0,0,0,0,1,0,kernel,SVM,no intruders,one condition,low (one day),1 sec,126 sec,own device,chest/torso,handcrafted,,no,"Savitzky-Golay filter for low frequency noise, sixth-order Butterworth lowpass filter for high-frequency noise, common average referencing (CAR), data smoothing via interpolation with spline cubic curves at 750Hz",window,yes,yes,no intruders
147_Right-Hand-Vertical-Resilient-Post-Exercise,177,147|Right Hand Vertical Resilient Post-Exercise,147,Right Hand Vertical Resilient Post-Exercise,SCG,one condition,low (one day),kernel,20,20,0.14435772006360537,converted EER,80,0.8,0.8,,included; accuracy missing and EER is a valid percentage,,,no reported uncertainty,,0,No parenthesized uncertainty was reported in the selected accuracy/EER field.,0.8,1.3862943611198908,,,0,0,0,0,0,0,1,0,kernel,SVM,no intruders,one condition,low (one day),1 sec,126 sec,own device,wrist,handcrafted,,no,"Savitzky-Golay filter for low frequency noise, sixth-order Butterworth lowpass filter for high-frequency noise; removal of motion artifacts by averaging 5 consecutive data samples, common average referencing (CAR), data smoothing via interpolation with spline cubic curves at 750Hz",window,yes,yes,no intruders
147_Right-Hand-Horizontal-Resilient-Post-Exercise,178,147|Right Hand Horizontal Resilient Post-Exercise,147,Right Hand Horizontal Resilient Post-Exercise,SCG,one condition,low (one day),kernel,20,20,0.14435772006360537,converted EER,81,0.81,0.81,,included; accuracy missing and EER is a valid percentage,,,no reported uncertainty,,0,No parenthesized uncertainty was reported in the selected accuracy/EER field.,0.81,1.4500101755059986,,,0,0,0,0,0,0,1,0,kernel,SVM,no intruders,one condition,low (one day),1 sec,126 sec,own device,wrist,handcrafted,,no,"Savitzky-Golay filter for low frequency noise, sixth-order Butterworth lowpass filter for high-frequency noise; removal of motion artifacts by averaging 5 consecutive data samples, common average referencing (CAR), data smoothing via interpolation with spline cubic curves at 750Hz",window,yes,yes,no intruders
147_Right-Hand-Dorsal-Ventral-Resilient-Post-Exercise,179,147|Right Hand Dorsal-Ventral Resilient Post-Exercise,147,Right Hand Dorsal-Ventral Resilient Post-Exercise,SCG,one condition,low (one day),kernel,20,20,0.14435772006360537,converted EER,82,0.82,0.82,,included; accuracy missing and EER is a valid percentage,,,no reported uncertainty,,0,No parenthesized uncertainty was reported in the selected accuracy/EER field.,0.82,1.5163474893680882,,,0,0,0,0,0,0,1,0,kernel,SVM,no intruders,one condition,low (one day),1 sec,126 sec,own device,wrist,handcrafted,,no,"Savitzky-Golay filter for low frequency noise, sixth-order Butterworth lowpass filter for high-frequency noise; removal of motion artifacts by averaging 5 consecutive data samples, common average referencing (CAR), data smoothing via interpolation with spline cubic curves at 750Hz",window,yes,yes,no intruders
147_Left-Hand-Vertical-Resilient-Post-Exercise,180,147|Left Hand Vertical Resilient Post-Exercise,147,Left Hand Vertical Resilient Post-Exercise,SCG,one condition,low (one day),kernel,20,20,0.14435772006360537,converted EER,87,0.87,0.87,,included; accuracy missing and EER is a valid percentage,,,no reported uncertainty,,0,No parenthesized uncertainty was reported in the selected accuracy/EER field.,0.87,1.900958761193047,,,0,0,0,0,0,0,1,0,kernel,SVM,no intruders,one condition,low (one day),1 sec,126 sec,own device,wrist,handcrafted,,no,"Savitzky-Golay filter for low frequency noise, sixth-order Butterworth lowpass filter for high-frequency noise; removal of motion artifacts by averaging 5 consecutive data samples, common average referencing (CAR), data smoothing via interpolation with spline cubic curves at 750Hz",window,yes,yes,no intruders
147_Left-Hand-Horizontal-Resilient-Post-Exercise,181,147|Left Hand Horizontal Resilient Post-Exercise,147,Left Hand Horizontal Resilient Post-Exercise,SCG,one condition,low (one day),kernel,20,20,0.14435772006360537,converted EER,81,0.81,0.81,,included; accuracy missing and EER is a valid percentage,,,no reported uncertainty,,0,No parenthesized uncertainty was reported in the selected accuracy/EER field.,0.81,1.4500101755059986,,,0,0,0,0,0,0,1,0,kernel,SVM,no intruders,one condition,low (one day),1 sec,126 sec,own device,wrist,handcrafted,,no,"Savitzky-Golay filter for low frequency noise, sixth-order Butterworth lowpass filter for high-frequency noise; removal of motion artifacts by averaging 5 consecutive data samples, common average referencing (CAR), data smoothing via interpolation with spline cubic curves at 750Hz",window,yes,yes,no intruders
147_Left-Hand-Dorsal-Ventral-Resilient-Post-Exercise,182,147|Left Hand Dorsal-Ventral Resilient Post-Exercise,147,Left Hand Dorsal-Ventral Resilient Post-Exercise,SCG,one condition,low (one day),kernel,20,20,0.14435772006360537,converted EER,80,0.8,0.8,,included; accuracy missing and EER is a valid percentage,,,no reported uncertainty,,0,No parenthesized uncertainty was reported in the selected accuracy/EER field.,0.8,1.3862943611198908,,,0,0,0,0,0,0,1,0,kernel,SVM,no intruders,one condition,low (one day),1 sec,126 sec,own device,wrist,handcrafted,,no,"Savitzky-Golay filter for low frequency noise, sixth-order Butterworth lowpass filter for high-frequency noise; removal of motion artifacts by averaging 5 consecutive data samples, common average referencing (CAR), data smoothing via interpolation with spline cubic curves at 750Hz",window,yes,yes,no intruders
147_Left-Carotid-Vertical-Resilient-Post-Exercise,183,147|Left Carotid Vertical Resilient Post-Exercise,147,Left Carotid Vertical Resilient Post-Exercise,SCG,one condition,low (one day),kernel,20,20,0.14435772006360537,converted EER,91,0.91,0.91,,included; accuracy missing and EER is a valid percentage,,,no reported uncertainty,,0,No parenthesized uncertainty was reported in the selected accuracy/EER field.,0.91,2.313634929180631,,,0,0,0,0,0,0,1,0,kernel,SVM,no intruders,one condition,low (one day),1 sec,126 sec,own device,neck,handcrafted,,no,"Savitzky-Golay filter for low frequency noise, sixth-order Butterworth lowpass filter for high-frequency noise; removal of motion artifacts by averaging 5 consecutive data samples, common average referencing (CAR), data smoothing via interpolation with spline cubic curves at 750Hz",window,yes,yes,no intruders
147_Left-Carotid-Horizontal-Resilient-Post-Exercise,184,147|Left Carotid Horizontal Resilient Post-Exercise,147,Left Carotid Horizontal Resilient Post-Exercise,SCG,one condition,low (one day),kernel,20,20,0.14435772006360537,converted EER,88,0.88,0.88,,included; accuracy missing and EER is a valid percentage,,,no reported uncertainty,,0,No parenthesized uncertainty was reported in the selected accuracy/EER field.,0.88,1.9924301646902063,,,0,0,0,0,0,0,1,0,kernel,SVM,no intruders,one condition,low (one day),1 sec,126 sec,own device,neck,handcrafted,,no,"Savitzky-Golay filter for low frequency noise, sixth-order Butterworth lowpass filter for high-frequency noise; removal of motion artifacts by averaging 5 consecutive data samples, common average referencing (CAR), data smoothing via interpolation with spline cubic curves at 750Hz",window,yes,yes,no intruders
147_Left-Carotid-Dorsal-Ventral-Resilient-Post-Exercise,185,147|Left Carotid Dorsal-Ventral Resilient Post-Exercise,147,Left Carotid Dorsal-Ventral Resilient Post-Exercise,SCG,one condition,low (one day),kernel,20,20,0.14435772006360537,converted EER,89,0.89,0.89,,included; accuracy missing and EER is a valid percentage,,,no reported uncertainty,,0,No parenthesized uncertainty was reported in the selected accuracy/EER field.,0.89,2.0907410969337694,,,0,0,0,0,0,0,1,0,kernel,SVM,no intruders,one condition,low (one day),1 sec,126 sec,own device,neck,handcrafted,,no,"Savitzky-Golay filter for low frequency noise, sixth-order Butterworth lowpass filter for high-frequency noise; removal of motion artifacts by averaging 5 consecutive data samples, common average referencing (CAR), data smoothing via interpolation with spline cubic curves at 750Hz",window,yes,yes,no intruders
147_Heart-Vertical-Resilient-Post-Exercise,186,147|Heart Vertical Resilient Post-Exercise,147,Heart Vertical Resilient Post-Exercise,SCG,one condition,low (one day),kernel,20,20,0.14435772006360537,converted EER,99.9,0.9990000000000001,0.9990000000000001,,included; accuracy missing and EER is a valid percentage,,,no reported uncertainty,,0,No parenthesized uncertainty was reported in the selected accuracy/EER field.,0.9990000000000001,6.906754778648664,,,0,0,0,0,0,0,1,0,kernel,SVM,no intruders,one condition,low (one day),1 sec,126 sec,own device,chest/torso,handcrafted,,no,"Savitzky-Golay filter for low frequency noise, sixth-order Butterworth lowpass filter for high-frequency noise; removal of motion artifacts by averaging 5 consecutive data samples, common average referencing (CAR), data smoothing via interpolation with spline cubic curves at 750Hz",window,yes,yes,no intruders
147_Heart-Horizontal-Resilient-Post-Exercise,187,147|Heart Horizontal Resilient Post-Exercise,147,Heart Horizontal Resilient Post-Exercise,SCG,one condition,low (one day),kernel,20,20,0.14435772006360537,converted EER,98,0.98,0.98,,included; accuracy missing and EER is a valid percentage,,,no reported uncertainty,,0,No parenthesized uncertainty was reported in the selected accuracy/EER field.,0.98,3.8918202981106256,,,0,0,0,0,0,0,1,0,kernel,SVM,no intruders,one condition,low (one day),1 sec,126 sec,own device,chest/torso,handcrafted,,no,"Savitzky-Golay filter for low frequency noise, sixth-order Butterworth lowpass filter for high-frequency noise; removal of motion artifacts by averaging 5 consecutive data samples, common average referencing (CAR), data smoothing via interpolation with spline cubic curves at 750Hz",window,yes,yes,no intruders
147_Heart-Dorsal-Ventral-Resilient-Post-Exercise,188,147|Heart Dorsal-Ventral Resilient Post-Exercise,147,Heart Dorsal-Ventral Resilient Post-Exercise,SCG,one condition,low (one day),kernel,20,20,0.14435772006360537,converted EER,98,0.98,0.98,,included; accuracy missing and EER is a valid percentage,,,no reported uncertainty,,0,No parenthesized uncertainty was reported in the selected accuracy/EER field.,0.98,3.8918202981106256,,,0,0,0,0,0,0,1,0,kernel,SVM,no intruders,one condition,low (one day),1 sec,126 sec,own device,chest/torso,handcrafted,,no,"Savitzky-Golay filter for low frequency noise, sixth-order Butterworth lowpass filter for high-frequency noise; removal of motion artifacts by averaging 5 consecutive data samples, common average referencing (CAR), data smoothing via interpolation with spline cubic curves at 750Hz",window,yes,yes,no intruders
147_Sternum-Vertical-Resilient-Post-Exercise,189,147|Sternum Vertical Resilient Post-Exercise,147,Sternum Vertical Resilient Post-Exercise,SCG,one condition,low (one day),kernel,20,20,0.14435772006360537,converted EER,99.9,0.9990000000000001,0.9990000000000001,,included; accuracy missing and EER is a valid percentage,,,no reported uncertainty,,0,No parenthesized uncertainty was reported in the selected accuracy/EER field.,0.9990000000000001,6.906754778648664,,,0,0,0,0,0,0,1,0,kernel,SVM,no intruders,one condition,low (one day),1 sec,126 sec,own device,chest/torso,handcrafted,,no,"Savitzky-Golay filter for low frequency noise, sixth-order Butterworth lowpass filter for high-frequency noise; removal of motion artifacts by averaging 5 consecutive data samples, common average referencing (CAR), data smoothing via interpolation with spline cubic curves at 750Hz",window,yes,yes,no intruders
147_Sternum-Horizontal-Resilient-Post-Exercise,190,147|Sternum Horizontal Resilient Post-Exercise,147,Sternum Horizontal Resilient Post-Exercise,SCG,one condition,low (one day),kernel,20,20,0.14435772006360537,converted EER,98,0.98,0.98,,included; accuracy missing and EER is a valid percentage,,,no reported uncertainty,,0,No parenthesized uncertainty was reported in the selected accuracy/EER field.,0.98,3.8918202981106256,,,0,0,0,0,0,0,1,0,kernel,SVM,no intruders,one condition,low (one day),1 sec,126 sec,own device,chest/torso,handcrafted,,no,"Savitzky-Golay filter for low frequency noise, sixth-order Butterworth lowpass filter for high-frequency noise; removal of motion artifacts by averaging 5 consecutive data samples, common average referencing (CAR), data smoothing via interpolation with spline cubic curves at 750Hz",window,yes,yes,no intruders
147_Sternum-Dorsal-Ventral-Resilient-Post-Exercise,191,147|Sternum Dorsal-Ventral Resilient Post-Exercise,147,Sternum Dorsal-Ventral Resilient Post-Exercise,SCG,one condition,low (one day),kernel,20,20,0.14435772006360537,converted EER,99,0.99,0.99,,included; accuracy missing and EER is a valid percentage,,,no reported uncertainty,,0,No parenthesized uncertainty was reported in the selected accuracy/EER field.,0.99,4.595119850134589,,,0,0,0,0,0,0,1,0,kernel,SVM,no intruders,one condition,low (one day),1 sec,126 sec,own device,chest/torso,handcrafted,,no,"Savitzky-Golay filter for low frequency noise, sixth-order Butterworth lowpass filter for high-frequency noise; removal of motion artifacts by averaging 5 consecutive data samples, common average referencing (CAR), data smoothing via interpolation with spline cubic curves at 750Hz",window,yes,yes,no intruders
189_NN-FF-intraday,192,189|NN-FF intraday,189,NN-FF intraday,EDA,everyday activities,medium (multiple days),dl,30,30,0.8230875014240396,converted EER,98.54,0.9854,0.9854,,included; accuracy missing and EER is a valid percentage,EER,1.53,converted subject-level SD,30,0,Single-user uploaded results support SD/sqrt(30) conversion.,0.9854,4.212026121395576,0.0027933850432763476,0.0027933850432763476,0.19416251541522375,1,0.19416251541522375,1,0,0,1,0,dl,FF-NN,no intruders,everyday activities,medium (multiple days),3 sec,>144 min,Microsoft Band 2,wrist,handcrafted,low,no,noise removal and reducing the dimensionality of the signal,window,yes,yes,no intruders
189_NN-FF-2,193,189|NN-FF 2,189,NN-FF 2,EDA,everyday activities,medium (multiple days),dl,30,30,0.8230875014240396,converted EER,97.82,0.9782,0.9782,,included; accuracy missing and EER is a valid percentage,EER,2.65,converted subject-level SD,30,0,Single-user uploaded results support SD/sqrt(30) conversion.,0.9782,3.8038041783102114,0.004838215924628967,0.004838215924628967,0.22688254989172013,1,0.22688254989172013,1,0,0,1,0,dl,FF-NN,no intruders,everyday activities,medium (multiple days),3 sec,>240 min,Microsoft Band 2,wrist,handcrafted,low,no,noise removal and reducing the dimensionality of the signal,window,yes,yes,no intruders
189_NN-FF-3,194,189|NN-FF 3,189,NN-FF 3,EDA,everyday activities,medium (multiple days),dl,30,30,0.8230875014240396,converted EER,96.6,0.966,0.966,,included; accuracy missing and EER is a valid percentage,EER,4.88,converted subject-level SD,30,0,Single-user uploaded results support SD/sqrt(30) conversion.,0.966,3.3468033095963556,0.008909620268750702,0.008909620268750702,0.2712708643511964,1,0.2712708643511964,1,0,0,1,0,dl,FF-NN,no intruders,everyday activities,medium (multiple days),3 sec,>240 min,Microsoft Band 2,wrist,handcrafted,low,no,noise removal and reducing the dimensionality of the signal,window,yes,yes,no intruders
189_NN-FF-best-score,195,189|NN-FF best score,189,NN-FF best score,EDA,everyday activities,medium (multiple days),dl,30,30,0.8230875014240396,converted EER,99.46,0.9945999999999999,0.9945999999999999,,included; accuracy missing and EER is a valid percentage,EER,1,converted subject-level SD,30,0,Single-user uploaded results support SD/sqrt(30) conversion.,0.9945999999999999,5.2159416927103965,0.0018257418583505535,0.0018257418583505535,0.33993599853105466,1,0.33993599853105466,1,0,0,1,0,dl,FF-NN,no intruders,everyday activities,medium (multiple days),3 sec,>240 min,Microsoft Band 2,wrist,handcrafted,low,no,noise removal and reducing the dimensionality of the signal,window,yes,yes,no intruders
205_PPG,196,205|PPG,205,PPG,PPG,one condition,,dl_temp,10,10,-1.0159385049485599,direct accuracy,100,1,0.999999,1e-6,included,,,no reported uncertainty,,0,No parenthesized uncertainty was reported in the selected accuracy/EER field.,0.999999,13.815509557935018,,,0,0,0,0,0,1,0,0,dl_temp,LSTM,no intruders,one condition,,,,own device,wrist,hybrid,,no,bandpass filter (0.67-45 Hz),window,no,yes,no intruders
205_ECG,197,205|ECG,205,ECG,ECG,one condition,,dl_temp,10,10,-1.0159385049485599,direct accuracy,88.9,0.889,0.889,,included,,,no reported uncertainty,,0,No parenthesized uncertainty was reported in the selected accuracy/EER field.,0.889,2.0805670342015703,,,0,0,0,0,1,0,0,0,dl_temp,LSTM,no intruders,one condition,,,,own device,wrist,hybrid,,no,bandpass filter (0.67-45 Hz),window,no,yes,no intruders
278_S1-idle-S1-typing1-PPG,199,278|S1 idle - S1 typing1 PPG,278,S1 idle - S1 typing1 PPG,PPG,multiple conditions,low (one day),Other algorithm,53,53,1.7757253473914267,converted EER,79.32,0.7931999999999999,0.7931999999999999,,included; accuracy missing and EER is a valid percentage,EER,1.18,unclear reporting,53,1,Reported uncertainty has uncertain provenance; sensitivity analysis can treat it as SD/sqrt(53).,0.7931999999999999,1.3443232540113663,,0.0016208546545945304,0,0,0.0098812260024676,1,0,1,0,0,Other algorithm,kNN,no intruders,multiple conditions,low (one day),600 ms,2 min,own device,wrist,handcrafted,,no,"band-pass Butterworth filter (order 4, 1-8 Hz), outlier removal",window,yes,yes,no intruders
278_S1-idle-S1-touchpad-PPG,200,278|S1 idle - S1 touchpad PPG,278,S1 idle - S1 touchpad PPG,PPG,multiple conditions,low (one day),Other algorithm,53,53,1.7757253473914267,converted EER,93.16,0.9316,0.9316,,included; accuracy missing and EER is a valid percentage,EER,0.65,unclear reporting,53,1,Reported uncertainty has uncertain provenance; sensitivity analysis can treat it as SD/sqrt(53).,0.9316,2.611530713381681,,8.928436656664787e-4,0,0,0.014011668061275427,1,0,1,0,0,Other algorithm,kNN,no intruders,multiple conditions,low (one day),600 ms,2 min,own device,wrist,handcrafted,,no,"band-pass Butterworth filter (order 4, 1-8 Hz), outlier removal",window,yes,yes,no intruders
278_S1-idle-S1-typing-2-PPG,201,278|S1 idle - S1 typing 2 PPG,278,S1 idle - S1 typing 2 PPG,PPG,multiple conditions,low (one day),Other algorithm,53,53,1.7757253473914267,converted EER,77.88,0.7787999999999999,0.7787999999999999,,included; accuracy missing and EER is a valid percentage,EER,0.77,unclear reporting,53,1,Reported uncertainty has uncertain provenance; sensitivity analysis can treat it as SD/sqrt(53).,0.7787999999999999,1.2586870038498645,,0.0010576763424049057,0,0,0.006139623290276094,1,0,1,0,0,Other algorithm,kNN,no intruders,multiple conditions,low (one day),600 ms,2 min,own device,wrist,handcrafted,,no,"band-pass Butterworth filter (order 4, 1-8 Hz), outlier removal",window,yes,yes,no intruders
278_S1-idle-S2-idle-PPG,202,278|S1 idle - S2 idle PPG,278,S1 idle - S2 idle PPG,PPG,one condition,high (> one week),Other algorithm,53,53,1.7757253473914267,converted EER,72.1,0.721,0.721,,included; accuracy missing and EER is a valid percentage,EER,0.55,unclear reporting,53,1,Reported uncertainty has uncertain provenance; sensitivity analysis can treat it as SD/sqrt(53).,0.721,0.9494273554635833,,7.554831017177897e-4,0,0,0.0037556515080995117,1,0,1,0,0,Other algorithm,kNN,no intruders,one condition,high (> one week),600 ms,2 min,own device,wrist,handcrafted,,no,"band-pass Butterworth filter (order 4, 1-8 Hz), outlier removal",window,yes,yes,no intruders
278_S1-idle-S1-typing1-ECG,203,278|S1 idle - S1 typing1 ECG,278,S1 idle - S1 typing1 ECG,ECG,multiple conditions,low (one day),Other algorithm,53,53,1.7757253473914267,converted EER,93.34,0.9334,0.9334,,included; accuracy missing and EER is a valid percentage,EER,0.04,unclear reporting,53,1,Reported uncertainty has uncertain provenance; sensitivity analysis can treat it as SD/sqrt(53).,0.9334,2.640129255969372,,5.494422557947561e-5,0,0,8.838529805701719e-4,1,1,0,0,0,Other algorithm,kNN,no intruders,multiple conditions,low (one day),600 ms,2 min,own device,chest/torso,handcrafted,,no,"median filters (200 and 600 ms windows), low-pass finite impulse response filter of order 300 with a flat-top window, for removing powerline interference noise and high frequency components EMG noise. Cutoff frequencies 20 and 40 Hz tested, outlier removal",window,yes,yes,no intruders
278_S1-idle-S1-touchpad-ECG,204,278|S1 idle - S1 touchpad ECG,278,S1 idle - S1 touchpad ECG,ECG,multiple conditions,low (one day),Other algorithm,53,53,1.7757253473914267,converted EER,94.12,0.9412,0.9412,,included; accuracy missing and EER is a valid percentage,EER,0.35,unclear reporting,53,1,Reported uncertainty has uncertain provenance; sensitivity analysis can treat it as SD/sqrt(53).,0.9412,2.773013801948627,,4.807619738204116e-4,0,0,0.008687020871828334,1,1,0,0,0,Other algorithm,kNN,no intruders,multiple conditions,low (one day),600 ms,2 min,own device,chest/torso,handcrafted,,no,"median filters (200 and 600 ms windows), low-pass finite impulse response filter of order 300 with a flat-top window, for removing powerline interference noise and high frequency components EMG noise. Cutoff frequencies 20 and 40 Hz tested, outlier removal",window,yes,yes,no intruders
278_S1-idle-S1-typing-2-ECG,205,278|S1 idle - S1 typing 2 ECG,278,S1 idle - S1 typing 2 ECG,ECG,multiple conditions,low (one day),Other algorithm,53,53,1.7757253473914267,converted EER,92.47,0.9247,0.9247,,included; accuracy missing and EER is a valid percentage,EER,0.4,unclear reporting,53,1,Reported uncertainty has uncertain provenance; sensitivity analysis can treat it as SD/sqrt(53).,0.9247,2.5079892257777443,,5.494422557947562e-4,0,0,0.007890894240632452,1,1,0,0,0,Other algorithm,kNN,no intruders,multiple conditions,low (one day),600 ms,2 min,own device,chest/torso,handcrafted,,no,"median filters (200 and 600 ms windows), low-pass finite impulse response filter of order 300 with a flat-top window, for removing powerline interference noise and high frequency components EMG noise. Cutoff frequencies 20 and 40 Hz tested, outlier removal",window,yes,yes,no intruders
278_S1-idle-S2-idle-ECG,206,278|S1 idle - S2 idle ECG,278,S1 idle - S2 idle ECG,ECG,one condition,high (> one week),Other algorithm,53,53,1.7757253473914267,converted EER,67.28,0.6728000000000001,0.6728000000000001,,included; accuracy missing and EER is a valid percentage,EER,0.4,unclear reporting,53,1,Reported uncertainty has uncertain provenance; sensitivity analysis can treat it as SD/sqrt(53).,0.6728000000000001,0.7208765039301465,,5.494422557947562e-4,0,0,0.002495874699985483,1,1,0,0,0,Other algorithm,kNN,no intruders,one condition,high (> one week),600 ms,2 min,own device,chest/torso,handcrafted,,no,"median filters (200 and 600 ms windows), low-pass finite impulse response filter of order 300 with a flat-top window, for removing powerline interference noise and high frequency components EMG noise. Cutoff frequencies 20 and 40 Hz tested, outlier removal",window,yes,yes,no intruders
298_static-GBT,207,298|static GBT,298,static GBT,PPG,one condition,low (one day),tree,20,20,0.14435772006360537,direct accuracy,90.73,0.9073,0.9073,,included,,,no reported uncertainty,,0,No parenthesized uncertainty was reported in the selected accuracy/EER field.,0.9073,2.2811046836037736,,,0,0,0,0,0,1,0,0,tree,GBM,no intruders,one condition,low (one day),,5 min,own device,wrist,handcrafted,low,no,"Noise Reduction using Filtering, Butterworth bandpass filter (0.5−6 Hz) order 2",beat,no,yes,no intruders
298_static-4-windows,208,298|static 4 windows,298,static 4 windows,PPG,one condition,low (one day),tree,20,20,0.14435772006360537,direct accuracy,90,0.9,0.9,,included,,,no reported uncertainty,,0,No parenthesized uncertainty was reported in the selected accuracy/EER field.,0.9,2.1972245773362196,,,0,0,0,0,0,1,0,0,tree,GBM,no intruders,one condition,low (one day),4*(HB+2s),5 min,own device,wrist,handcrafted,low,no,"Noise Reduction using Filtering, Butterworth bandpass filter (0.5−6 Hz) order 2",beat,no,yes,no intruders
298_static-6-windows,209,298|static 6 windows,298,static 6 windows,PPG,one condition,low (one day),tree,20,20,0.14435772006360537,direct accuracy,90,0.9,0.9,,included,,,no reported uncertainty,,0,No parenthesized uncertainty was reported in the selected accuracy/EER field.,0.9,2.1972245773362196,,,0,0,0,0,0,1,0,0,tree,GBM,no intruders,one condition,low (one day),6*(HB+2s),5 min,own device,wrist,handcrafted,low,no,"Noise Reduction using Filtering, Butterworth bandpass filter (0.5−6 Hz) order 2",beat,no,yes,no intruders
298_static-5min,210,298|static 5min,298,static 5min,PPG,one condition,low (one day),tree,20,20,0.14435772006360537,direct accuracy,90.65,0.9065000000000001,0.9065000000000001,,included,,,no reported uncertainty,,0,No parenthesized uncertainty was reported in the selected accuracy/EER field.,0.9065000000000001,2.2716295939002653,,,0,0,0,0,0,1,0,0,tree,GBM,no intruders,one condition,low (one day),6*(HB+2s),5 min,own device,wrist,handcrafted,low,no,"Noise Reduction using Filtering, Butterworth bandpass filter (0.5−6 Hz) order 2",beat,no,yes,no intruders
298_static-1min,211,298|static 1min,298,static 1min,PPG,one condition,low (one day),tree,20,20,0.14435772006360537,direct accuracy,77.75,0.7775,0.7775,,included,,,no reported uncertainty,,0,No parenthesized uncertainty was reported in the selected accuracy/EER field.,0.7775,1.251156542447094,,,0,0,0,0,0,1,0,0,tree,GBM,no intruders,one condition,low (one day),6*(HB+2s),1 min,own device,wrist,handcrafted,low,no,"Noise Reduction using Filtering, Butterworth bandpass filter (0.5−6 Hz) order 2",beat,no,yes,no intruders
298_static-SVM,212,298|static SVM,298,static SVM,PPG,one condition,low (one day),tree,20,20,0.14435772006360537,direct accuracy,75,0.75,0.75,,included,,,no reported uncertainty,,0,No parenthesized uncertainty was reported in the selected accuracy/EER field.,0.75,1.0986122886681098,,,0,0,0,0,0,1,0,0,tree,GBM,no intruders,one condition,low (one day),6*(HB+2s),5 min,own device,wrist,handcrafted,low,no,"Noise Reduction using Filtering, Butterworth bandpass filter (0.5−6 Hz) order 2",beat,no,yes,no intruders
298_static-NN,213,298|static NN,298,static NN,PPG,one condition,low (one day),tree,20,20,0.14435772006360537,direct accuracy,80,0.8,0.8,,included,,,no reported uncertainty,,0,No parenthesized uncertainty was reported in the selected accuracy/EER field.,0.8,1.3862943611198908,,,0,0,0,0,0,1,0,0,tree,GBM,no intruders,one condition,low (one day),6*(HB+2s),5 min,own device,wrist,handcrafted,low,no,"Noise Reduction using Filtering, Butterworth bandpass filter (0.5−6 Hz) order 2",beat,no,yes,no intruders
298_static-25hz,214,298|static 25hz,298,static 25hz,PPG,one condition,low (one day),tree,20,20,0.14435772006360537,direct accuracy,88,0.88,0.88,,included,,,no reported uncertainty,,0,No parenthesized uncertainty was reported in the selected accuracy/EER field.,0.88,1.9924301646902063,,,0,0,0,0,0,1,0,0,tree,GBM,no intruders,one condition,low (one day),6*(HB+2s),5 min,own device,wrist,handcrafted,low,no,"Downsampling to 25 Hz, Noise Reduction using Filtering, Butterworth bandpass filter (0.5−6 Hz) order 2",beat,no,yes,no intruders
298_far-wrist-MA-removal,215,298|far-wrist MA removal,298,far-wrist MA removal,PPG,multiple conditions,low (one day),tree,5,5,-2.1762347299607265,direct accuracy,89.2,0.892,0.892,,included,,,no reported uncertainty,,0,No parenthesized uncertainty was reported in the selected accuracy/EER field.,0.892,2.1113349054557897,,,0,0,0,0,0,1,0,0,tree,GBM,no intruders,multiple conditions,low (one day),6*(HB+2s),5 min,own device,wrist,handcrafted,low,no,"Noise Reduction using Filtering, Motion artefact detection, classification and filtering via special moving average filter, Butterworth bandpass filter (0.5−6 Hz) order 2",beat,no,yes,no intruders
298_far-wrist-no-MA-removal,216,298|far-wrist no MA removal,298,far-wrist no MA removal,PPG,multiple conditions,low (one day),tree,5,5,-2.1762347299607265,direct accuracy,72.2,0.722,0.722,,included,,,no reported uncertainty,,0,No parenthesized uncertainty was reported in the selected accuracy/EER field.,0.722,0.9544040252021891,,,0,0,0,0,0,1,0,0,tree,GBM,no intruders,multiple conditions,low (one day),6*(HB+2s),5 min,own device,wrist,handcrafted,low,no,"Noise Reduction using Filtering, classification and filtering via special moving average filter, Butterworth bandpass filter (0.5−6 Hz) order 2",beat,no,yes,no intruders
298_near-wrist-MA-removal,217,298|near-wrist MA removal,298,near-wrist MA removal,PPG,multiple conditions,low (one day),tree,5,5,-2.1762347299607265,direct accuracy,75.2,0.752,0.752,,included,,,no reported uncertainty,,0,No parenthesized uncertainty was reported in the selected accuracy/EER field.,0.752,1.1093075777848576,,,0,0,0,0,0,1,0,0,tree,GBM,no intruders,multiple conditions,low (one day),6*(HB+2s),5 min,own device,wrist,handcrafted,low,no,"Noise Reduction using Filtering, Motion artefact detection, classification and filtering via special moving average filter, Butterworth bandpass filter (0.5−6 Hz) order 2",beat,no,yes,no intruders
298_near-wrist-no-MA-removal,218,298|near-wrist no MA removal,298,near-wrist no MA removal,PPG,multiple conditions,low (one day),tree,5,5,-2.1762347299607265,direct accuracy,36.6,0.366,0.366,,included,,,no reported uncertainty,,0,No parenthesized uncertainty was reported in the selected accuracy/EER field.,0.366,-0.5494156210358597,,,0,0,0,0,0,1,0,0,tree,GBM,no intruders,multiple conditions,low (one day),6*(HB+2s),5 min,own device,wrist,handcrafted,low,no,"Noise Reduction using Filtering, classification and filtering via special moving average filter, Butterworth bandpass filter (0.5−6 Hz) order 2",beat,no,yes,no intruders
298_static-2h,219,298|static 2h,298,static 2h,PPG,one condition,low (one day),tree,20,20,0.14435772006360537,direct accuracy,86,0.86,0.86,,included,,,no reported uncertainty,,0,No parenthesized uncertainty was reported in the selected accuracy/EER field.,0.86,1.815289966638249,,,0,0,0,0,0,1,0,0,tree,GBM,no intruders,one condition,low (one day),6*(HB+2s),5 min,own device,wrist,handcrafted,low,no,"Noise Reduction using Filtering, Motion artefact detection, classification and filtering via special moving average filter, Butterworth bandpass filter (0.5−6 Hz) order 2",beat,no,yes,no intruders
298_static-3h,220,298|static 3h,298,static 3h,PPG,one condition,low (one day),tree,20,20,0.14435772006360537,direct accuracy,84,0.84,0.84,,included,,,no reported uncertainty,,0,No parenthesized uncertainty was reported in the selected accuracy/EER field.,0.84,1.6582280766035322,,,0,0,0,0,0,1,0,0,tree,GBM,no intruders,one condition,low (one day),6*(HB+2s),5 min,own device,wrist,handcrafted,low,no,"Noise Reduction using Filtering, Motion artefact detection, classification and filtering via special moving average filter, Butterworth bandpass filter (0.5−6 Hz) order 2",beat,no,yes,no intruders
298_static-adaptive-3h,221,298|static adaptive 3h,298,static adaptive 3h,PPG,one condition,low (one day),tree,20,20,0.14435772006360537,direct accuracy,90,0.9,0.9,,included,,,no reported uncertainty,,0,No parenthesized uncertainty was reported in the selected accuracy/EER field.,0.9,2.1972245773362196,,,0,0,0,0,0,1,0,0,tree,GBM,no intruders,one condition,low (one day),6*(HB+2s),5 min,own device,wrist,handcrafted,low,no,"Noise Reduction using Filtering, Motion artefact detection, classification and filtering via special moving average filter, Butterworth bandpass filter (0.5−6 Hz) order 2",beat,no,yes,no intruders
298_VMD-FastICA-12s,222,298|VMD+FastICA 12s,298,VMD+FastICA 12s,PPG,multiple conditions,low (one day),tree,4,4,-2.549766683183891,direct accuracy,62,0.62,0.62,,included,,,no reported uncertainty,,0,No parenthesized uncertainty was reported in the selected accuracy/EER field.,0.62,0.4895482253187058,,,0,0,0,0,0,1,0,0,tree,GBM,no intruders,multiple conditions,low (one day),6*(HB+2s),5 min,own device,wrist,handcrafted,low,no,"Noise Reduction using Filtering, Motion artefact detection, classification and filtering via special moving average filter, Butterworth bandpass filter (0.5−6 Hz) order 2, variational mode decomposition (VMD), Fast Independent component analysis (ICA) with 10 runs",beat,no,yes,no intruders
298_CEEMDAN-FastICA-12s,223,298|CEEMDAN + FastICA 12s,298,CEEMDAN + FastICA 12s,PPG,multiple conditions,low (one day),tree,4,4,-2.549766683183891,direct accuracy,63,0.63,0.63,,included,,,no reported uncertainty,,0,No parenthesized uncertainty was reported in the selected accuracy/EER field.,0.63,0.5322168137473082,,,0,0,0,0,0,1,0,0,tree,GBM,no intruders,multiple conditions,low (one day),6*(HB+2s),5 min,own device,wrist,handcrafted,low,no,"Noise Reduction using Filtering, Motion artefact detection, classification and filtering via special moving average filter, Butterworth bandpass filter (0.5−6 Hz) order 2, complete ensemble EMD with adaptive noise (CEEMDAN), Fast Independent component analysis (ICA) with 10 runs",beat,no,yes,no intruders
298_VMD-FastICA-24s,224,298|VMD+FastICA 24s,298,VMD+FastICA 24s,PPG,multiple conditions,low (one day),tree,4,4,-2.549766683183891,direct accuracy,69,0.69,0.69,,included,,,no reported uncertainty,,0,No parenthesized uncertainty was reported in the selected accuracy/EER field.,0.69,0.8001193001121129,,,0,0,0,0,0,1,0,0,tree,GBM,no intruders,multiple conditions,low (one day),6*(HB+2s),5 min,own device,wrist,handcrafted,low,no,"Noise Reduction using Filtering, Motion artefact detection, classification and filtering via special moving average filter, Butterworth bandpass filter (0.5−6 Hz) order 2, variational mode decomposition (VMD), Fast Independent component analysis (ICA) with 10 runs",beat,no,yes,no intruders
298_CEEMDAN-FastICA-24s,225,298|CEEMDAN + FastICA 24s,298,CEEMDAN + FastICA 24s,PPG,multiple conditions,low (one day),tree,4,4,-2.549766683183891,direct accuracy,74,0.74,0.74,,included,,,no reported uncertainty,,0,No parenthesized uncertainty was reported in the selected accuracy/EER field.,0.74,1.0459685551826876,,,0,0,0,0,0,1,0,0,tree,GBM,no intruders,multiple conditions,low (one day),6*(HB+2s),5 min,own device,wrist,handcrafted,low,no,"Noise Reduction using Filtering, Motion artefact detection, classification and filtering via special moving average filter, Butterworth bandpass filter (0.5−6 Hz) order 2, complete ensemble EMD with adaptive noise (CEEMDAN), Fast Independent component analysis (ICA) with 10 runs",beat,no,yes,no intruders
305_LR-30-EDA,226,305|LR 30 EDA,305,LR 30 EDA,EDA,everyday activities,medium (multiple days),Other algorithm,74,74,2.3344461663201366,converted EER,78.13,0.7813,0.7813,,included; accuracy missing and EER is a valid percentage,,,no reported uncertainty,,0,No parenthesized uncertainty was reported in the selected accuracy/EER field.,0.7813,1.2732582713199765,,,0,0,0,0,0,0,1,0,Other algorithm,LR,no intruders,everyday activities,medium (multiple days),30s,4 days,Empatica E4,wrist,handcrafted,low,no,SVM trained to remove artifacts in EDA (5% detection error),window,no,yes,no intruders
305_MLP-30-EDA,227,305|MLP 30 EDA,305,MLP 30 EDA,EDA,everyday activities,medium (multiple days),dl,74,74,2.3344461663201366,converted EER,77.92,0.7792,0.7792,,included; accuracy missing and EER is a valid percentage,,,no reported uncertainty,,0,No parenthesized uncertainty was reported in the selected accuracy/EER field.,0.7792,1.261010437925385,,,0,0,0,0,0,0,1,0,dl,MLP,no intruders,everyday activities,medium (multiple days),30s,4 days,Empatica E4,wrist,handcrafted,low,no,SVM trained to remove artifacts in EDA (5% detection error),window,no,yes,no intruders
305_RF-30-EDA,228,305|RF 30 EDA,305,RF 30 EDA,EDA,everyday activities,medium (multiple days),tree,74,74,2.3344461663201366,converted EER,77.86,0.7786,0.7786,,included; accuracy missing and EER is a valid percentage,,,no reported uncertainty,,0,No parenthesized uncertainty was reported in the selected accuracy/EER field.,0.7786,1.2575264149018186,,,0,0,0,0,0,0,1,0,tree,RF,no intruders,everyday activities,medium (multiple days),30s,4 days,Empatica E4,wrist,handcrafted,low,no,SVM trained to remove artifacts in EDA (5% detection error),window,no,yes,no intruders
305_LR-60-EDA,229,305|LR 60 EDA,305,LR 60 EDA,EDA,everyday activities,medium (multiple days),Other algorithm,74,74,2.3344461663201366,converted EER,77.66,0.7766,0.7766,,included; accuracy missing and EER is a valid percentage,,,no reported uncertainty,,0,No parenthesized uncertainty was reported in the selected accuracy/EER field.,0.7766,1.2459615306624663,,,0,0,0,0,0,0,1,0,Other algorithm,LR,no intruders,everyday activities,medium (multiple days),60s,4 days,Empatica E4,wrist,handcrafted,low,no,SVM trained to remove artifacts in EDA (5% detection error),window,no,yes,no intruders
305_MLP-60-EDA,230,305|MLP 60 EDA,305,MLP 60 EDA,EDA,everyday activities,medium (multiple days),dl,74,74,2.3344461663201366,converted EER,78.57,0.7857,0.7857,,included; accuracy missing and EER is a valid percentage,,,no reported uncertainty,,0,No parenthesized uncertainty was reported in the selected accuracy/EER field.,0.7857,1.2991981377022443,,,0,0,0,0,0,0,1,0,dl,MLP,no intruders,everyday activities,medium (multiple days),60s,4 days,Empatica E4,wrist,handcrafted,low,no,SVM trained to remove artifacts in EDA (5% detection error),window,no,yes,no intruders
305_RF-60-EDA,231,305|RF 60 EDA,305,RF 60 EDA,EDA,everyday activities,medium (multiple days),tree,74,74,2.3344461663201366,converted EER,78.95,0.7895,0.7895,,included; accuracy missing and EER is a valid percentage,,,no reported uncertainty,,0,No parenthesized uncertainty was reported in the selected accuracy/EER field.,0.7895,1.3219141805732606,,,0,0,0,0,0,0,1,0,tree,RF,no intruders,everyday activities,medium (multiple days),60s,4 days,Empatica E4,wrist,handcrafted,low,no,SVM trained to remove artifacts in EDA (5% detection error),window,no,yes,no intruders
305_LR-120-EDA,232,305|LR 120 EDA,305,LR 120 EDA,EDA,everyday activities,medium (multiple days),Other algorithm,74,74,2.3344461663201366,converted EER,74.12,0.7412000000000001,0.7412000000000001,,included; accuracy missing and EER is a valid percentage,,,no reported uncertainty,,0,No parenthesized uncertainty was reported in the selected accuracy/EER field.,0.7412000000000001,1.0522149317844596,,,0,0,0,0,0,0,1,0,Other algorithm,LR,no intruders,everyday activities,medium (multiple days),120s,4 days,Empatica E4,wrist,handcrafted,low,no,SVM trained to remove artifacts in EDA (5% detection error),window,no,yes,no intruders
305_MLP-120-EDA,233,305|MLP 120 EDA,305,MLP 120 EDA,EDA,everyday activities,medium (multiple days),dl,74,74,2.3344461663201366,converted EER,75.28999999999999,0.7528999999999999,0.7528999999999999,,included; accuracy missing and EER is a valid percentage,,,no reported uncertainty,,0,No parenthesized uncertainty was reported in the selected accuracy/EER field.,0.7528999999999999,1.1141393038615117,,,0,0,0,0,0,0,1,0,dl,MLP,no intruders,everyday activities,medium (multiple days),120s,4 days,Empatica E4,wrist,handcrafted,low,no,SVM trained to remove artifacts in EDA (5% detection error),window,no,yes,no intruders
305_RF-120-EDA,234,305|RF 120 EDA,305,RF 120 EDA,EDA,everyday activities,medium (multiple days),tree,74,74,2.3344461663201366,converted EER,74.66,0.7465999999999999,0.7465999999999999,,included; accuracy missing and EER is a valid percentage,,,no reported uncertainty,,0,No parenthesized uncertainty was reported in the selected accuracy/EER field.,0.7465999999999999,1.0805602985934444,,,0,0,0,0,0,0,1,0,tree,RF,no intruders,everyday activities,medium (multiple days),120s,4 days,Empatica E4,wrist,handcrafted,low,no,SVM trained to remove artifacts in EDA (5% detection error),window,no,yes,no intruders
305_LR-30-HRV,235,305|LR 30 HRV,305,LR 30 HRV,PPG,everyday activities,medium (multiple days),Other algorithm,74,74,2.3344461663201366,converted EER,81.83,0.8183,0.8183,,included; accuracy missing and EER is a valid percentage,,,no reported uncertainty,,0,No parenthesized uncertainty was reported in the selected accuracy/EER field.,0.8183,1.5048720421312107,,,0,0,0,0,0,1,0,0,Other algorithm,LR,no intruders,everyday activities,medium (multiple days),30s,4 days,Empatica E4,wrist,handcrafted,low,no,Removal of points that deviate more than 20% from local average. Interpolation with cubic splines.,window,no,yes,no intruders
305_MLP-30-HRV,236,305|MLP 30 HRV,305,MLP 30 HRV,PPG,everyday activities,medium (multiple days),dl,74,74,2.3344461663201366,converted EER,81.78999999999999,0.8179,0.8179,,included; accuracy missing and EER is a valid percentage,,,no reported uncertainty,,0,No parenthesized uncertainty was reported in the selected accuracy/EER field.,0.8179,1.5021840930073658,,,0,0,0,0,0,1,0,0,dl,MLP,no intruders,everyday activities,medium (multiple days),30s,4 days,Empatica E4,wrist,handcrafted,low,no,Removal of points that deviate more than 20% from local average. Interpolation with cubic splines.,window,no,yes,no intruders
305_RF-30-HRV,237,305|RF 30 HRV,305,RF 30 HRV,PPG,everyday activities,medium (multiple days),tree,74,74,2.3344461663201366,converted EER,82.12,0.8212,0.8212,,included; accuracy missing and EER is a valid percentage,,,no reported uncertainty,,0,No parenthesized uncertainty was reported in the selected accuracy/EER field.,0.8212,1.524498822405365,,,0,0,0,0,0,1,0,0,tree,RF,no intruders,everyday activities,medium (multiple days),30s,4 days,Empatica E4,wrist,handcrafted,low,no,Removal of points that deviate more than 20% from local average. Interpolation with cubic splines.,window,no,yes,no intruders
305_LR-60-HRV,238,305|LR 60 HRV,305,LR 60 HRV,PPG,everyday activities,medium (multiple days),Other algorithm,74,74,2.3344461663201366,converted EER,80.76,0.8076000000000001,0.8076000000000001,,included; accuracy missing and EER is a valid percentage,,,no reported uncertainty,,0,No parenthesized uncertainty was reported in the selected accuracy/EER field.,0.8076000000000001,1.434490348207077,,,0,0,0,0,0,1,0,0,Other algorithm,LR,no intruders,everyday activities,medium (multiple days),60s,4 days,Empatica E4,wrist,handcrafted,low,no,Removal of points that deviate more than 20% from local average. Interpolation with cubic splines.,window,no,yes,no intruders
305_MLP-60-HRV,239,305|MLP 60 HRV,305,MLP 60 HRV,PPG,everyday activities,medium (multiple days),dl,74,74,2.3344461663201366,converted EER,81.62,0.8162,0.8162,,included; accuracy missing and EER is a valid percentage,,,no reported uncertainty,,0,No parenthesized uncertainty was reported in the selected accuracy/EER field.,0.8162,1.490811213050119,,,0,0,0,0,0,1,0,0,dl,MLP,no intruders,everyday activities,medium (multiple days),60s,4 days,Empatica E4,wrist,handcrafted,low,no,Removal of points that deviate more than 20% from local average. Interpolation with cubic splines.,window,no,yes,no intruders
305_RF-60-HRV,240,305|RF 60 HRV,305,RF 60 HRV,PPG,everyday activities,medium (multiple days),tree,74,74,2.3344461663201366,converted EER,81.56,0.8156,0.8156,,included; accuracy missing and EER is a valid percentage,,,no reported uncertainty,,0,No parenthesized uncertainty was reported in the selected accuracy/EER field.,0.8156,1.4868167275778066,,,0,0,0,0,0,1,0,0,tree,RF,no intruders,everyday activities,medium (multiple days),60s,4 days,Empatica E4,wrist,handcrafted,low,no,Removal of points that deviate more than 20% from local average. Interpolation with cubic splines.,window,no,yes,no intruders
305_LR-120-HRV,241,305|LR 120 HRV,305,LR 120 HRV,PPG,everyday activities,medium (multiple days),Other algorithm,74,74,2.3344461663201366,converted EER,80.34,0.8034,0.8034,,included; accuracy missing and EER is a valid percentage,,,no reported uncertainty,,0,No parenthesized uncertainty was reported in the selected accuracy/EER field.,0.8034,1.4076815142121157,,,0,0,0,0,0,1,0,0,Other algorithm,LR,no intruders,everyday activities,medium (multiple days),120s,4 days,Empatica E4,wrist,handcrafted,low,no,Removal of points that deviate more than 20% from local average. Interpolation with cubic splines.,window,no,yes,no intruders
305_MLP-120-HRV,242,305|MLP 120 HRV,305,MLP 120 HRV,PPG,everyday activities,medium (multiple days),dl,74,74,2.3344461663201366,converted EER,80.51,0.8051,0.8051,,included; accuracy missing and EER is a valid percentage,,,no reported uncertainty,,0,No parenthesized uncertainty was reported in the selected accuracy/EER field.,0.8051,1.41847988679242,,,0,0,0,0,0,1,0,0,dl,MLP,no intruders,everyday activities,medium (multiple days),120s,4 days,Empatica E4,wrist,handcrafted,low,no,Removal of points that deviate more than 20% from local average. Interpolation with cubic splines.,window,no,yes,no intruders
305_RF-120-HRV,243,305|RF 120 HRV,305,RF 120 HRV,PPG,everyday activities,medium (multiple days),tree,74,74,2.3344461663201366,converted EER,80.97,0.8097,0.8097,,included; accuracy missing and EER is a valid percentage,,,no reported uncertainty,,0,No parenthesized uncertainty was reported in the selected accuracy/EER field.,0.8097,1.4480620343899646,,,0,0,0,0,0,1,0,0,tree,RF,no intruders,everyday activities,medium (multiple days),120s,4 days,Empatica E4,wrist,handcrafted,low,no,Removal of points that deviate more than 20% from local average. Interpolation with cubic splines.,window,no,yes,no intruders
305_LR-30-EDA-HRV,244,305|LR 30 EDA-HRV,305,LR 30 EDA-HRV,"EDA, PPG",everyday activities,medium (multiple days),Other algorithm,74,74,2.3344461663201366,converted EER,84.94,0.8493999999999999,0.8493999999999999,,included; accuracy missing and EER is a valid percentage,,,no reported uncertainty,,0,No parenthesized uncertainty was reported in the selected accuracy/EER field.,0.8493999999999999,1.729902902513377,,,0,0,0,0,0,1,1,1,Other algorithm,LR,no intruders,everyday activities,medium (multiple days),30s,4 days,Empatica E4,wrist,handcrafted,low,no,"SVM trained to remove artifacts in EDA (5% detection error), HRV: Removal of points that deviate more than 20% from local average. Interpolation with cubic splines.",window,no,yes,no intruders
305_MLP-30-EDA-HRV,245,305|MLP 30 EDA-HRV,305,MLP 30 EDA-HRV,"EDA, PPG",everyday activities,medium (multiple days),dl,74,74,2.3344461663201366,converted EER,85.13,0.8513,0.8513,,included; accuracy missing and EER is a valid percentage,,,no reported uncertainty,,0,No parenthesized uncertainty was reported in the selected accuracy/EER field.,0.8513,1.7448337394239015,,,0,0,0,0,0,1,1,1,dl,MLP,no intruders,everyday activities,medium (multiple days),30s,4 days,Empatica E4,wrist,handcrafted,low,no,"SVM trained to remove artifacts in EDA (5% detection error), HRV: Removal of points that deviate more than 20% from local average. Interpolation with cubic splines.",window,no,yes,no intruders
305_RF-30-EDA-HRV,246,305|RF 30 EDA-HRV,305,RF 30 EDA-HRV,"EDA, PPG",everyday activities,medium (multiple days),tree,74,74,2.3344461663201366,converted EER,85.99,0.8599,0.8599,,included; accuracy missing and EER is a valid percentage,,,no reported uncertainty,,0,No parenthesized uncertainty was reported in the selected accuracy/EER field.,0.8599,1.8144596500738897,,,0,0,0,0,0,1,1,1,tree,RF,no intruders,everyday activities,medium (multiple days),30s,4 days,Empatica E4,wrist,handcrafted,low,no,"SVM trained to remove artifacts in EDA (5% detection error), HRV: Removal of points that deviate more than 20% from local average. Interpolation with cubic splines.",window,no,yes,no intruders
305_LR-60-EDA-HRV,247,305|LR 60 EDA-HRV,305,LR 60 EDA-HRV,"EDA, PPG",everyday activities,medium (multiple days),Other algorithm,74,74,2.3344461663201366,converted EER,84.56,0.8456,0.8456,,included; accuracy missing and EER is a valid percentage,,,no reported uncertainty,,0,No parenthesized uncertainty was reported in the selected accuracy/EER field.,0.8456,1.7004997969653521,,,0,0,0,0,0,1,1,1,Other algorithm,LR,no intruders,everyday activities,medium (multiple days),60s,4 days,Empatica E4,wrist,handcrafted,low,no,"SVM trained to remove artifacts in EDA (5% detection error), HRV: Removal of points that deviate more than 20% from local average. Interpolation with cubic splines.",window,no,yes,no intruders
305_MLP-60-EDA-HRV,248,305|MLP 60 EDA-HRV,305,MLP 60 EDA-HRV,"EDA, PPG",everyday activities,medium (multiple days),dl,74,74,2.3344461663201366,converted EER,86.05,0.8604999999999999,0.8604999999999999,,included; accuracy missing and EER is a valid percentage,,,no reported uncertainty,,0,No parenthesized uncertainty was reported in the selected accuracy/EER field.,0.8604999999999999,1.8194490143901731,,,0,0,0,0,0,1,1,1,dl,MLP,no intruders,everyday activities,medium (multiple days),60s,4 days,Empatica E4,wrist,handcrafted,low,no,"SVM trained to remove artifacts in EDA (5% detection error), HRV: Removal of points that deviate more than 20% from local average. Interpolation with cubic splines.",window,no,yes,no intruders
305_RF-60-EDA-HRV,249,305|RF 60 EDA-HRV,305,RF 60 EDA-HRV,"EDA, PPG",everyday activities,medium (multiple days),tree,74,74,2.3344461663201366,converted EER,85.37,0.8537,0.8537,,included; accuracy missing and EER is a valid percentage,,,no reported uncertainty,,0,No parenthesized uncertainty was reported in the selected accuracy/EER field.,0.8537,1.7639205359901822,,,0,0,0,0,0,1,1,1,tree,RF,no intruders,everyday activities,medium (multiple days),60s,4 days,Empatica E4,wrist,handcrafted,low,no,"SVM trained to remove artifacts in EDA (5% detection error), HRV: Removal of points that deviate more than 20% from local average. Interpolation with cubic splines.",window,no,yes,no intruders
305_LR-120-EDA-HRV,250,305|LR 120 EDA-HRV,305,LR 120 EDA-HRV,"EDA, PPG",everyday activities,medium (multiple days),Other algorithm,74,74,2.3344461663201366,converted EER,82.62,0.8262,0.8262,,included; accuracy missing and EER is a valid percentage,,,no reported uncertainty,,0,No parenthesized uncertainty was reported in the selected accuracy/EER field.,0.8262,1.558931662131373,,,0,0,0,0,0,1,1,1,Other algorithm,LR,no intruders,everyday activities,medium (multiple days),120s,4 days,Empatica E4,wrist,handcrafted,low,no,"SVM trained to remove artifacts in EDA (5% detection error), HRV: Removal of points that deviate more than 20% from local average. Interpolation with cubic splines.",window,no,yes,no intruders
305_MLP-120-EDA-HRV,251,305|MLP 120 EDA-HRV,305,MLP 120 EDA-HRV,"EDA, PPG",everyday activities,medium (multiple days),dl,74,74,2.3344461663201366,converted EER,84.34,0.8434,0.8434,,included; accuracy missing and EER is a valid percentage,,,no reported uncertainty,,0,No parenthesized uncertainty was reported in the selected accuracy/EER field.,0.8434,1.683746557755757,,,0,0,0,0,0,1,1,1,dl,MLP,no intruders,everyday activities,medium (multiple days),120s,4 days,Empatica E4,wrist,handcrafted,low,no,"SVM trained to remove artifacts in EDA (5% detection error), HRV: Removal of points that deviate more than 20% from local average. Interpolation with cubic splines.",window,no,yes,no intruders
305_RF-120-EDA-HRV,252,305|RF 120 EDA-HRV,305,RF 120 EDA-HRV,"EDA, PPG",everyday activities,medium (multiple days),tree,74,74,2.3344461663201366,converted EER,85.49,0.8549,0.8549,,included; accuracy missing and EER is a valid percentage,,,no reported uncertainty,,0,No parenthesized uncertainty was reported in the selected accuracy/EER field.,0.8549,1.7735613431420458,,,0,0,0,0,0,1,1,1,tree,RF,no intruders,everyday activities,medium (multiple days),120s,4 days,Empatica E4,wrist,handcrafted,low,no,"SVM trained to remove artifacts in EDA (5% detection error), HRV: Removal of points that deviate more than 20% from local average. Interpolation with cubic splines.",window,no,yes,no intruders
330_Apple-watch-LR-ACC,253,330|Apple watch LR:ACC,330,Apple watch LR:ACC,ECG,one condition,,Other algorithm,5,5,-2.1762347299607265,direct accuracy,89.57,0.8956999999999999,0.8956999999999999,,included,,,no reported uncertainty,,0,No parenthesized uncertainty was reported in the selected accuracy/EER field.,0.8956999999999999,2.1503341734744224,,,0,0,0,0,1,0,0,0,Other algorithm,LR,no intruders,one condition,,1 HB,~1 min,Apple watch,wrist,handcrafted,medium,no,"FIR bandpass filter (5 Hz-25 Hz), signal marker identification (such as R Peaks and Q-Wave Onsets)",beat,no,yes,no intruders
330_Apple-watch-LR-MFCC,254,330|Apple watch LR:MFCC,330,Apple watch LR:MFCC,ECG,one condition,,Other algorithm,5,5,-2.1762347299607265,direct accuracy,93.82,0.9381999999999999,0.9381999999999999,,included,,,no reported uncertainty,,0,No parenthesized uncertainty was reported in the selected accuracy/EER field.,0.9381999999999999,2.7200597814307113,,,0,0,0,0,1,0,0,0,Other algorithm,LR,no intruders,one condition,,1 HB,~1 min,Apple watch,wrist,handcrafted,medium,no,"FIR bandpass filter (5 Hz-25 Hz), signal marker identification (such as R Peaks and Q-Wave Onsets)",beat,no,yes,no intruders
330_Apple-watch-LR-QRS,255,330|Apple watch LR:QRS,330,Apple watch LR:QRS,ECG,one condition,,Other algorithm,5,5,-2.1762347299607265,direct accuracy,98.13,0.9813,0.9813,,included,,,no reported uncertainty,,0,No parenthesized uncertainty was reported in the selected accuracy/EER field.,0.9813,3.960354699351904,,,0,0,0,0,1,0,0,0,Other algorithm,LR,no intruders,one condition,,1 HB,~1 min,Apple watch,wrist,handcrafted,,no,"FIR bandpass filter (5 Hz-25 Hz), signal marker identification (such as R Peaks and Q-Wave Onsets)",beat,no,yes,no intruders
330_Apple-watch-LDA-ACC,256,330|Apple watch LDA:ACC,330,Apple watch LDA:ACC,ECG,one condition,,Other algorithm,5,5,-2.1762347299607265,direct accuracy,94.65,0.9465,0.9465,,included,,,no reported uncertainty,,0,No parenthesized uncertainty was reported in the selected accuracy/EER field.,0.9465,2.873089316747417,,,0,0,0,0,1,0,0,0,Other algorithm,LDA,no intruders,one condition,,1 HB,~1 min,Apple watch,wrist,handcrafted,medium,no,"FIR bandpass filter (5 Hz-25 Hz), signal marker identification (such as R Peaks and Q-Wave Onsets)",beat,no,yes,no intruders
330_Apple-watch-LDA-MFCC,257,330|Apple watch LDA:MFCC,330,Apple watch LDA:MFCC,ECG,one condition,,Other algorithm,5,5,-2.1762347299607265,direct accuracy,92.9,0.929,0.929,,included,,,no reported uncertainty,,0,No parenthesized uncertainty was reported in the selected accuracy/EER field.,0.929,2.571428861772524,,,0,0,0,0,1,0,0,0,Other algorithm,LDA,no intruders,one condition,,1 HB,~1 min,Apple watch,wrist,handcrafted,medium,no,"FIR bandpass filter (5 Hz-25 Hz), signal marker identification (such as R Peaks and Q-Wave Onsets)",beat,no,yes,no intruders
330_Apple-watch-LDA-QRS,258,330|Apple watch LDA:QRS,330,Apple watch LDA:QRS,ECG,one condition,,Other algorithm,5,5,-2.1762347299607265,direct accuracy,97.57,0.9756999999999999,0.9756999999999999,,included,,,no reported uncertainty,,0,No parenthesized uncertainty was reported in the selected accuracy/EER field.,0.9756999999999999,3.692678811767397,,,0,0,0,0,1,0,0,0,Other algorithm,LDA,no intruders,one condition,,1 HB,~1 min,Apple watch,wrist,handcrafted,,no,"FIR bandpass filter (5 Hz-25 Hz), signal marker identification (such as R Peaks and Q-Wave Onsets)",beat,no,yes,no intruders
330_Apple-watch-SVM-ACC,259,330|Apple watch SVM:ACC,330,Apple watch SVM:ACC,ECG,one condition,,kernel,5,5,-2.1762347299607265,direct accuracy,92.82,0.9281999999999999,0.9281999999999999,,included,,,no reported uncertainty,,0,No parenthesized uncertainty was reported in the selected accuracy/EER field.,0.9281999999999999,2.5593627507528955,,,0,0,0,0,1,0,0,0,kernel,SVM,no intruders,one condition,,1 HB,~1 min,Apple watch,wrist,handcrafted,medium,no,"FIR bandpass filter (5 Hz-25 Hz), signal marker identification (such as R Peaks and Q-Wave Onsets)",beat,no,yes,no intruders
330_Apple-watch-SVM-MFCC,260,330|Apple watch SVM:MFCC,330,Apple watch SVM:MFCC,ECG,one condition,,kernel,5,5,-2.1762347299607265,direct accuracy,87.3,0.873,0.873,,included,,,no reported uncertainty,,0,No parenthesized uncertainty was reported in the selected accuracy/EER field.,0.873,1.927748469381011,,,0,0,0,0,1,0,0,0,kernel,SVM,no intruders,one condition,,1 HB,~1 min,Apple watch,wrist,handcrafted,medium,no,"FIR bandpass filter (5 Hz-25 Hz), signal marker identification (such as R Peaks and Q-Wave Onsets)",beat,no,yes,no intruders
330_Apple-watch-SVM-QRS,261,330|Apple watch SVM:QRS,330,Apple watch SVM:QRS,ECG,one condition,,kernel,5,5,-2.1762347299607265,direct accuracy,90.94,0.9094,0.9094,,included,,,no reported uncertainty,,0,No parenthesized uncertainty was reported in the selected accuracy/EER field.,0.9094,2.3063308283419763,,,0,0,0,0,1,0,0,0,kernel,SVM,no intruders,one condition,,1 HB,~1 min,Apple watch,wrist,handcrafted,,no,"FIR bandpass filter (5 Hz-25 Hz), signal marker identification (such as R Peaks and Q-Wave Onsets)",beat,no,yes,no intruders
330_Apple-watch-RBF-SVM-ACC,262,330|Apple watch RBF-SVM:ACC,330,Apple watch RBF-SVM:ACC,ECG,one condition,,kernel,5,5,-2.1762347299607265,direct accuracy,90.07,0.9007,0.9007,,included,,,no reported uncertainty,,0,No parenthesized uncertainty was reported in the selected accuracy/EER field.,0.9007,2.2050266677385695,,,0,0,0,0,1,0,0,0,kernel,SVM,no intruders,one condition,,1 HB,~1 min,Apple watch,wrist,handcrafted,medium,no,"FIR bandpass filter (5 Hz-25 Hz), signal marker identification (such as R Peaks and Q-Wave Onsets)",beat,no,yes,no intruders
330_Apple-watch-RBF-SVM-MFCC,263,330|Apple watch RBF-SVM:MFCC,330,Apple watch RBF-SVM:MFCC,ECG,one condition,,kernel,5,5,-2.1762347299607265,direct accuracy,86.87,0.8687,0.8687,,included,,,no reported uncertainty,,0,No parenthesized uncertainty was reported in the selected accuracy/EER field.,0.8687,1.8895130599571246,,,0,0,0,0,1,0,0,0,kernel,SVM,no intruders,one condition,,1 HB,~1 min,Apple watch,wrist,handcrafted,medium,no,"FIR bandpass filter (5 Hz-25 Hz), signal marker identification (such as R Peaks and Q-Wave Onsets)",beat,no,yes,no intruders
330_Apple-watch-RBF-SVM-QRS,264,330|Apple watch RBF-SVM:QRS,330,Apple watch RBF-SVM:QRS,ECG,one condition,,kernel,5,5,-2.1762347299607265,direct accuracy,95.88,0.9588,0.9588,,included,,,no reported uncertainty,,0,No parenthesized uncertainty was reported in the selected accuracy/EER field.,0.9588,3.1472442462047483,,,0,0,0,0,1,0,0,0,kernel,SVM,no intruders,one condition,,1 HB,~1 min,Apple watch,wrist,handcrafted,,no,"FIR bandpass filter (5 Hz-25 Hz), signal marker identification (such as R Peaks and Q-Wave Onsets)",beat,no,yes,no intruders
330_Apple-watch-KNN-ACC,265,330|Apple watch KNN:ACC,330,Apple watch KNN:ACC,ECG,one condition,,Other algorithm,5,5,-2.1762347299607265,direct accuracy,94.01,0.9401,0.9401,,included,,,no reported uncertainty,,0,No parenthesized uncertainty was reported in the selected accuracy/EER field.,0.9401,2.7533097474631023,,,0,0,0,0,1,0,0,0,Other algorithm,kNN,no intruders,one condition,,1 HB,~1 min,Apple watch,wrist,handcrafted,medium,no,"FIR bandpass filter (5 Hz-25 Hz), signal marker identification (such as R Peaks and Q-Wave Onsets)",beat,no,yes,no intruders
330_Apple-watch-KNN-MFCC,266,330|Apple watch KNN:MFCC,330,Apple watch KNN:MFCC,ECG,one condition,,Other algorithm,5,5,-2.1762347299607265,direct accuracy,95.06,0.9506,0.9506,,included,,,no reported uncertainty,,0,No parenthesized uncertainty was reported in the selected accuracy/EER field.,0.9506,2.9571429399860323,,,0,0,0,0,1,0,0,0,Other algorithm,kNN,no intruders,one condition,,1 HB,~1 min,Apple watch,wrist,handcrafted,medium,no,"FIR bandpass filter (5 Hz-25 Hz), signal marker identification (such as R Peaks and Q-Wave Onsets)",beat,no,yes,no intruders
330_Apple-watch-KNN-QRS,267,330|Apple watch KNN:QRS,330,Apple watch KNN:QRS,ECG,one condition,,Other algorithm,5,5,-2.1762347299607265,direct accuracy,99.2,0.992,0.992,,included,,,no reported uncertainty,,0,No parenthesized uncertainty was reported in the selected accuracy/EER field.,0.992,4.820281565605036,,,0,0,0,0,1,0,0,0,Other algorithm,kNN,no intruders,one condition,,1 HB,~1 min,Apple watch,wrist,handcrafted,,no,"FIR bandpass filter (5 Hz-25 Hz), signal marker identification (such as R Peaks and Q-Wave Onsets)",beat,no,yes,no intruders
330_Apple-watch-DT-ACC,268,330|Apple watch DT:ACC,330,Apple watch DT:ACC,ECG,one condition,,tree,5,5,-2.1762347299607265,direct accuracy,91.67,0.9167000000000001,0.9167000000000001,,included,,,no reported uncertainty,,0,No parenthesized uncertainty was reported in the selected accuracy/EER field.,0.9167000000000001,2.3983317157949338,,,0,0,0,0,1,0,0,0,tree,DT,no intruders,one condition,,1 HB,~1 min,Apple watch,wrist,handcrafted,medium,no,"FIR bandpass filter (5 Hz-25 Hz), signal marker identification (such as R Peaks and Q-Wave Onsets)",beat,no,yes,no intruders
330_Apple-watch-DT-MFCC,269,330|Apple watch DT:MFCC,330,Apple watch DT:MFCC,ECG,one condition,,tree,5,5,-2.1762347299607265,direct accuracy,94.41,0.9440999999999999,0.9440999999999999,,included,,,no reported uncertainty,,0,No parenthesized uncertainty was reported in the selected accuracy/EER field.,0.9440999999999999,2.8266677125774162,,,0,0,0,0,1,0,0,0,tree,DT,no intruders,one condition,,1 HB,~1 min,Apple watch,wrist,handcrafted,medium,no,"FIR bandpass filter (5 Hz-25 Hz), signal marker identification (such as R Peaks and Q-Wave Onsets)",beat,no,yes,no intruders
330_Apple-watch-DT-QRS,270,330|Apple watch DT:QRS,330,Apple watch DT:QRS,ECG,one condition,,tree,5,5,-2.1762347299607265,direct accuracy,97.98,0.9798,0.9798,,included,,,no reported uncertainty,,0,No parenthesized uncertainty was reported in the selected accuracy/EER field.,0.9798,3.8816658647973155,,,0,0,0,0,1,0,0,0,tree,DT,no intruders,one condition,,1 HB,~1 min,Apple watch,wrist,handcrafted,,no,"FIR bandpass filter (5 Hz-25 Hz), signal marker identification (such as R Peaks and Q-Wave Onsets)",beat,no,yes,no intruders
330_Apple-watch-RF-ACC,271,330|Apple watch RF:ACC,330,Apple watch RF:ACC,ECG,one condition,,tree,5,5,-2.1762347299607265,direct accuracy,94.34,0.9434,0.9434,,included,,,no reported uncertainty,,0,No parenthesized uncertainty was reported in the selected accuracy/EER field.,0.9434,2.8134813856410243,,,0,0,0,0,1,0,0,0,tree,RF,no intruders,one condition,,1 HB,~1 min,Apple watch,wrist,handcrafted,medium,no,"FIR bandpass filter (5 Hz-25 Hz), signal marker identification (such as R Peaks and Q-Wave Onsets)",beat,no,yes,no intruders
330_Apple-watch-RF-MFCC,272,330|Apple watch RF:MFCC,330,Apple watch RF:MFCC,ECG,one condition,,tree,5,5,-2.1762347299607265,direct accuracy,96.41,0.9641,0.9641,,included,,,no reported uncertainty,,0,No parenthesized uncertainty was reported in the selected accuracy/EER field.,0.9641,3.2904577281761003,,,0,0,0,0,1,0,0,0,tree,RF,no intruders,one condition,,1 HB,~1 min,Apple watch,wrist,handcrafted,medium,no,"FIR bandpass filter (5 Hz-25 Hz), signal marker identification (such as R Peaks and Q-Wave Onsets)",beat,no,yes,no intruders
330_Apple-watch-RF-QRS,273,330|Apple watch RF:QRS,330,Apple watch RF:QRS,ECG,one condition,,tree,5,5,-2.1762347299607265,direct accuracy,99.17,0.9917,0.9917,,included,,,no reported uncertainty,,0,No parenthesized uncertainty was reported in the selected accuracy/EER field.,0.9917,4.78316512738953,,,0,0,0,0,1,0,0,0,tree,RF,no intruders,one condition,,1 HB,~1 min,Apple watch,wrist,handcrafted,,no,"FIR bandpass filter (5 Hz-25 Hz), signal marker identification (such as R Peaks and Q-Wave Onsets)",beat,no,yes,no intruders
401_S1-in-sample-30HB-s80,274,401|S1 in-sample 30HB s80,401,S1 in-sample 30HB s80,PPG,one condition,medium (multiple days),dl_temp,66,66,2.142928545969125,direct accuracy,92.1,0.9209999999999999,0.9209999999999999,,included,,,no reported uncertainty,,0,No parenthesized uncertainty was reported in the selected accuracy/EER field.,0.9209999999999999,2.4560121837882845,,,0,0,0,0,0,1,0,0,dl_temp,TCM/CNN+LSTM/CRNN,no intruders,one condition,medium (multiple days),30HB,~110 min,Huawei Watch G2,wrist,deep,,no,"Remove PPG with large MA, 0.5-5hz bandpass filter,",none,yes,yes,no intruders
401_S1-out-of-sample-30HB-s80,275,401|S1 out-of-sample 30HB s80,401,S1 out-of-sample 30HB s80,PPG,one condition,medium (multiple days),dl_temp,66,66,2.142928545969125,direct accuracy,88.3,0.883,0.883,,included,,,no reported uncertainty,,0,No parenthesized uncertainty was reported in the selected accuracy/EER field.,0.883,2.021151265806204,,,0,0,0,0,0,1,0,0,dl_temp,TCM/CNN+LSTM/CRNN,intruders,one condition,medium (multiple days),30HB,~110 min,Huawei Watch G2,wrist,deep,,no,"Remove PPG with large MA, 0.5-5hz bandpass filter,",none,yes,yes,6 intruders
401_S1-in-sample-1HB,279,401|S1 in-sample 1HB,401,S1 in-sample 1HB,PPG,one condition,medium (multiple days),dl_temp,66,66,2.142928545969125,direct accuracy,87.3,0.873,0.873,,included,,,no reported uncertainty,,0,No parenthesized uncertainty was reported in the selected accuracy/EER field.,0.873,1.927748469381011,,,0,0,0,0,0,1,0,0,dl_temp,TCM/CNN+LSTM/CRNN,no intruders,one condition,medium (multiple days),1 HB,~110 min,Huawei Watch G2,wrist,deep,,no,"Remove PPG with large MA, 0.5-5hz bandpass filter,",none,yes,yes,no intruders
401_S1-out-of-sample-30HB-s20,280,401|S1 out-of-sample 30HB s20,401,S1 out-of-sample 30HB s20,PPG,one condition,medium (multiple days),dl_temp,66,66,2.142928545969125,direct accuracy,80.4,0.804,0.804,,included,,,no reported uncertainty,,0,No parenthesized uncertainty was reported in the selected accuracy/EER field.,0.804,1.4114846099484495,,,0,0,0,0,0,1,0,0,dl_temp,TCM/CNN+LSTM/CRNN,intruders,one condition,medium (multiple days),30HB,~110 min,Huawei Watch G2,wrist,deep,,no,"Remove PPG with large MA, 0.5-5hz bandpass filter,",none,yes,yes,6 intruders
401_S1-in-sample-30HB-s20,283,401|S1 in-sample 30HB s20,401,S1 in-sample 30HB s20,PPG,one condition,medium (multiple days),dl_temp,66,66,2.142928545969125,direct accuracy,82.1,0.821,0.821,,included,,,no reported uncertainty,,0,No parenthesized uncertainty was reported in the selected accuracy/EER field.,0.821,1.5231373036116729,,,0,0,0,0,0,1,0,0,dl_temp,TCM/CNN+LSTM/CRNN,no intruders,one condition,medium (multiple days),30HB,~110 min,Huawei Watch G2,wrist,deep,,no,"Remove PPG with large MA, 0.5-5hz bandpass filter,",none,yes,yes,no intruders
401_S1-in-sample-s80-30HB-low-HR,284,401|S1 in-sample s80 30HB low-HR,401,S1 in-sample s80 30HB low-HR,PPG,one condition,medium (multiple days),dl_temp,66,66,2.142928545969125,direct accuracy,76.3,0.763,0.763,,included,,,no reported uncertainty,,0,No parenthesized uncertainty was reported in the selected accuracy/EER field.,0.763,1.1691978901493258,,,0,0,0,0,0,1,0,0,dl_temp,TCM/CNN+LSTM/CRNN,no intruders,one condition,medium (multiple days),30HB,~110 min,Huawei Watch G2,wrist,deep,,no,"Remove PPG with large MA, 0.5-5hz bandpass filter,",none,yes,yes,no intruders
401_S1-in-sample-s80-30HB-mid-HR,285,401|S1 in-sample s80 30HB mid-HR,401,S1 in-sample s80 30HB mid-HR,PPG,one condition,medium (multiple days),dl_temp,66,66,2.142928545969125,direct accuracy,72.6,0.726,0.726,,included,,,no reported uncertainty,,0,No parenthesized uncertainty was reported in the selected accuracy/EER field.,0.726,0.9744219084367257,,,0,0,0,0,0,1,0,0,dl_temp,TCM/CNN+LSTM/CRNN,no intruders,one condition,medium (multiple days),30HB,~110 min,Huawei Watch G2,wrist,deep,,no,"Remove PPG with large MA, 0.5-5hz bandpass filter,",none,yes,yes,no intruders
401_S1-in-sample-s80-30HB-high-HR,286,401|S1 in-sample s80 30HB high-HR,401,S1 in-sample s80 30HB high-HR,PPG,one condition,medium (multiple days),dl_temp,66,66,2.142928545969125,direct accuracy,67.4,0.674,0.674,,included,,,no reported uncertainty,,0,No parenthesized uncertainty was reported in the selected accuracy/EER field.,0.674,0.7263327295455997,,,0,0,0,0,0,1,0,0,dl_temp,TCM/CNN+LSTM/CRNN,no intruders,one condition,medium (multiple days),30HB,~110 min,Huawei Watch G2,wrist,deep,,no,"Remove PPG with large MA, 0.5-5hz bandpass filter,",none,yes,yes,no intruders
401_S1-out-of-sample-s80-30HB-low-HR,287,401|S1 out-of-sample s80 30HB low-HR,401,S1 out-of-sample s80 30HB low-HR,PPG,one condition,medium (multiple days),dl_temp,66,66,2.142928545969125,direct accuracy,76.6,0.7659999999999999,0.7659999999999999,,included,,,no reported uncertainty,,0,No parenthesized uncertainty was reported in the selected accuracy/EER field.,0.7659999999999999,1.1858610543828894,,,0,0,0,0,0,1,0,0,dl_temp,TCM/CNN+LSTM/CRNN,intruders,one condition,medium (multiple days),30HB,~110 min,Huawei Watch G2,wrist,deep,,no,"Remove PPG with large MA, 0.5-5hz bandpass filter,",none,yes,yes,6 intruders
401_S1-out-of-sample-s80-30HB-mid-HR,288,401|S1 out-of-sample s80 30HB mid-HR,401,S1 out-of-sample s80 30HB mid-HR,PPG,one condition,medium (multiple days),dl_temp,66,66,2.142928545969125,direct accuracy,72.7,0.727,0.727,,included,,,no reported uncertainty,,0,No parenthesized uncertainty was reported in the selected accuracy/EER field.,0.727,0.9794546823485596,,,0,0,0,0,0,1,0,0,dl_temp,TCM/CNN+LSTM/CRNN,intruders,one condition,medium (multiple days),30HB,~110 min,Huawei Watch G2,wrist,deep,,no,"Remove PPG with large MA, 0.5-5hz bandpass filter,",none,yes,yes,6 intruders
401_S1-out-of-sample-s80-30HB-high-HR,289,401|S1 out-of-sample s80 30HB high-HR,401,S1 out-of-sample s80 30HB high-HR,PPG,one condition,medium (multiple days),dl_temp,66,66,2.142928545969125,direct accuracy,73.6,0.736,0.736,,included,,,no reported uncertainty,,0,No parenthesized uncertainty was reported in the selected accuracy/EER field.,0.736,1.02528101558256,,,0,0,0,0,0,1,0,0,dl_temp,TCM/CNN+LSTM/CRNN,intruders,one condition,medium (multiple days),30HB,~110 min,Huawei Watch G2,wrist,deep,,no,"Remove PPG with large MA, 0.5-5hz bandpass filter,",none,yes,yes,6 intruders
401_S2-in-sample-s80-30HB-low-low,290,401|S2 in-sample s80 30HB low-low,401,S2 in-sample s80 30HB low-low,PPG,multiple conditions,medium (multiple days),dl_temp,89,89,2.6434099209271693,direct accuracy,91.4,0.914,0.914,,included,,,no reported uncertainty,,0,No parenthesized uncertainty was reported in the selected accuracy/EER field.,0.914,2.3634832752006427,,,0,0,0,0,0,1,0,0,dl_temp,TCM/CNN+LSTM/CRNN,no intruders,multiple conditions,medium (multiple days),30HB,~130 min,Huawei Watch G2,wrist,deep,,no,"Remove PPG with large MA, 0.5-5hz bandpass filter,",none,yes,yes,no intruders
401_S2-in-sample-s80-30HB-low-mid,291,401|S2 in-sample s80 30HB low-mid,401,S2 in-sample s80 30HB low-mid,PPG,multiple conditions,medium (multiple days),dl_temp,89,89,2.6434099209271693,direct accuracy,65.6,0.6559999999999999,0.6559999999999999,,included,,,no reported uncertainty,,0,No parenthesized uncertainty was reported in the selected accuracy/EER field.,0.6559999999999999,0.6455191315706904,,,0,0,0,0,0,1,0,0,dl_temp,TCM/CNN+LSTM/CRNN,no intruders,multiple conditions,medium (multiple days),30HB,~130 min,Huawei Watch G2,wrist,deep,,no,"Remove PPG with large MA, 0.5-5hz bandpass filter,",none,yes,yes,no intruders
401_S2-in-sample-s80-30HB-low-high,292,401|S2 in-sample s80 30HB low-high,401,S2 in-sample s80 30HB low-high,PPG,multiple conditions,medium (multiple days),dl_temp,89,89,2.6434099209271693,direct accuracy,62.7,0.627,0.627,,included,,,no reported uncertainty,,0,No parenthesized uncertainty was reported in the selected accuracy/EER field.,0.627,0.5193681209891051,,,0,0,0,0,0,1,0,0,dl_temp,TCM/CNN+LSTM/CRNN,no intruders,multiple conditions,medium (multiple days),30HB,~130 min,Huawei Watch G2,wrist,deep,,no,"Remove PPG with large MA, 0.5-5hz bandpass filter,",none,yes,yes,no intruders
401_S2-in-sample-s80-30HB-mid-low,293,401|S2 in-sample s80 30HB mid-low,401,S2 in-sample s80 30HB mid-low,PPG,multiple conditions,medium (multiple days),dl_temp,89,89,2.6434099209271693,direct accuracy,87,0.87,0.87,,included,,,no reported uncertainty,,0,No parenthesized uncertainty was reported in the selected accuracy/EER field.,0.87,1.900958761193047,,,0,0,0,0,0,1,0,0,dl_temp,TCM/CNN+LSTM/CRNN,no intruders,multiple conditions,medium (multiple days),30HB,~130 min,Huawei Watch G2,wrist,deep,,no,"Remove PPG with large MA, 0.5-5hz bandpass filter,",none,yes,yes,no intruders
401_S2-in-sample-s80-30HB-mid-mid,294,401|S2 in-sample s80 30HB mid-mid,401,S2 in-sample s80 30HB mid-mid,PPG,multiple conditions,medium (multiple days),dl_temp,89,89,2.6434099209271693,direct accuracy,89.3,0.893,0.893,,included,,,no reported uncertainty,,0,No parenthesized uncertainty was reported in the selected accuracy/EER field.,0.893,2.121757746414593,,,0,0,0,0,0,1,0,0,dl_temp,TCM/CNN+LSTM/CRNN,no intruders,multiple conditions,medium (multiple days),30HB,~130 min,Huawei Watch G2,wrist,deep,,no,"Remove PPG with large MA, 0.5-5hz bandpass filter,",none,yes,yes,no intruders
401_S2-in-sample-s80-30HB-mid-high,295,401|S2 in-sample s80 30HB mid-high,401,S2 in-sample s80 30HB mid-high,PPG,multiple conditions,medium (multiple days),dl_temp,89,89,2.6434099209271693,direct accuracy,71.1,0.711,0.711,,included,,,no reported uncertainty,,0,No parenthesized uncertainty was reported in the selected accuracy/EER field.,0.711,0.9002457416908086,,,0,0,0,0,0,1,0,0,dl_temp,TCM/CNN+LSTM/CRNN,no intruders,multiple conditions,medium (multiple days),30HB,~130 min,Huawei Watch G2,wrist,deep,,no,"Remove PPG with large MA, 0.5-5hz bandpass filter,",none,yes,yes,no intruders
401_S2-in-sample-s80-30HB-high-low,296,401|S2 in-sample s80 30HB high-low,401,S2 in-sample s80 30HB high-low,PPG,multiple conditions,medium (multiple days),dl_temp,89,89,2.6434099209271693,direct accuracy,80.1,0.8009999999999999,0.8009999999999999,,included,,,no reported uncertainty,,0,No parenthesized uncertainty was reported in the selected accuracy/EER field.,0.8009999999999999,1.3925561223438665,,,0,0,0,0,0,1,0,0,dl_temp,TCM/CNN+LSTM/CRNN,no intruders,multiple conditions,medium (multiple days),30HB,~130 min,Huawei Watch G2,wrist,deep,,no,"Remove PPG with large MA, 0.5-5hz bandpass filter,",none,yes,yes,no intruders
401_S2-in-sample-s80-30HB-high-mid,297,401|S2 in-sample s80 30HB high-mid,401,S2 in-sample s80 30HB high-mid,PPG,multiple conditions,medium (multiple days),dl_temp,89,89,2.6434099209271693,direct accuracy,76.1,0.7609999999999999,0.7609999999999999,,included,,,no reported uncertainty,,0,No parenthesized uncertainty was reported in the selected accuracy/EER field.,0.7609999999999999,1.1581698059301746,,,0,0,0,0,0,1,0,0,dl_temp,TCM/CNN+LSTM/CRNN,no intruders,multiple conditions,medium (multiple days),30HB,~130 min,Huawei Watch G2,wrist,deep,,no,"Remove PPG with large MA, 0.5-5hz bandpass filter,",none,yes,yes,no intruders
401_S2-in-sample-s80-30HB-high-high,298,401|S2 in-sample s80 30HB high-high,401,S2 in-sample s80 30HB high-high,PPG,multiple conditions,medium (multiple days),dl_temp,89,89,2.6434099209271693,direct accuracy,86.4,0.8640000000000001,0.8640000000000001,,included,,,no reported uncertainty,,0,No parenthesized uncertainty was reported in the selected accuracy/EER field.,0.8640000000000001,1.8489178830680046,,,0,0,0,0,0,1,0,0,dl_temp,TCM/CNN+LSTM/CRNN,no intruders,multiple conditions,medium (multiple days),30HB,~130 min,Huawei Watch G2,wrist,deep,,no,"Remove PPG with large MA, 0.5-5hz bandpass filter,",none,yes,yes,no intruders
401_S2-out-of-sample-s80-30HB-low-low,299,401|S2 out-of-sample s80 30HB low-low,401,S2 out-of-sample s80 30HB low-low,PPG,multiple conditions,medium (multiple days),dl_temp,89,89,2.6434099209271693,direct accuracy,89.2,0.892,0.892,,included,,,no reported uncertainty,,0,No parenthesized uncertainty was reported in the selected accuracy/EER field.,0.892,2.1113349054557897,,,0,0,0,0,0,1,0,0,dl_temp,TCM/CNN+LSTM/CRNN,intruders,multiple conditions,medium (multiple days),30HB,~130 min,Huawei Watch G2,wrist,deep,,no,"Remove PPG with large MA, 0.5-5hz bandpass filter,",none,yes,yes,6 intruders
401_S2-out-of-sample-s80-30HB-low-mid,300,401|S2 out-of-sample s80 30HB low-mid,401,S2 out-of-sample s80 30HB low-mid,PPG,multiple conditions,medium (multiple days),dl_temp,89,89,2.6434099209271693,direct accuracy,65.9,0.659,0.659,,included,,,no reported uncertainty,,0,No parenthesized uncertainty was reported in the selected accuracy/EER field.,0.659,0.6588410572189906,,,0,0,0,0,0,1,0,0,dl_temp,TCM/CNN+LSTM/CRNN,intruders,multiple conditions,medium (multiple days),30HB,~130 min,Huawei Watch G2,wrist,deep,,no,"Remove PPG with large MA, 0.5-5hz bandpass filter,",none,yes,yes,6 intruders
401_S2-out-of-sample-s80-30HB-low-high,301,401|S2 out-of-sample s80 30HB low-high,401,S2 out-of-sample s80 30HB low-high,PPG,multiple conditions,medium (multiple days),dl_temp,89,89,2.6434099209271693,direct accuracy,61.9,0.619,0.619,,included,,,no reported uncertainty,,0,No parenthesized uncertainty was reported in the selected accuracy/EER field.,0.619,0.48530589755789505,,,0,0,0,0,0,1,0,0,dl_temp,TCM/CNN+LSTM/CRNN,intruders,multiple conditions,medium (multiple days),30HB,~130 min,Huawei Watch G2,wrist,deep,,no,"Remove PPG with large MA, 0.5-5hz bandpass filter,",none,yes,yes,6 intruders
401_S2-out-of-sample-s80-30HB-mid-low,302,401|S2 out-of-sample s80 30HB mid-low,401,S2 out-of-sample s80 30HB mid-low,PPG,multiple conditions,medium (multiple days),dl_temp,89,89,2.6434099209271693,direct accuracy,86.8,0.868,0.868,,included,,,no reported uncertainty,,0,No parenthesized uncertainty was reported in the selected accuracy/EER field.,0.868,1.8833897920739793,,,0,0,0,0,0,1,0,0,dl_temp,TCM/CNN+LSTM/CRNN,intruders,multiple conditions,medium (multiple days),30HB,~130 min,Huawei Watch G2,wrist,deep,,no,"Remove PPG with large MA, 0.5-5hz bandpass filter,",none,yes,yes,6 intruders
401_S2-out-of-sample-s80-30HB-mid-mid,303,401|S2 out-of-sample s80 30HB mid-mid,401,S2 out-of-sample s80 30HB mid-mid,PPG,multiple conditions,medium (multiple days),dl_temp,89,89,2.6434099209271693,direct accuracy,86.7,0.867,0.867,,included,,,no reported uncertainty,,0,No parenthesized uncertainty was reported in the selected accuracy/EER field.,0.867,1.8746898485587882,,,0,0,0,0,0,1,0,0,dl_temp,TCM/CNN+LSTM/CRNN,intruders,multiple conditions,medium (multiple days),30HB,~130 min,Huawei Watch G2,wrist,deep,,no,"Remove PPG with large MA, 0.5-5hz bandpass filter,",none,yes,yes,6 intruders
401_S2-out-of-sample-s80-30HB-mid-high,304,401|S2 out-of-sample s80 30HB mid-high,401,S2 out-of-sample s80 30HB mid-high,PPG,multiple conditions,medium (multiple days),dl_temp,89,89,2.6434099209271693,direct accuracy,71.8,0.718,0.718,,included,,,no reported uncertainty,,0,No parenthesized uncertainty was reported in the selected accuracy/EER field.,0.718,0.9345624981101105,,,0,0,0,0,0,1,0,0,dl_temp,TCM/CNN+LSTM/CRNN,intruders,multiple conditions,medium (multiple days),30HB,~130 min,Huawei Watch G2,wrist,deep,,no,"Remove PPG with large MA, 0.5-5hz bandpass filter,",none,yes,yes,6 intruders
401_S2-out-of-sample-s80-30HB-high-low,305,401|S2 out-of-sample s80 30HB high-low,401,S2 out-of-sample s80 30HB high-low,PPG,multiple conditions,medium (multiple days),dl_temp,89,89,2.6434099209271693,direct accuracy,79.5,0.795,0.795,,included,,,no reported uncertainty,,0,No parenthesized uncertainty was reported in the selected accuracy/EER field.,0.795,1.355332135515924,,,0,0,0,0,0,1,0,0,dl_temp,TCM/CNN+LSTM/CRNN,intruders,multiple conditions,medium (multiple days),30HB,~130 min,Huawei Watch G2,wrist,deep,,no,"Remove PPG with large MA, 0.5-5hz bandpass filter,",none,yes,yes,6 intruders
401_S2-out-of-sample-s80-30HB-high-mid,306,401|S2 out-of-sample s80 30HB high-mid,401,S2 out-of-sample s80 30HB high-mid,PPG,multiple conditions,medium (multiple days),dl_temp,89,89,2.6434099209271693,direct accuracy,76.2,0.762,0.762,,included,,,no reported uncertainty,,0,No parenthesized uncertainty was reported in the selected accuracy/EER field.,0.762,1.1636758820151716,,,0,0,0,0,0,1,0,0,dl_temp,TCM/CNN+LSTM/CRNN,intruders,multiple conditions,medium (multiple days),30HB,~130 min,Huawei Watch G2,wrist,deep,,no,"Remove PPG with large MA, 0.5-5hz bandpass filter,",none,yes,yes,6 intruders
401_S2-out-of-sample-s80-30HB-high-high,307,401|S2 out-of-sample s80 30HB high-high,401,S2 out-of-sample s80 30HB high-high,PPG,multiple conditions,medium (multiple days),dl_temp,89,89,2.6434099209271693,direct accuracy,84.5,0.845,0.845,,included,,,no reported uncertainty,,0,No parenthesized uncertainty was reported in the selected accuracy/EER field.,0.845,1.695911510437927,,,0,0,0,0,0,1,0,0,dl_temp,TCM/CNN+LSTM/CRNN,intruders,multiple conditions,medium (multiple days),30HB,~130 min,Huawei Watch G2,wrist,deep,,no,"Remove PPG with large MA, 0.5-5hz bandpass filter,",none,yes,yes,6 intruders
61_L1HR-binary-SVM,308,61|L1HR binary SVM,61,L1HR binary SVM,PPG,,,kernel,10,10,-1.0159385049485599,direct accuracy,67,0.67,0.67,,included,accuracy,12,unclear reporting,10,1,Reported uncertainty has uncertain provenance; sensitivity analysis can treat it as SD/sqrt(10).,0.67,0.708185057924486,,0.03794733192202055,0,0,0.17162972375405045,1,0,1,0,0,kernel,SVM,no intruders,,,,5 breathing events,Fitbit Charge HR,wrist,handcrafted,low,yes,"""cleaned""",window,no,yes,no intruders
61_L3aHR-Resp-binary-SVM,309,61|L3aHR+Resp binary SVM,61,L3aHR+Resp binary SVM,PPG+microphone,,,kernel,10,10,-1.0159385049485599,direct accuracy,94,0.94,0.94,,included,accuracy,3,unclear reporting,10,1,Reported uncertainty has uncertain provenance; sensitivity analysis can treat it as SD/sqrt(10).,0.94,2.751535313041948,,0.009486832980505138,0,0,0.1682062585195945,1,0,1,1,1,kernel,SVM,no intruders,,,,5 breathing events,Fitbit Charge HR+Evistr Digital microphone Recorder,wrist,handcrafted,low,yes,"""cleaned"", auditory clips augmented 102 ways",window,no,yes,no intruders
61_L1HR-unary-SVM,310,61|L1HR unary SVM,61,L1HR unary SVM,PPG,,,kernel,10,10,-1.0159385049485599,direct accuracy,55,0.55,0.55,,included,accuracy,5,unclear reporting,10,1,Reported uncertainty has uncertain provenance; sensitivity analysis can treat it as SD/sqrt(10).,0.55,0.2006706954621514,,0.015811388300841896,0,0,0.06388439717511878,1,0,1,0,0,kernel,SVM,no intruders,,,,5 breathing events,Fitbit Charge HR,wrist,handcrafted,low,no,"""cleaned""",window,no,yes,no intruders
61_L3aHR-Resp-unary-SVM,311,61|L3aHR+Resp unary SVM,61,L3aHR+Resp unary SVM,PPG+microphone,,,kernel,10,10,-1.0159385049485599,direct accuracy,78,0.78,0.78,,included,accuracy,6,unclear reporting,10,1,Reported uncertainty has uncertain provenance; sensitivity analysis can treat it as SD/sqrt(10).,0.78,1.265666373331276,,0.018973665961010275,0,0,0.11056914895693636,1,0,1,1,1,kernel,SVM,no intruders,,,,5 breathing events,Fitbit Charge HR+Evistr Digital microphone Recorder,wrist,handcrafted,medium,no,"""cleaned"", auditory clips augmented 102 ways",window,no,yes,no intruders
495_S1,312,495|S1,495,S1,ECG,everyday activities,low (one day),kernel,11,11,-0.8563936854156399,direct accuracy,99.27,0.9926999999999999,0.9926999999999999,,included,,,no reported uncertainty,,0,No parenthesized uncertainty was reported in the selected accuracy/EER field.,0.9926999999999999,4.9125541554413195,,,0,0,0,0,1,0,0,0,kernel,SVM,no intruders,everyday activities,low (one day),,15 min,Hexoskin Proshirt / HeartIn Fit shirt,chest/torso,handcrafted,,no,"lowpass Butterworth Filter (30Hz); Fast Fourier Transform (FFT), inverse FFT returns the ECG signal to its original state in the time domain",beat,yes,yes,no intruders
495_S2,313,495|S2,495,S2,ECG,everyday activities,high (> one week),kernel,11,11,-0.8563936854156399,direct accuracy,93.59,0.9359000000000001,0.9359000000000001,,included,,,no reported uncertainty,,0,No parenthesized uncertainty was reported in the selected accuracy/EER field.,0.9359000000000001,2.6810642692365874,,,0,0,0,0,1,0,0,0,kernel,SVM,no intruders,everyday activities,high (> one week),,13 min,Hexoskin Proshirt / HeartIn Fit shirt,chest/torso,handcrafted,,no,"lowpass Butterworth Filter (30Hz); Fast Fourier Transform (FFT), inverse FFT returns the ECG signal to its original state in the time domain",beat,yes,yes,no intruders
495_S3,314,495|S3,495,S3,ECG,everyday activities,high (> one week),kernel,11,11,-0.8563936854156399,direct accuracy,99.2,0.992,0.992,,included,,,no reported uncertainty,,0,No parenthesized uncertainty was reported in the selected accuracy/EER field.,0.992,4.820281565605036,,,0,0,0,0,1,0,0,0,kernel,SVM,no intruders,everyday activities,high (> one week),,27 min,Hexoskin Proshirt / HeartIn Fit shirt,chest/torso,handcrafted,,no,"lowpass Butterworth Filter (30Hz); Fast Fourier Transform (FFT), inverse FFT returns the ECG signal to its original state in the time domain",beat,yes,yes,no intruders
495_S4,315,495|S4,495,S4,ECG,multiple conditions,low (one day),kernel,11,11,-0.8563936854156399,direct accuracy,99.63,0.9963,0.9963,,included,,,no reported uncertainty,,0,No parenthesized uncertainty was reported in the selected accuracy/EER field.,0.9963,5.595715597400622,,,0,0,0,0,1,0,0,0,kernel,SVM,no intruders,multiple conditions,low (one day),,12 min,Hexoskin Proshirt / HeartIn Fit shirt,chest/torso,handcrafted,,no,"lowpass Butterworth Filter (30Hz); Fast Fourier Transform (FFT), inverse FFT returns the ECG signal to its original state in the time domain",beat,yes,yes,no intruders
495_S5,316,495|S5,495,S5,ECG,multiple conditions,high (> one week),kernel,11,11,-0.8563936854156399,direct accuracy,88.86,0.8886,0.8886,,included,,,no reported uncertainty,,0,No parenthesized uncertainty was reported in the selected accuracy/EER field.,0.8886,2.076519863008624,,,0,0,0,0,1,0,0,0,kernel,SVM,no intruders,multiple conditions,high (> one week),,15 min,Hexoskin Proshirt / HeartIn Fit shirt,chest/torso,handcrafted,,no,"lowpass Butterworth Filter (30Hz); Fast Fourier Transform (FFT), inverse FFT returns the ECG signal to its original state in the time domain",beat,yes,yes,no intruders
475_LSTM-PM-1-subject,317,475|LSTM / PM 1 subject,475,LSTM / PM 1 subject,ECG,one condition,low (one day),dl_temp,15,15,-0.3372087235881264,direct accuracy,92,0.92,0.92,,included,,,no reported uncertainty,,0,No parenthesized uncertainty was reported in the selected accuracy/EER field.,0.92,2.442347035369205,,,0,0,0,0,1,0,0,0,dl_temp,LSTM,no intruders,one condition,low (one day),,36 x 15 s,ASUS VivoWatch BP,wrist,deep,,no,bandpass filtered,none,no,yes,no
475_LSTM-PM-2-subject,318,475|LSTM / PM 2 subject,475,LSTM / PM 2 subject,ECG,one condition,low (one day),dl_temp,15,15,-0.3372087235881264,direct accuracy,90,0.9,0.9,,included,,,no reported uncertainty,,0,No parenthesized uncertainty was reported in the selected accuracy/EER field.,0.9,2.1972245773362196,,,0,0,0,0,1,0,0,0,dl_temp,LSTM,no intruders,one condition,low (one day),,36 x 15 s,ASUS VivoWatch BP,wrist,deep,,no,bandpass filtered,none,no,yes,no
475_LSTM-PM-3-subject,319,475|LSTM / PM 3 subject,475,LSTM / PM 3 subject,ECG,one condition,low (one day),dl_temp,15,15,-0.3372087235881264,direct accuracy,92,0.92,0.92,,included,,,no reported uncertainty,,0,No parenthesized uncertainty was reported in the selected accuracy/EER field.,0.92,2.442347035369205,,,0,0,0,0,1,0,0,0,dl_temp,LSTM,no intruders,one condition,low (one day),,36 x 15 s,ASUS VivoWatch BP,wrist,deep,,no,bandpass filtered,none,no,yes,no
475_LSTM-PM-4-subject,320,475|LSTM / PM 4 subject,475,LSTM / PM 4 subject,ECG,one condition,low (one day),dl_temp,15,15,-0.3372087235881264,direct accuracy,91,0.91,0.91,,included,,,no reported uncertainty,,0,No parenthesized uncertainty was reported in the selected accuracy/EER field.,0.91,2.313634929180631,,,0,0,0,0,1,0,0,0,dl_temp,LSTM,no intruders,one condition,low (one day),,36 x 15 s,ASUS VivoWatch BP,wrist,deep,,no,bandpass filtered,none,no,yes,no
475_LSTM-PM-5-subject,321,475|LSTM / PM 5 subject,475,LSTM / PM 5 subject,ECG,one condition,low (one day),dl_temp,15,15,-0.3372087235881264,direct accuracy,93,0.93,0.93,,included,,,no reported uncertainty,,0,No parenthesized uncertainty was reported in the selected accuracy/EER field.,0.93,2.5866893440979433,,,0,0,0,0,1,0,0,0,dl_temp,LSTM,no intruders,one condition,low (one day),,36 x 15 s,ASUS VivoWatch BP,wrist,deep,,no,bandpass filtered,none,no,yes,no
475_AE-PM-1-subject,322,475|AE / PM 1 subject,475,AE / PM 1 subject,ECG,one condition,low (one day),dl_temp,15,15,-0.3372087235881264,direct accuracy,92,0.92,0.92,,included,,,no reported uncertainty,,0,No parenthesized uncertainty was reported in the selected accuracy/EER field.,0.92,2.442347035369205,,,0,0,0,0,1,0,0,0,dl_temp,Autoencoder,no intruders,one condition,low (one day),,36 x 15 s,ASUS VivoWatch BP,wrist,deep,,no,bandpass filtered,none,no,yes,no
475_AE-PM-2-subject,323,475|AE / PM 2 subject,475,AE / PM 2 subject,ECG,one condition,low (one day),dl_temp,15,15,-0.3372087235881264,direct accuracy,89,0.89,0.89,,included,,,no reported uncertainty,,0,No parenthesized uncertainty was reported in the selected accuracy/EER field.,0.89,2.0907410969337694,,,0,0,0,0,1,0,0,0,dl_temp,Autoencoder,no intruders,one condition,low (one day),,36 x 15 s,ASUS VivoWatch BP,wrist,deep,,no,bandpass filtered,none,no,yes,no
475_AE-PM-3-subject,324,475|AE / PM 3 subject,475,AE / PM 3 subject,ECG,one condition,low (one day),dl_temp,15,15,-0.3372087235881264,direct accuracy,94,0.94,0.94,,included,,,no reported uncertainty,,0,No parenthesized uncertainty was reported in the selected accuracy/EER field.,0.94,2.751535313041948,,,0,0,0,0,1,0,0,0,dl_temp,Autoencoder,no intruders,one condition,low (one day),,36 x 15 s,ASUS VivoWatch BP,wrist,deep,,no,bandpass filtered,none,no,yes,no
475_AE-PM-4-subject,325,475|AE / PM 4 subject,475,AE / PM 4 subject,ECG,one condition,low (one day),dl_temp,15,15,-0.3372087235881264,direct accuracy,93,0.93,0.93,,included,,,no reported uncertainty,,0,No parenthesized uncertainty was reported in the selected accuracy/EER field.,0.93,2.5866893440979433,,,0,0,0,0,1,0,0,0,dl_temp,Autoencoder,no intruders,one condition,low (one day),,36 x 15 s,ASUS VivoWatch BP,wrist,deep,,no,bandpass filtered,none,no,yes,no
475_AE-PM-5-subject,326,475|AE / PM 5 subject,475,AE / PM 5 subject,ECG,one condition,low (one day),dl_temp,15,15,-0.3372087235881264,direct accuracy,91,0.91,0.91,,included,,,no reported uncertainty,,0,No parenthesized uncertainty was reported in the selected accuracy/EER field.,0.91,2.313634929180631,,,0,0,0,0,1,0,0,0,dl_temp,Autoencoder,no intruders,one condition,low (one day),,36 x 15 s,ASUS VivoWatch BP,wrist,deep,,no,bandpass filtered,none,no,yes,no
459_level-1,328,459|level 1,459,level 1,PPG,everyday activities,low (one day),dl,30,30,0.8230875014240396,converted EER,82.8,0.828,0.828,,included; accuracy missing and EER is a valid percentage,EER,7.79,converted subject-level SD,30,0,Single-user uploaded results support SD/sqrt(30) conversion.,0.828,1.5715186775718064,0.014222529076550814,0.014222529076550814,0.09986609002184314,1,0.09986609002184314,1,0,1,0,0,dl,FF-NN,,everyday activities,low (one day),,,"Mio Fuse, Fitbit, Microsoft Band",wrist,handcrafted,medium,no,"Downsampling to 8 Hz, wavelet transform decomposition",none,no,yes,not described
459_level-2,329,459|level 2,459,level 2,PPG,everyday activities,low (one day),dl,30,30,0.8230875014240396,converted EER,81.8,0.818,0.818,,included; accuracy missing and EER is a valid percentage,EER,7.55,converted subject-level SD,30,0,Single-user uploaded results support SD/sqrt(30) conversion.,0.818,1.5028556495259513,0.01378435103054668,0.01378435103054668,0.09258947735395011,1,0.09258947735395011,1,0,1,0,0,dl,FF-NN,,everyday activities,low (one day),,,"Mio Fuse, Fitbit, Microsoft Band",wrist,handcrafted,medium,no,"Downsampling to 8 Hz, wavelet transform decomposition",none,no,yes,not described
459_level-3,330,459|level 3,459,level 3,PPG,everyday activities,low (one day),dl,30,30,0.8230875014240396,converted EER,79.1,0.7909999999999999,0.7909999999999999,,included; accuracy missing and EER is a valid percentage,EER,7.92,converted subject-level SD,30,0,Single-user uploaded results support SD/sqrt(30) conversion.,0.7909999999999999,1.3309637158028425,0.014459875518136385,0.014459875518136385,0.08746650728673885,1,0.08746650728673885,1,0,1,0,0,dl,FF-NN,,everyday activities,low (one day),,,"Mio Fuse, Fitbit, Microsoft Band",wrist,handcrafted,medium,no,"Downsampling to 8 Hz, wavelet transform decomposition",none,no,yes,not described
459_level-4,331,459|level 4,459,level 4,PPG,everyday activities,low (one day),dl,30,30,0.8230875014240396,converted EER,78.2,0.782,0.782,,included; accuracy missing and EER is a valid percentage,EER,8.26,converted subject-level SD,30,0,Single-user uploaded results support SD/sqrt(30) conversion.,0.782,1.2773596777562222,0.015080627749975572,0.015080627749975572,0.08846188173100948,1,0.08846188173100948,1,0,1,0,0,dl,FF-NN,,everyday activities,low (one day),,,"Mio Fuse, Fitbit, Microsoft Band",wrist,handcrafted,medium,no,"Downsampling to 8 Hz, wavelet transform decomposition",none,no,yes,not described
459_level-fusion,332,459|level fusion,459,level fusion,PPG,everyday activities,low (one day),dl,30,30,0.8230875014240396,converted EER,88.75,0.8875,0.8875,,included; accuracy missing and EER is a valid percentage,EER,6.16,converted subject-level SD,30,0,Single-user uploaded results support SD/sqrt(30) conversion.,0.8875,2.0654552997050954,0.011246569847439412,0.011246569847439412,0.11264170113241347,1,0.11264170113241347,1,0,1,0,0,dl,FF-NN,,everyday activities,low (one day),,,"Mio Fuse, Fitbit, Microsoft Band",wrist,handcrafted,medium,no,"Downsampling to 8 Hz, wavelet transform decomposition",none,yes,yes,not described
447_ResNet50-1s-Sc2,336,447|ResNet50 1s Sc2,447,ResNet50 1s Sc2,ECG,multiple conditions,low (one day),dl,13,13,-0.5767528973640305,converted EER,58.52,0.5852,0.5852,,included; accuracy missing and EER is a valid percentage,,,no reported uncertainty,,0,No parenthesized uncertainty was reported in the selected accuracy/EER field.,0.5852,0.3441571927905972,,,0,0,0,0,1,0,0,0,dl,CNN,intruders,multiple conditions,low (one day),2s,16 min,Hexoskin Hx1,chest/torso,hybrid,,no,Downsampled to 200 Hz; trimmed moving average filter; a third order Butterworth band-pass filter (0.5 Hz-45 Hz); a mean filter,window,yes,yes,2 intruders
447_ResNet50-1s-Sc4,337,447|ResNet50 1s Sc4,447,ResNet50 1s Sc4,ECG,multiple conditions,low (one day),dl,13,13,-0.5767528973640305,converted EER,65.99000000000001,0.6599,0.6599,,included; accuracy missing and EER is a valid percentage,,,no reported uncertainty,,0,No parenthesized uncertainty was reported in the selected accuracy/EER field.,0.6599,0.6628486163762264,,,0,0,0,0,1,0,0,0,dl,CNN,intruders,multiple conditions,low (one day),4s,16 min,Hexoskin Hx1,chest/torso,hybrid,,no,Downsampled to 200 Hz; trimmed moving average filter; a third order Butterworth band-pass filter (0.5 Hz-45 Hz); a mean filter,window,yes,yes,2 intruders
447_ResNet50-1s-Sc10,338,447|ResNet50 1s Sc10,447,ResNet50 1s Sc10,ECG,multiple conditions,low (one day),dl,13,13,-0.5767528973640305,converted EER,77.47,0.7746999999999999,0.7746999999999999,,included; accuracy missing and EER is a valid percentage,,,no reported uncertainty,,0,No parenthesized uncertainty was reported in the selected accuracy/EER field.,0.7746999999999999,1.235043010199658,,,0,0,0,0,1,0,0,0,dl,CNN,intruders,multiple conditions,low (one day),10s,16 min,Hexoskin Hx1,chest/torso,hybrid,,no,Downsampled to 200 Hz; trimmed moving average filter; a third order Butterworth band-pass filter (0.5 Hz-45 Hz); a mean filter,window,yes,yes,2 intruders
447_ResNet50-1s-Sp2,339,447|ResNet50 1s Sp2,447,ResNet50 1s Sp2,ECG,multiple conditions,low (one day),dl,13,13,-0.5767528973640305,converted EER,60.89,0.6089,0.6089,,included; accuracy missing and EER is a valid percentage,,,no reported uncertainty,,0,No parenthesized uncertainty was reported in the selected accuracy/EER field.,0.6089,0.4426907688530599,,,0,0,0,0,1,0,0,0,dl,CNN,intruders,multiple conditions,low (one day),2s,16 min,Hexoskin Hx1,chest/torso,hybrid,,no,Downsampled to 200 Hz; trimmed moving average filter; a third order Butterworth band-pass filter (0.5 Hz-45 Hz); a mean filter,window,yes,yes,2 intruders
447_ResNet50-1s-Sp4,340,447|ResNet50 1s Sp4,447,ResNet50 1s Sp4,ECG,multiple conditions,low (one day),dl,13,13,-0.5767528973640305,converted EER,64.03,0.6403,0.6403,,included; accuracy missing and EER is a valid percentage,,,no reported uncertainty,,0,No parenthesized uncertainty was reported in the selected accuracy/EER field.,0.6403,0.5766664658231782,,,0,0,0,0,1,0,0,0,dl,CNN,intruders,multiple conditions,low (one day),4s,16 min,Hexoskin Hx1,chest/torso,hybrid,,no,Downsampled to 200 Hz; trimmed moving average filter; a third order Butterworth band-pass filter (0.5 Hz-45 Hz); a mean filter,window,yes,yes,2 intruders
447_ResNet50-1s-Sp10,341,447|ResNet50 1s Sp10,447,ResNet50 1s Sp10,ECG,multiple conditions,low (one day),dl,13,13,-0.5767528973640305,converted EER,75.61,0.7561,0.7561,,included; accuracy missing and EER is a valid percentage,,,no reported uncertainty,,0,No parenthesized uncertainty was reported in the selected accuracy/EER field.,0.7561,1.1314153373423497,,,0,0,0,0,1,0,0,0,dl,CNN,intruders,multiple conditions,low (one day),10s,16 min,Hexoskin Hx1,chest/torso,hybrid,,no,Downsampled to 200 Hz; trimmed moving average filter; a third order Butterworth band-pass filter (0.5 Hz-45 Hz); a mean filter,window,yes,yes,2 intruders
447_ResNet50-1s-Mel2,342,447|ResNet50 1s Mel2,447,ResNet50 1s Mel2,ECG,multiple conditions,low (one day),dl,13,13,-0.5767528973640305,converted EER,61.66,0.6165999999999999,0.6165999999999999,,included; accuracy missing and EER is a valid percentage,,,no reported uncertainty,,0,No parenthesized uncertainty was reported in the selected accuracy/EER field.,0.6165999999999999,0.47514168484050556,,,0,0,0,0,1,0,0,0,dl,CNN,intruders,multiple conditions,low (one day),2s,16 min,Hexoskin Hx1,chest/torso,hybrid,,no,Downsampled to 200 Hz; trimmed moving average filter; a third order Butterworth band-pass filter (0.5 Hz-45 Hz); a mean filter,window,yes,yes,2 intruders
447_ResNet50-1s-Mel4,343,447|ResNet50 1s Mel4,447,ResNet50 1s Mel4,ECG,multiple conditions,low (one day),dl,13,13,-0.5767528973640305,converted EER,64.5,0.645,0.645,,included; accuracy missing and EER is a valid percentage,,,no reported uncertainty,,0,No parenthesized uncertainty was reported in the selected accuracy/EER field.,0.645,0.5971325273203568,,,0,0,0,0,1,0,0,0,dl,CNN,intruders,multiple conditions,low (one day),4s,16 min,Hexoskin Hx1,chest/torso,hybrid,,no,Downsampled to 200 Hz; trimmed moving average filter; a third order Butterworth band-pass filter (0.5 Hz-45 Hz); a mean filter,window,yes,yes,2 intruders
447_ResNet50-1s-Mel10,344,447|ResNet50 1s Mel10,447,ResNet50 1s Mel10,ECG,multiple conditions,low (one day),dl,13,13,-0.5767528973640305,converted EER,71.9,0.7190000000000001,0.7190000000000001,,included; accuracy missing and EER is a valid percentage,,,no reported uncertainty,,0,No parenthesized uncertainty was reported in the selected accuracy/EER field.,0.7190000000000001,0.9395066883873013,,,0,0,0,0,1,0,0,0,dl,CNN,intruders,multiple conditions,low (one day),10s,16 min,Hexoskin Hx1,chest/torso,hybrid,,no,Downsampled to 200 Hz; trimmed moving average filter; a third order Butterworth band-pass filter (0.5 Hz-45 Hz); a mean filter,window,yes,yes,2 intruders
447_ResNet50-3s-Sc2,345,447|ResNet50 3s Sc2,447,ResNet50 3s Sc2,ECG,multiple conditions,low (one day),dl,13,13,-0.5767528973640305,converted EER,63.55,0.6355,0.6355,,included; accuracy missing and EER is a valid percentage,,,no reported uncertainty,,0,No parenthesized uncertainty was reported in the selected accuracy/EER field.,0.6355,0.5558855391807958,,,0,0,0,0,1,0,0,0,dl,CNN,intruders,multiple conditions,low (one day),2s,16 min,Hexoskin Hx1,chest/torso,hybrid,,no,Downsampled to 200 Hz; trimmed moving average filter; a third order Butterworth band-pass filter (0.5 Hz-45 Hz); a mean filter,window,yes,yes,2 intruders
447_ResNet50-3s-Sc4,346,447|ResNet50 3s Sc4,447,ResNet50 3s Sc4,ECG,multiple conditions,low (one day),dl,13,13,-0.5767528973640305,converted EER,87.81,0.8781,0.8781,,included; accuracy missing and EER is a valid percentage,,,no reported uncertainty,,0,No parenthesized uncertainty was reported in the selected accuracy/EER field.,0.8781,1.974559445878724,,,0,0,0,0,1,0,0,0,dl,CNN,intruders,multiple conditions,low (one day),4s,16 min,Hexoskin Hx1,chest/torso,hybrid,,no,Downsampled to 200 Hz; trimmed moving average filter; a third order Butterworth band-pass filter (0.5 Hz-45 Hz); a mean filter,window,yes,yes,2 intruders
447_ResNet50-3s-Sc10,347,447|ResNet50 3s Sc10,447,ResNet50 3s Sc10,ECG,multiple conditions,low (one day),dl,13,13,-0.5767528973640305,converted EER,79.53,0.7953,0.7953,,included; accuracy missing and EER is a valid percentage,,,no reported uncertainty,,0,No parenthesized uncertainty was reported in the selected accuracy/EER field.,0.7953,1.3571739092958457,,,0,0,0,0,1,0,0,0,dl,CNN,intruders,multiple conditions,low (one day),10s,16 min,Hexoskin Hx1,chest/torso,hybrid,,no,Downsampled to 200 Hz; trimmed moving average filter; a third order Butterworth band-pass filter (0.5 Hz-45 Hz); a mean filter,window,yes,yes,2 intruders
447_ResNet50-3s-Sp2,348,447|ResNet50 3s Sp2,447,ResNet50 3s Sp2,ECG,multiple conditions,low (one day),dl,13,13,-0.5767528973640305,converted EER,66.72,0.6672,0.6672,,included; accuracy missing and EER is a valid percentage,,,no reported uncertainty,,0,No parenthesized uncertainty was reported in the selected accuracy/EER field.,0.6672,0.6955481420974836,,,0,0,0,0,1,0,0,0,dl,CNN,intruders,multiple conditions,low (one day),2s,16 min,Hexoskin Hx1,chest/torso,hybrid,,no,Downsampled to 200 Hz; trimmed moving average filter; a third order Butterworth band-pass filter (0.5 Hz-45 Hz); a mean filter,window,yes,yes,2 intruders
447_ResNet50-3s-Sp4,349,447|ResNet50 3s Sp4,447,ResNet50 3s Sp4,ECG,multiple conditions,low (one day),dl,13,13,-0.5767528973640305,converted EER,69.36,0.6936,0.6936,,included; accuracy missing and EER is a valid percentage,,,no reported uncertainty,,0,No parenthesized uncertainty was reported in the selected accuracy/EER field.,0.6936,0.8170039875998959,,,0,0,0,0,1,0,0,0,dl,CNN,intruders,multiple conditions,low (one day),4s,16 min,Hexoskin Hx1,chest/torso,hybrid,,no,Downsampled to 200 Hz; trimmed moving average filter; a third order Butterworth band-pass filter (0.5 Hz-45 Hz); a mean filter,window,yes,yes,2 intruders
447_ResNet50-3s-Sp10,350,447|ResNet50 3s Sp10,447,ResNet50 3s Sp10,ECG,multiple conditions,low (one day),dl,13,13,-0.5767528973640305,converted EER,79.05,0.7905,0.7905,,included; accuracy missing and EER is a valid percentage,,,no reported uncertainty,,0,No parenthesized uncertainty was reported in the selected accuracy/EER field.,0.7905,1.3279419172873341,,,0,0,0,0,1,0,0,0,dl,CNN,intruders,multiple conditions,low (one day),10s,16 min,Hexoskin Hx1,chest/torso,hybrid,,no,Downsampled to 200 Hz; trimmed moving average filter; a third order Butterworth band-pass filter (0.5 Hz-45 Hz); a mean filter,window,yes,yes,2 intruders
447_ResNet50-3s-Mel2,351,447|ResNet50 3s Mel2,447,ResNet50 3s Mel2,ECG,multiple conditions,low (one day),dl,13,13,-0.5767528973640305,converted EER,60.78,0.6078,0.6078,,included; accuracy missing and EER is a valid percentage,,,no reported uncertainty,,0,No parenthesized uncertainty was reported in the selected accuracy/EER field.,0.6078,0.4380739667204468,,,0,0,0,0,1,0,0,0,dl,CNN,intruders,multiple conditions,low (one day),2s,16 min,Hexoskin Hx1,chest/torso,hybrid,,no,Downsampled to 200 Hz; trimmed moving average filter; a third order Butterworth band-pass filter (0.5 Hz-45 Hz); a mean filter,window,yes,yes,2 intruders
447_ResNet50-3s-Mel4,352,447|ResNet50 3s Mel4,447,ResNet50 3s Mel4,ECG,multiple conditions,low (one day),dl,13,13,-0.5767528973640305,converted EER,65.63,0.6563,0.6563,,included; accuracy missing and EER is a valid percentage,,,no reported uncertainty,,0,No parenthesized uncertainty was reported in the selected accuracy/EER field.,0.6563,0.6468488176238889,,,0,0,0,0,1,0,0,0,dl,CNN,intruders,multiple conditions,low (one day),4s,16 min,Hexoskin Hx1,chest/torso,hybrid,,no,Downsampled to 200 Hz; trimmed moving average filter; a third order Butterworth band-pass filter (0.5 Hz-45 Hz); a mean filter,window,yes,yes,2 intruders
447_ResNet50-3s-Mel10,353,447|ResNet50 3s Mel10,447,ResNet50 3s Mel10,ECG,multiple conditions,low (one day),dl,13,13,-0.5767528973640305,converted EER,71.21000000000001,0.7121000000000001,0.7121000000000001,,included; accuracy missing and EER is a valid percentage,,,no reported uncertainty,,0,No parenthesized uncertainty was reported in the selected accuracy/EER field.,0.7121000000000001,0.9056051533699492,,,0,0,0,0,1,0,0,0,dl,CNN,intruders,multiple conditions,low (one day),10s,16 min,Hexoskin Hx1,chest/torso,hybrid,,no,Downsampled to 200 Hz; trimmed moving average filter; a third order Butterworth band-pass filter (0.5 Hz-45 Hz); a mean filter,window,yes,yes,2 intruders
447_ResNet50-5s-Sc2,354,447|ResNet50 5s Sc2,447,ResNet50 5s Sc2,ECG,multiple conditions,low (one day),dl,13,13,-0.5767528973640305,converted EER,65.53999999999999,0.6553999999999999,0.6553999999999999,,included; accuracy missing and EER is a valid percentage,,,no reported uncertainty,,0,No parenthesized uncertainty was reported in the selected accuracy/EER field.,0.6553999999999999,0.6428614121708844,,,0,0,0,0,1,0,0,0,dl,CNN,intruders,multiple conditions,low (one day),2s,16 min,Hexoskin Hx1,chest/torso,hybrid,,no,Downsampled to 200 Hz; trimmed moving average filter; a third order Butterworth band-pass filter (0.5 Hz-45 Hz); a mean filter,window,yes,yes,2 intruders
447_ResNet50-5s-Sc4,355,447|ResNet50 5s Sc4,447,ResNet50 5s Sc4,ECG,multiple conditions,low (one day),dl,13,13,-0.5767528973640305,converted EER,88.78999999999999,0.8878999999999999,0.8878999999999999,,included; accuracy missing and EER is a valid percentage,,,no reported uncertainty,,0,No parenthesized uncertainty was reported in the selected accuracy/EER field.,0.8878999999999999,2.069467793960166,,,0,0,0,0,1,0,0,0,dl,CNN,intruders,multiple conditions,low (one day),4s,16 min,Hexoskin Hx1,chest/torso,hybrid,,no,Downsampled to 200 Hz; trimmed moving average filter; a third order Butterworth band-pass filter (0.5 Hz-45 Hz); a mean filter,window,yes,yes,2 intruders
447_ResNet50-5s-Sc10,356,447|ResNet50 5s Sc10,447,ResNet50 5s Sc10,ECG,multiple conditions,low (one day),dl,13,13,-0.5767528973640305,converted EER,80.91,0.8090999999999999,0.8090999999999999,,included; accuracy missing and EER is a valid percentage,,,no reported uncertainty,,0,No parenthesized uncertainty was reported in the selected accuracy/EER field.,0.8090999999999999,1.4441727880820916,,,0,0,0,0,1,0,0,0,dl,CNN,intruders,multiple conditions,low (one day),10s,16 min,Hexoskin Hx1,chest/torso,hybrid,,no,Downsampled to 200 Hz; trimmed moving average filter; a third order Butterworth band-pass filter (0.5 Hz-45 Hz); a mean filter,window,yes,yes,2 intruders
447_ResNet50-5s-Sp2,357,447|ResNet50 5s Sp2,447,ResNet50 5s Sp2,ECG,multiple conditions,low (one day),dl,13,13,-0.5767528973640305,converted EER,65.36,0.6536,0.6536,,included; accuracy missing and EER is a valid percentage,,,no reported uncertainty,,0,No parenthesized uncertainty was reported in the selected accuracy/EER field.,0.6536,0.6349013668575129,,,0,0,0,0,1,0,0,0,dl,CNN,intruders,multiple conditions,low (one day),2s,16 min,Hexoskin Hx1,chest/torso,hybrid,,no,Downsampled to 200 Hz; trimmed moving average filter; a third order Butterworth band-pass filter (0.5 Hz-45 Hz); a mean filter,window,yes,yes,2 intruders
447_ResNet50-5s-Sp4,358,447|ResNet50 5s Sp4,447,ResNet50 5s Sp4,ECG,multiple conditions,low (one day),dl,13,13,-0.5767528973640305,converted EER,71.38,0.7138,0.7138,,included; accuracy missing and EER is a valid percentage,,,no reported uncertainty,,0,No parenthesized uncertainty was reported in the selected accuracy/EER field.,0.7138,0.9139119439337094,,,0,0,0,0,1,0,0,0,dl,CNN,intruders,multiple conditions,low (one day),4s,16 min,Hexoskin Hx1,chest/torso,hybrid,,no,Downsampled to 200 Hz; trimmed moving average filter; a third order Butterworth band-pass filter (0.5 Hz-45 Hz); a mean filter,window,yes,yes,2 intruders
447_ResNet50-5s-Sp10,359,447|ResNet50 5s Sp10,447,ResNet50 5s Sp10,ECG,multiple conditions,low (one day),dl,13,13,-0.5767528973640305,converted EER,78.77,0.7877,0.7877,,included; accuracy missing and EER is a valid percentage,,,no reported uncertainty,,0,No parenthesized uncertainty was reported in the selected accuracy/EER field.,0.7877,1.311116938000068,,,0,0,0,0,1,0,0,0,dl,CNN,intruders,multiple conditions,low (one day),10s,16 min,Hexoskin Hx1,chest/torso,hybrid,,no,Downsampled to 200 Hz; trimmed moving average filter; a third order Butterworth band-pass filter (0.5 Hz-45 Hz); a mean filter,window,yes,yes,2 intruders
447_ResNet50-5s-Mel2,360,447|ResNet50 5s Mel2,447,ResNet50 5s Mel2,ECG,multiple conditions,low (one day),dl,13,13,-0.5767528973640305,converted EER,60.52,0.6052000000000001,0.6052000000000001,,included; accuracy missing and EER is a valid percentage,,,no reported uncertainty,,0,No parenthesized uncertainty was reported in the selected accuracy/EER field.,0.6052000000000001,0.4271796743548746,,,0,0,0,0,1,0,0,0,dl,CNN,intruders,multiple conditions,low (one day),2s,16 min,Hexoskin Hx1,chest/torso,hybrid,,no,Downsampled to 200 Hz; trimmed moving average filter; a third order Butterworth band-pass filter (0.5 Hz-45 Hz); a mean filter,window,yes,yes,2 intruders
447_ResNet50-5s-Mel4,361,447|ResNet50 5s Mel4,447,ResNet50 5s Mel4,ECG,multiple conditions,low (one day),dl,13,13,-0.5767528973640305,converted EER,64.32,0.6431999999999999,0.6431999999999999,,included; accuracy missing and EER is a valid percentage,,,no reported uncertainty,,0,No parenthesized uncertainty was reported in the selected accuracy/EER field.,0.6431999999999999,0.5892803171589017,,,0,0,0,0,1,0,0,0,dl,CNN,intruders,multiple conditions,low (one day),4s,16 min,Hexoskin Hx1,chest/torso,hybrid,,no,Downsampled to 200 Hz; trimmed moving average filter; a third order Butterworth band-pass filter (0.5 Hz-45 Hz); a mean filter,window,yes,yes,2 intruders
447_ResNet50-5s-Mel10,362,447|ResNet50 5s Mel10,447,ResNet50 5s Mel10,ECG,multiple conditions,low (one day),dl,13,13,-0.5767528973640305,converted EER,72.45,0.7245,0.7245,,included; accuracy missing and EER is a valid percentage,,,no reported uncertainty,,0,No parenthesized uncertainty was reported in the selected accuracy/EER field.,0.7245,0.966894133167768,,,0,0,0,0,1,0,0,0,dl,CNN,intruders,multiple conditions,low (one day),10s,16 min,Hexoskin Hx1,chest/torso,hybrid,,no,Downsampled to 200 Hz; trimmed moving average filter; a third order Butterworth band-pass filter (0.5 Hz-45 Hz); a mean filter,window,yes,yes,2 intruders
447_DensNet201-1s-Sc2,363,447|DensNet201 1s Sc2,447,DensNet201 1s Sc2,ECG,multiple conditions,low (one day),dl,13,13,-0.5767528973640305,converted EER,64.22,0.6422,0.6422,,included; accuracy missing and EER is a valid percentage,,,no reported uncertainty,,0,No parenthesized uncertainty was reported in the selected accuracy/EER field.,0.6422,0.5849256105807947,,,0,0,0,0,1,0,0,0,dl,CNN,intruders,multiple conditions,low (one day),2s,16 min,Hexoskin Hx1,chest/torso,hybrid,,no,Downsampled to 200 Hz; trimmed moving average filter; a third order Butterworth band-pass filter (0.5 Hz-45 Hz); a mean filter,window,yes,yes,2 intruders
447_DensNet201-1s-Sc4,364,447|DensNet201 1s Sc4,447,DensNet201 1s Sc4,ECG,multiple conditions,low (one day),dl,13,13,-0.5767528973640305,converted EER,77.51,0.7751,0.7751,,included; accuracy missing and EER is a valid percentage,,,no reported uncertainty,,0,No parenthesized uncertainty was reported in the selected accuracy/EER field.,0.7751,1.2373361943221959,,,0,0,0,0,1,0,0,0,dl,CNN,intruders,multiple conditions,low (one day),4s,16 min,Hexoskin Hx1,chest/torso,hybrid,,no,Downsampled to 200 Hz; trimmed moving average filter; a third order Butterworth band-pass filter (0.5 Hz-45 Hz); a mean filter,window,yes,yes,2 intruders
447_DensNet201-1s-Sc10,365,447|DensNet201 1s Sc10,447,DensNet201 1s Sc10,ECG,multiple conditions,low (one day),dl,13,13,-0.5767528973640305,converted EER,79.53,0.7953,0.7953,,included; accuracy missing and EER is a valid percentage,,,no reported uncertainty,,0,No parenthesized uncertainty was reported in the selected accuracy/EER field.,0.7953,1.3571739092958457,,,0,0,0,0,1,0,0,0,dl,CNN,intruders,multiple conditions,low (one day),10s,16 min,Hexoskin Hx1,chest/torso,hybrid,,no,Downsampled to 200 Hz; trimmed moving average filter; a third order Butterworth band-pass filter (0.5 Hz-45 Hz); a mean filter,window,yes,yes,2 intruders
447_DensNet201-1s-Sp2,366,447|DensNet201 1s Sp2,447,DensNet201 1s Sp2,ECG,multiple conditions,low (one day),dl,13,13,-0.5767528973640305,converted EER,61.22,0.6122,0.6122,,included; accuracy missing and EER is a valid percentage,,,no reported uncertainty,,0,No parenthesized uncertainty was reported in the selected accuracy/EER field.,0.6122,0.4565692837027606,,,0,0,0,0,1,0,0,0,dl,CNN,intruders,multiple conditions,low (one day),2s,16 min,Hexoskin Hx1,chest/torso,hybrid,,no,Downsampled to 200 Hz; trimmed moving average filter; a third order Butterworth band-pass filter (0.5 Hz-45 Hz); a mean filter,window,yes,yes,2 intruders
447_DensNet201-1s-Sp4,367,447|DensNet201 1s Sp4,447,DensNet201 1s Sp4,ECG,multiple conditions,low (one day),dl,13,13,-0.5767528973640305,converted EER,66.05,0.6605,0.6605,,included; accuracy missing and EER is a valid percentage,,,no reported uncertainty,,0,No parenthesized uncertainty was reported in the selected accuracy/EER field.,0.6605,0.6655231769636291,,,0,0,0,0,1,0,0,0,dl,CNN,intruders,multiple conditions,low (one day),4s,16 min,Hexoskin Hx1,chest/torso,hybrid,,no,Downsampled to 200 Hz; trimmed moving average filter; a third order Butterworth band-pass filter (0.5 Hz-45 Hz); a mean filter,window,yes,yes,2 intruders
447_DensNet201-1s-Sp10,368,447|DensNet201 1s Sp10,447,DensNet201 1s Sp10,ECG,multiple conditions,low (one day),dl,13,13,-0.5767528973640305,converted EER,80.42,0.8042,0.8042,,included; accuracy missing and EER is a valid percentage,,,no reported uncertainty,,0,No parenthesized uncertainty was reported in the selected accuracy/EER field.,0.8042,1.4127542643667637,,,0,0,0,0,1,0,0,0,dl,CNN,intruders,multiple conditions,low (one day),10s,16 min,Hexoskin Hx1,chest/torso,hybrid,,no,Downsampled to 200 Hz; trimmed moving average filter; a third order Butterworth band-pass filter (0.5 Hz-45 Hz); a mean filter,window,yes,yes,2 intruders
447_DensNet201-1s-Mel2,369,447|DensNet201 1s Mel2,447,DensNet201 1s Mel2,ECG,multiple conditions,low (one day),dl,13,13,-0.5767528973640305,converted EER,60.74,0.6074,0.6074,,included; accuracy missing and EER is a valid percentage,,,no reported uncertainty,,0,No parenthesized uncertainty was reported in the selected accuracy/EER field.,0.6074,0.43639627076928794,,,0,0,0,0,1,0,0,0,dl,CNN,intruders,multiple conditions,low (one day),2s,16 min,Hexoskin Hx1,chest/torso,hybrid,,no,Downsampled to 200 Hz; trimmed moving average filter; a third order Butterworth band-pass filter (0.5 Hz-45 Hz); a mean filter,window,yes,yes,2 intruders
447_DensNet201-1s-Mel4,370,447|DensNet201 1s Mel4,447,DensNet201 1s Mel4,ECG,multiple conditions,low (one day),dl,13,13,-0.5767528973640305,converted EER,61.44,0.6144,0.6144,,included; accuracy missing and EER is a valid percentage,,,no reported uncertainty,,0,No parenthesized uncertainty was reported in the selected accuracy/EER field.,0.6144,0.4658456190970717,,,0,0,0,0,1,0,0,0,dl,CNN,intruders,multiple conditions,low (one day),4s,16 min,Hexoskin Hx1,chest/torso,hybrid,,no,Downsampled to 200 Hz; trimmed moving average filter; a third order Butterworth band-pass filter (0.5 Hz-45 Hz); a mean filter,window,yes,yes,2 intruders
447_DensNet201-1s-Mel10,371,447|DensNet201 1s Mel10,447,DensNet201 1s Mel10,ECG,multiple conditions,low (one day),dl,13,13,-0.5767528973640305,converted EER,70.83,0.7082999999999999,0.7082999999999999,,included; accuracy missing and EER is a valid percentage,,,no reported uncertainty,,0,No parenthesized uncertainty was reported in the selected accuracy/EER field.,0.7082999999999999,0.8871418558859008,,,0,0,0,0,1,0,0,0,dl,CNN,intruders,multiple conditions,low (one day),10s,16 min,Hexoskin Hx1,chest/torso,hybrid,,no,Downsampled to 200 Hz; trimmed moving average filter; a third order Butterworth band-pass filter (0.5 Hz-45 Hz); a mean filter,window,yes,yes,2 intruders
447_DensNet201-3s-Sc2,372,447|DensNet201 3s Sc2,447,DensNet201 3s Sc2,ECG,multiple conditions,low (one day),dl,13,13,-0.5767528973640305,converted EER,68.88,0.6888,0.6888,,included; accuracy missing and EER is a valid percentage,,,no reported uncertainty,,0,No parenthesized uncertainty was reported in the selected accuracy/EER field.,0.6888,0.7945151608092843,,,0,0,0,0,1,0,0,0,dl,CNN,intruders,multiple conditions,low (one day),2s,16 min,Hexoskin Hx1,chest/torso,hybrid,,no,Downsampled to 200 Hz; trimmed moving average filter; a third order Butterworth band-pass filter (0.5 Hz-45 Hz); a mean filter,window,yes,yes,2 intruders
447_DensNet201-3s-Sc4,373,447|DensNet201 3s Sc4,447,DensNet201 3s Sc4,ECG,multiple conditions,low (one day),dl,13,13,-0.5767528973640305,converted EER,89.4,0.894,0.894,,included; accuracy missing and EER is a valid percentage,,,no reported uncertainty,,0,No parenthesized uncertainty was reported in the selected accuracy/EER field.,0.894,2.1322666810614472,,,0,0,0,0,1,0,0,0,dl,CNN,intruders,multiple conditions,low (one day),4s,16 min,Hexoskin Hx1,chest/torso,hybrid,,no,Downsampled to 200 Hz; trimmed moving average filter; a third order Butterworth band-pass filter (0.5 Hz-45 Hz); a mean filter,window,yes,yes,2 intruders
447_DensNet201-3s-Sc10,374,447|DensNet201 3s Sc10,447,DensNet201 3s Sc10,ECG,multiple conditions,low (one day),dl,13,13,-0.5767528973640305,converted EER,80.08,0.8008,0.8008,,included; accuracy missing and EER is a valid percentage,,,no reported uncertainty,,0,No parenthesized uncertainty was reported in the selected accuracy/EER field.,0.8008,1.3913018828505126,,,0,0,0,0,1,0,0,0,dl,CNN,intruders,multiple conditions,low (one day),10s,16 min,Hexoskin Hx1,chest/torso,hybrid,,no,Downsampled to 200 Hz; trimmed moving average filter; a third order Butterworth band-pass filter (0.5 Hz-45 Hz); a mean filter,window,yes,yes,2 intruders
447_DensNet201-3s-Sp2,375,447|DensNet201 3s Sp2,447,DensNet201 3s Sp2,ECG,multiple conditions,low (one day),dl,13,13,-0.5767528973640305,converted EER,63.42,0.6342,0.6342,,included; accuracy missing and EER is a valid percentage,,,no reported uncertainty,,0,No parenthesized uncertainty was reported in the selected accuracy/EER field.,0.6342,0.5502776261474815,,,0,0,0,0,1,0,0,0,dl,CNN,intruders,multiple conditions,low (one day),2s,16 min,Hexoskin Hx1,chest/torso,hybrid,,no,Downsampled to 200 Hz; trimmed moving average filter; a third order Butterworth band-pass filter (0.5 Hz-45 Hz); a mean filter,window,yes,yes,2 intruders
447_DensNet201-3s-Sp4,376,447|DensNet201 3s Sp4,447,DensNet201 3s Sp4,ECG,multiple conditions,low (one day),dl,13,13,-0.5767528973640305,converted EER,70.71000000000001,0.7071000000000001,0.7071000000000001,,included; accuracy missing and EER is a valid percentage,,,no reported uncertainty,,0,No parenthesized uncertainty was reported in the selected accuracy/EER field.,0.7071000000000001,0.8813408447765076,,,0,0,0,0,1,0,0,0,dl,CNN,intruders,multiple conditions,low (one day),4s,16 min,Hexoskin Hx1,chest/torso,hybrid,,no,Downsampled to 200 Hz; trimmed moving average filter; a third order Butterworth band-pass filter (0.5 Hz-45 Hz); a mean filter,window,yes,yes,2 intruders
447_DensNet201-3s-Sp10,377,447|DensNet201 3s Sp10,447,DensNet201 3s Sp10,ECG,multiple conditions,low (one day),dl,13,13,-0.5767528973640305,converted EER,80.97,0.8097,0.8097,,included; accuracy missing and EER is a valid percentage,,,no reported uncertainty,,0,No parenthesized uncertainty was reported in the selected accuracy/EER field.,0.8097,1.4480620343899646,,,0,0,0,0,1,0,0,0,dl,CNN,intruders,multiple conditions,low (one day),10s,16 min,Hexoskin Hx1,chest/torso,hybrid,,no,Downsampled to 200 Hz; trimmed moving average filter; a third order Butterworth band-pass filter (0.5 Hz-45 Hz); a mean filter,window,yes,yes,2 intruders
447_DensNet201-3s-Mel2,378,447|DensNet201 3s Mel2,447,DensNet201 3s Mel2,ECG,multiple conditions,low (one day),dl,13,13,-0.5767528973640305,converted EER,61.07,0.6107,0.6107,,included; accuracy missing and EER is a valid percentage,,,no reported uncertainty,,0,No parenthesized uncertainty was reported in the selected accuracy/EER field.,0.6107,0.4502555856126791,,,0,0,0,0,1,0,0,0,dl,CNN,intruders,multiple conditions,low (one day),2s,16 min,Hexoskin Hx1,chest/torso,hybrid,,no,Downsampled to 200 Hz; trimmed moving average filter; a third order Butterworth band-pass filter (0.5 Hz-45 Hz); a mean filter,window,yes,yes,2 intruders
447_DensNet201-3s-Mel4,379,447|DensNet201 3s Mel4,447,DensNet201 3s Mel4,ECG,multiple conditions,low (one day),dl,13,13,-0.5767528973640305,converted EER,62.79,0.6279,0.6279,,included; accuracy missing and EER is a valid percentage,,,no reported uncertainty,,0,No parenthesized uncertainty was reported in the selected accuracy/EER field.,0.6279,0.523218282767487,,,0,0,0,0,1,0,0,0,dl,CNN,intruders,multiple conditions,low (one day),4s,16 min,Hexoskin Hx1,chest/torso,hybrid,,no,Downsampled to 200 Hz; trimmed moving average filter; a third order Butterworth band-pass filter (0.5 Hz-45 Hz); a mean filter,window,yes,yes,2 intruders
447_DensNet201-3s-Mel10,380,447|DensNet201 3s Mel10,447,DensNet201 3s Mel10,ECG,multiple conditions,low (one day),dl,13,13,-0.5767528973640305,converted EER,71.1,0.711,0.711,,included; accuracy missing and EER is a valid percentage,,,no reported uncertainty,,0,No parenthesized uncertainty was reported in the selected accuracy/EER field.,0.711,0.9002457416908086,,,0,0,0,0,1,0,0,0,dl,CNN,intruders,multiple conditions,low (one day),10s,16 min,Hexoskin Hx1,chest/torso,hybrid,,no,Downsampled to 200 Hz; trimmed moving average filter; a third order Butterworth band-pass filter (0.5 Hz-45 Hz); a mean filter,window,yes,yes,2 intruders
447_DensNet201-5s-Sc2,381,447|DensNet201 5s Sc2,447,DensNet201 5s Sc2,ECG,multiple conditions,low (one day),dl,13,13,-0.5767528973640305,converted EER,69.21000000000001,0.6921,0.6921,,included; accuracy missing and EER is a valid percentage,,,no reported uncertainty,,0,No parenthesized uncertainty was reported in the selected accuracy/EER field.,0.6921,0.8099553989173632,,,0,0,0,0,1,0,0,0,dl,CNN,intruders,multiple conditions,low (one day),2s,16 min,Hexoskin Hx1,chest/torso,hybrid,,no,Downsampled to 200 Hz; trimmed moving average filter; a third order Butterworth band-pass filter (0.5 Hz-45 Hz); a mean filter,window,yes,yes,2 intruders
447_DensNet201-5s-Sc4,382,447|DensNet201 5s Sc4,447,DensNet201 5s Sc4,ECG,multiple conditions,low (one day),dl,13,13,-0.5767528973640305,converted EER,91.12,0.9112,0.9112,,included; accuracy missing and EER is a valid percentage,,,no reported uncertainty,,0,No parenthesized uncertainty was reported in the selected accuracy/EER field.,0.9112,2.328375762134848,,,0,0,0,0,1,0,0,0,dl,CNN,intruders,multiple conditions,low (one day),4s,16 min,Hexoskin Hx1,chest/torso,hybrid,,no,Downsampled to 200 Hz; trimmed moving average filter; a third order Butterworth band-pass filter (0.5 Hz-45 Hz); a mean filter,window,yes,yes,2 intruders
447_DensNet201-5s-Sc10,383,447|DensNet201 5s Sc10,447,DensNet201 5s Sc10,ECG,multiple conditions,low (one day),dl,13,13,-0.5767528973640305,converted EER,81.87,0.8187000000000001,0.8187000000000001,,included; accuracy missing and EER is a valid percentage,,,no reported uncertainty,,0,No parenthesized uncertainty was reported in the selected accuracy/EER field.,0.8187000000000001,1.5075645986215978,,,0,0,0,0,1,0,0,0,dl,CNN,intruders,multiple conditions,low (one day),10s,16 min,Hexoskin Hx1,chest/torso,hybrid,,no,Downsampled to 200 Hz; trimmed moving average filter; a third order Butterworth band-pass filter (0.5 Hz-45 Hz); a mean filter,window,yes,yes,2 intruders
447_DensNet201-5s-Sp2,384,447|DensNet201 5s Sp2,447,DensNet201 5s Sp2,ECG,multiple conditions,low (one day),dl,13,13,-0.5767528973640305,converted EER,64.7,0.647,0.647,,included; accuracy missing and EER is a valid percentage,,,no reported uncertainty,,0,No parenthesized uncertainty was reported in the selected accuracy/EER field.,0.647,0.6058782375676038,,,0,0,0,0,1,0,0,0,dl,CNN,intruders,multiple conditions,low (one day),2s,16 min,Hexoskin Hx1,chest/torso,hybrid,,no,Downsampled to 200 Hz; trimmed moving average filter; a third order Butterworth band-pass filter (0.5 Hz-45 Hz); a mean filter,window,yes,yes,2 intruders
447_DensNet201-5s-Sp4,385,447|DensNet201 5s Sp4,447,DensNet201 5s Sp4,ECG,multiple conditions,low (one day),dl,13,13,-0.5767528973640305,converted EER,72.24,0.7223999999999999,0.7223999999999999,,included; accuracy missing and EER is a valid percentage,,,no reported uncertainty,,0,No parenthesized uncertainty was reported in the selected accuracy/EER field.,0.7223999999999999,0.9563977734701259,,,0,0,0,0,1,0,0,0,dl,CNN,intruders,multiple conditions,low (one day),4s,16 min,Hexoskin Hx1,chest/torso,hybrid,,no,Downsampled to 200 Hz; trimmed moving average filter; a third order Butterworth band-pass filter (0.5 Hz-45 Hz); a mean filter,window,yes,yes,2 intruders
447_DensNet201-5s-Sp10,386,447|DensNet201 5s Sp10,447,DensNet201 5s Sp10,ECG,multiple conditions,low (one day),dl,13,13,-0.5767528973640305,converted EER,81.8,0.818,0.818,,included; accuracy missing and EER is a valid percentage,,,no reported uncertainty,,0,No parenthesized uncertainty was reported in the selected accuracy/EER field.,0.818,1.5028556495259513,,,0,0,0,0,1,0,0,0,dl,CNN,intruders,multiple conditions,low (one day),10s,16 min,Hexoskin Hx1,chest/torso,hybrid,,no,Downsampled to 200 Hz; trimmed moving average filter; a third order Butterworth band-pass filter (0.5 Hz-45 Hz); a mean filter,window,yes,yes,2 intruders
447_DensNet201-5s-Mel2,387,447|DensNet201 5s Mel2,447,DensNet201 5s Mel2,ECG,multiple conditions,low (one day),dl,13,13,-0.5767528973640305,converted EER,58.94,0.5893999999999999,0.5893999999999999,,included; accuracy missing and EER is a valid percentage,,,no reported uncertainty,,0,No parenthesized uncertainty was reported in the selected accuracy/EER field.,0.5893999999999999,0.3614855657187609,,,0,0,0,0,1,0,0,0,dl,CNN,intruders,multiple conditions,low (one day),2s,16 min,Hexoskin Hx1,chest/torso,hybrid,,no,Downsampled to 200 Hz; trimmed moving average filter; a third order Butterworth band-pass filter (0.5 Hz-45 Hz); a mean filter,window,yes,yes,2 intruders
447_DensNet201-5s-Mel4,388,447|DensNet201 5s Mel4,447,DensNet201 5s Mel4,ECG,multiple conditions,low (one day),dl,13,13,-0.5767528973640305,converted EER,64.38,0.6437999999999999,0.6437999999999999,,included; accuracy missing and EER is a valid percentage,,,no reported uncertainty,,0,No parenthesized uncertainty was reported in the selected accuracy/EER field.,0.6437999999999999,0.5918957480091462,,,0,0,0,0,1,0,0,0,dl,CNN,intruders,multiple conditions,low (one day),4s,16 min,Hexoskin Hx1,chest/torso,hybrid,,no,Downsampled to 200 Hz; trimmed moving average filter; a third order Butterworth band-pass filter (0.5 Hz-45 Hz); a mean filter,window,yes,yes,2 intruders
447_DensNet201-5s-Mel10,389,447|DensNet201 5s Mel10,447,DensNet201 5s Mel10,ECG,multiple conditions,low (one day),dl,13,13,-0.5767528973640305,converted EER,73.15,0.7315,0.7315,,included; accuracy missing and EER is a valid percentage,,,no reported uncertainty,,0,No parenthesized uncertainty was reported in the selected accuracy/EER field.,0.7315,1.00224630651126,,,0,0,0,0,1,0,0,0,dl,CNN,intruders,multiple conditions,low (one day),10s,16 min,Hexoskin Hx1,chest/torso,hybrid,,no,Downsampled to 200 Hz; trimmed moving average filter; a third order Butterworth band-pass filter (0.5 Hz-45 Hz); a mean filter,window,yes,yes,2 intruders
447_ResNet50-1s-Sc2-Resting,390,447|ResNet50 1s Sc2 Resting,447,ResNet50 1s Sc2 Resting,ECG,one condition,low (one day),dl,13,13,-0.5767528973640305,converted EER,74.56,0.7456,0.7456,,included; accuracy missing and EER is a valid percentage,,,no reported uncertainty,,0,No parenthesized uncertainty was reported in the selected accuracy/EER field.,0.7456,1.0752814319054145,,,0,0,0,0,1,0,0,0,dl,CNN,intruders,one condition,low (one day),2s,4 min,Hexoskin Hx1,chest/torso,hybrid,,no,Downsampled to 200 Hz; trimmed moving average filter; a third order Butterworth band-pass filter (0.5 Hz-45 Hz); a mean filter,window,yes,yes,2 intruders
447_ResNet50-1s-Sc4-Resting,391,447|ResNet50 1s Sc4 Resting,447,ResNet50 1s Sc4 Resting,ECG,one condition,low (one day),dl,13,13,-0.5767528973640305,converted EER,99.02,0.9902,0.9902,,included; accuracy missing and EER is a valid percentage,,,no reported uncertainty,,0,No parenthesized uncertainty was reported in the selected accuracy/EER field.,0.9902,4.615524557250794,,,0,0,0,0,1,0,0,0,dl,CNN,intruders,one condition,low (one day),4s,4 min,Hexoskin Hx1,chest/torso,hybrid,,no,Downsampled to 200 Hz; trimmed moving average filter; a third order Butterworth band-pass filter (0.5 Hz-45 Hz); a mean filter,window,yes,yes,2 intruders
447_ResNet50-1s-Sc10-Resting,392,447|ResNet50 1s Sc10 Resting,447,ResNet50 1s Sc10 Resting,ECG,one condition,low (one day),dl,13,13,-0.5767528973640305,converted EER,84.17,0.8417,0.8417,,included; accuracy missing and EER is a valid percentage,,,no reported uncertainty,,0,No parenthesized uncertainty was reported in the selected accuracy/EER field.,0.8417,1.670931689330564,,,0,0,0,0,1,0,0,0,dl,CNN,intruders,one condition,low (one day),10s,4 min,Hexoskin Hx1,chest/torso,hybrid,,no,Downsampled to 200 Hz; trimmed moving average filter; a third order Butterworth band-pass filter (0.5 Hz-45 Hz); a mean filter,window,yes,yes,2 intruders
447_ResNet50-1s-Sp2-Resting,393,447|ResNet50 1s Sp2 Resting,447,ResNet50 1s Sp2 Resting,ECG,one condition,low (one day),dl,13,13,-0.5767528973640305,converted EER,69.18,0.6918000000000001,0.6918000000000001,,included; accuracy missing and EER is a valid percentage,,,no reported uncertainty,,0,No parenthesized uncertainty was reported in the selected accuracy/EER field.,0.6918000000000001,0.8085479736170533,,,0,0,0,0,1,0,0,0,dl,CNN,intruders,one condition,low (one day),2s,4 min,Hexoskin Hx1,chest/torso,hybrid,,no,Downsampled to 200 Hz; trimmed moving average filter; a third order Butterworth band-pass filter (0.5 Hz-45 Hz); a mean filter,window,yes,yes,2 intruders
447_ResNet50-1s-Sp4-Resting,394,447|ResNet50 1s Sp4 Resting,447,ResNet50 1s Sp4 Resting,ECG,one condition,low (one day),dl,13,13,-0.5767528973640305,converted EER,74.26,0.7426,0.7426,,included; accuracy missing and EER is a valid percentage,,,no reported uncertainty,,0,No parenthesized uncertainty was reported in the selected accuracy/EER field.,0.7426,1.0595262465809536,,,0,0,0,0,1,0,0,0,dl,CNN,intruders,one condition,low (one day),4s,4 min,Hexoskin Hx1,chest/torso,hybrid,,no,Downsampled to 200 Hz; trimmed moving average filter; a third order Butterworth band-pass filter (0.5 Hz-45 Hz); a mean filter,window,yes,yes,2 intruders
447_ResNet50-1s-Sp10-Resting,395,447|ResNet50 1s Sp10 Resting,447,ResNet50 1s Sp10 Resting,ECG,one condition,low (one day),dl,13,13,-0.5767528973640305,converted EER,87.38,0.8737999999999999,0.8737999999999999,,included; accuracy missing and EER is a valid percentage,,,no reported uncertainty,,0,No parenthesized uncertainty was reported in the selected accuracy/EER field.,0.8737999999999999,1.934983566410222,,,0,0,0,0,1,0,0,0,dl,CNN,intruders,one condition,low (one day),10s,4 min,Hexoskin Hx1,chest/torso,hybrid,,no,Downsampled to 200 Hz; trimmed moving average filter; a third order Butterworth band-pass filter (0.5 Hz-45 Hz); a mean filter,window,yes,yes,2 intruders
447_ResNet50-1s-Mel2-Resting,396,447|ResNet50 1s Mel2 Resting,447,ResNet50 1s Mel2 Resting,ECG,one condition,low (one day),dl,13,13,-0.5767528973640305,converted EER,61.72,0.6172,0.6172,,included; accuracy missing and EER is a valid percentage,,,no reported uncertainty,,0,No parenthesized uncertainty was reported in the selected accuracy/EER field.,0.6172,0.4776804609102064,,,0,0,0,0,1,0,0,0,dl,CNN,intruders,one condition,low (one day),2s,4 min,Hexoskin Hx1,chest/torso,hybrid,,no,Downsampled to 200 Hz; trimmed moving average filter; a third order Butterworth band-pass filter (0.5 Hz-45 Hz); a mean filter,window,yes,yes,2 intruders
447_ResNet50-1s-Mel4-Resting,397,447|ResNet50 1s Mel4 Resting,447,ResNet50 1s Mel4 Resting,ECG,one condition,low (one day),dl,13,13,-0.5767528973640305,converted EER,68.65,0.6865000000000001,0.6865000000000001,,included; accuracy missing and EER is a valid percentage,,,no reported uncertainty,,0,No parenthesized uncertainty was reported in the selected accuracy/EER field.,0.6865000000000001,0.7838068651350508,,,0,0,0,0,1,0,0,0,dl,CNN,intruders,one condition,low (one day),4s,4 min,Hexoskin Hx1,chest/torso,hybrid,,no,Downsampled to 200 Hz; trimmed moving average filter; a third order Butterworth band-pass filter (0.5 Hz-45 Hz); a mean filter,window,yes,yes,2 intruders
447_ResNet50-1s-Mel10-Resting,398,447|ResNet50 1s Mel10 Resting,447,ResNet50 1s Mel10 Resting,ECG,one condition,low (one day),dl,13,13,-0.5767528973640305,converted EER,74.46000000000001,0.7446,0.7446,,included; accuracy missing and EER is a valid percentage,,,no reported uncertainty,,0,No parenthesized uncertainty was reported in the selected accuracy/EER field.,0.7446,1.0700162178401778,,,0,0,0,0,1,0,0,0,dl,CNN,intruders,one condition,low (one day),10s,4 min,Hexoskin Hx1,chest/torso,hybrid,,no,Downsampled to 200 Hz; trimmed moving average filter; a third order Butterworth band-pass filter (0.5 Hz-45 Hz); a mean filter,window,yes,yes,2 intruders
447_ResNet50-3s-Sc2-Resting,399,447|ResNet50 3s Sc2 Resting,447,ResNet50 3s Sc2 Resting,ECG,one condition,low (one day),dl,13,13,-0.5767528973640305,converted EER,78.44,0.7844,0.7844,,included; accuracy missing and EER is a valid percentage,,,no reported uncertainty,,0,No parenthesized uncertainty was reported in the selected accuracy/EER field.,0.7844,1.291494255287349,,,0,0,0,0,1,0,0,0,dl,CNN,intruders,one condition,low (one day),2s,4 min,Hexoskin Hx1,chest/torso,hybrid,,no,Downsampled to 200 Hz; trimmed moving average filter; a third order Butterworth band-pass filter (0.5 Hz-45 Hz); a mean filter,window,yes,yes,2 intruders
447_ResNet50-3s-Sc4-Resting,400,447|ResNet50 3s Sc4 Resting,447,ResNet50 3s Sc4 Resting,ECG,one condition,low (one day),dl,13,13,-0.5767528973640305,converted EER,99.02,0.9902,0.9902,,included; accuracy missing and EER is a valid percentage,,,no reported uncertainty,,0,No parenthesized uncertainty was reported in the selected accuracy/EER field.,0.9902,4.615524557250794,,,0,0,0,0,1,0,0,0,dl,CNN,intruders,one condition,low (one day),4s,4 min,Hexoskin Hx1,chest/torso,hybrid,,no,Downsampled to 200 Hz; trimmed moving average filter; a third order Butterworth band-pass filter (0.5 Hz-45 Hz); a mean filter,window,yes,yes,2 intruders
447_ResNet50-3s-Sc10-Resting,401,447|ResNet50 3s Sc10 Resting,447,ResNet50 3s Sc10 Resting,ECG,one condition,low (one day),dl,13,13,-0.5767528973640305,converted EER,86.88,0.8687999999999999,0.8687999999999999,,included; accuracy missing and EER is a valid percentage,,,no reported uncertainty,,0,No parenthesized uncertainty was reported in the selected accuracy/EER field.,0.8687999999999999,1.8903900726696816,,,0,0,0,0,1,0,0,0,dl,CNN,intruders,one condition,low (one day),10s,4 min,Hexoskin Hx1,chest/torso,hybrid,,no,Downsampled to 200 Hz; trimmed moving average filter; a third order Butterworth band-pass filter (0.5 Hz-45 Hz); a mean filter,window,yes,yes,2 intruders
447_ResNet50-3s-Sp2-Resting,402,447|ResNet50 3s Sp2 Resting,447,ResNet50 3s Sp2 Resting,ECG,one condition,low (one day),dl,13,13,-0.5767528973640305,converted EER,73.1,0.731,0.731,,included; accuracy missing and EER is a valid percentage,,,no reported uncertainty,,0,No parenthesized uncertainty was reported in the selected accuracy/EER field.,0.731,0.9997020801479394,,,0,0,0,0,1,0,0,0,dl,CNN,intruders,one condition,low (one day),2s,4 min,Hexoskin Hx1,chest/torso,hybrid,,no,Downsampled to 200 Hz; trimmed moving average filter; a third order Butterworth band-pass filter (0.5 Hz-45 Hz); a mean filter,window,yes,yes,2 intruders
447_ResNet50-3s-Sp4-Resting,403,447|ResNet50 3s Sp4 Resting,447,ResNet50 3s Sp4 Resting,ECG,one condition,low (one day),dl,13,13,-0.5767528973640305,converted EER,76.47,0.7646999999999999,0.7646999999999999,,included; accuracy missing and EER is a valid percentage,,,no reported uncertainty,,0,No parenthesized uncertainty was reported in the selected accuracy/EER field.,0.7646999999999999,1.1786223043168622,,,0,0,0,0,1,0,0,0,dl,CNN,intruders,one condition,low (one day),4s,4 min,Hexoskin Hx1,chest/torso,hybrid,,no,Downsampled to 200 Hz; trimmed moving average filter; a third order Butterworth band-pass filter (0.5 Hz-45 Hz); a mean filter,window,yes,yes,2 intruders
447_ResNet50-3s-Sp10-Resting,404,447|ResNet50 3s Sp10 Resting,447,ResNet50 3s Sp10 Resting,ECG,one condition,low (one day),dl,13,13,-0.5767528973640305,converted EER,89.01,0.8901,0.8901,,included; accuracy missing and EER is a valid percentage,,,no reported uncertainty,,0,No parenthesized uncertainty was reported in the selected accuracy/EER field.,0.8901,2.09176295455531,,,0,0,0,0,1,0,0,0,dl,CNN,intruders,one condition,low (one day),10s,4 min,Hexoskin Hx1,chest/torso,hybrid,,no,Downsampled to 200 Hz; trimmed moving average filter; a third order Butterworth band-pass filter (0.5 Hz-45 Hz); a mean filter,window,yes,yes,2 intruders
447_ResNet50-3s-Mel2-Resting,405,447|ResNet50 3s Mel2 Resting,447,ResNet50 3s Mel2 Resting,ECG,one condition,low (one day),dl,13,13,-0.5767528973640305,converted EER,63.53,0.6353,0.6353,,included; accuracy missing and EER is a valid percentage,,,no reported uncertainty,,0,No parenthesized uncertainty was reported in the selected accuracy/EER field.,0.6353,0.5550222304578529,,,0,0,0,0,1,0,0,0,dl,CNN,intruders,one condition,low (one day),2s,4 min,Hexoskin Hx1,chest/torso,hybrid,,no,Downsampled to 200 Hz; trimmed moving average filter; a third order Butterworth band-pass filter (0.5 Hz-45 Hz); a mean filter,window,yes,yes,2 intruders
447_ResNet50-3s-Mel4-Resting,406,447|ResNet50 3s Mel4 Resting,447,ResNet50 3s Mel4 Resting,ECG,one condition,low (one day),dl,13,13,-0.5767528973640305,converted EER,68.37,0.6837000000000001,0.6837000000000001,,included; accuracy missing and EER is a valid percentage,,,no reported uncertainty,,0,No parenthesized uncertainty was reported in the selected accuracy/EER field.,0.6837000000000001,0.7708280946081455,,,0,0,0,0,1,0,0,0,dl,CNN,intruders,one condition,low (one day),4s,4 min,Hexoskin Hx1,chest/torso,hybrid,,no,Downsampled to 200 Hz; trimmed moving average filter; a third order Butterworth band-pass filter (0.5 Hz-45 Hz); a mean filter,window,yes,yes,2 intruders
447_ResNet50-3s-Mel10-Resting,407,447|ResNet50 3s Mel10 Resting,447,ResNet50 3s Mel10 Resting,ECG,one condition,low (one day),dl,13,13,-0.5767528973640305,converted EER,76.09,0.7609,0.7609,,included; accuracy missing and EER is a valid percentage,,,no reported uncertainty,,0,No parenthesized uncertainty was reported in the selected accuracy/EER field.,0.7609,1.1576200687181981,,,0,0,0,0,1,0,0,0,dl,CNN,intruders,one condition,low (one day),10s,4 min,Hexoskin Hx1,chest/torso,hybrid,,no,Downsampled to 200 Hz; trimmed moving average filter; a third order Butterworth band-pass filter (0.5 Hz-45 Hz); a mean filter,window,yes,yes,2 intruders
447_ResNet50-5s-Sc2-Resting,408,447|ResNet50 5s Sc2 Resting,447,ResNet50 5s Sc2 Resting,ECG,one condition,low (one day),dl,13,13,-0.5767528973640305,converted EER,78.02,0.7802,0.7802,,included; accuracy missing and EER is a valid percentage,,,no reported uncertainty,,0,No parenthesized uncertainty was reported in the selected accuracy/EER field.,0.7802,1.266832255103035,,,0,0,0,0,1,0,0,0,dl,CNN,intruders,one condition,low (one day),2s,4 min,Hexoskin Hx1,chest/torso,hybrid,,no,Downsampled to 200 Hz; trimmed moving average filter; a third order Butterworth band-pass filter (0.5 Hz-45 Hz); a mean filter,window,yes,yes,2 intruders
447_ResNet50-5s-Sc4-Resting,409,447|ResNet50 5s Sc4 Resting,447,ResNet50 5s Sc4 Resting,ECG,one condition,low (one day),dl,13,13,-0.5767528973640305,converted EER,99.26,0.9926,0.9926,,included; accuracy missing and EER is a valid percentage,,,no reported uncertainty,,0,No parenthesized uncertainty was reported in the selected accuracy/EER field.,0.9926,4.898847762943221,,,0,0,0,0,1,0,0,0,dl,CNN,intruders,one condition,low (one day),4s,4 min,Hexoskin Hx1,chest/torso,hybrid,,no,Downsampled to 200 Hz; trimmed moving average filter; a third order Butterworth band-pass filter (0.5 Hz-45 Hz); a mean filter,window,yes,yes,2 intruders
447_ResNet50-5s-Sc10-Resting,410,447|ResNet50 5s Sc10 Resting,447,ResNet50 5s Sc10 Resting,ECG,one condition,low (one day),dl,13,13,-0.5767528973640305,converted EER,87.97,0.8797,0.8797,,included; accuracy missing and EER is a valid percentage,,,no reported uncertainty,,0,No parenthesized uncertainty was reported in the selected accuracy/EER field.,0.8797,1.9895923172779961,,,0,0,0,0,1,0,0,0,dl,CNN,intruders,one condition,low (one day),10s,4 min,Hexoskin Hx1,chest/torso,hybrid,,no,Downsampled to 200 Hz; trimmed moving average filter; a third order Butterworth band-pass filter (0.5 Hz-45 Hz); a mean filter,window,yes,yes,2 intruders
447_ResNet50-5s-Sp2-Resting,411,447|ResNet50 5s Sp2 Resting,447,ResNet50 5s Sp2 Resting,ECG,one condition,low (one day),dl,13,13,-0.5767528973640305,converted EER,73.53,0.7353000000000001,0.7353000000000001,,included; accuracy missing and EER is a valid percentage,,,no reported uncertainty,,0,No parenthesized uncertainty was reported in the selected accuracy/EER field.,0.7353000000000001,1.0216814699691212,,,0,0,0,0,1,0,0,0,dl,CNN,intruders,one condition,low (one day),2s,4 min,Hexoskin Hx1,chest/torso,hybrid,,no,Downsampled to 200 Hz; trimmed moving average filter; a third order Butterworth band-pass filter (0.5 Hz-45 Hz); a mean filter,window,yes,yes,2 intruders
447_ResNet50-5s-Sp4-Resting,412,447|ResNet50 5s Sp4 Resting,447,ResNet50 5s Sp4 Resting,ECG,one condition,low (one day),dl,13,13,-0.5767528973640305,converted EER,78.43,0.7843000000000001,0.7843000000000001,,included; accuracy missing and EER is a valid percentage,,,no reported uncertainty,,0,No parenthesized uncertainty was reported in the selected accuracy/EER field.,0.7843000000000001,1.2909030468235108,,,0,0,0,0,1,0,0,0,dl,CNN,intruders,one condition,low (one day),4s,4 min,Hexoskin Hx1,chest/torso,hybrid,,no,Downsampled to 200 Hz; trimmed moving average filter; a third order Butterworth band-pass filter (0.5 Hz-45 Hz); a mean filter,window,yes,yes,2 intruders
447_ResNet50-5s-Sp10-Resting,413,447|ResNet50 5s Sp10 Resting,447,ResNet50 5s Sp10 Resting,ECG,one condition,low (one day),dl,13,13,-0.5767528973640305,converted EER,91.18,0.9118,0.9118,,included; accuracy missing and EER is a valid percentage,,,no reported uncertainty,,0,No parenthesized uncertainty was reported in the selected accuracy/EER field.,0.9118,2.335813704766596,,,0,0,0,0,1,0,0,0,dl,CNN,intruders,one condition,low (one day),10s,4 min,Hexoskin Hx1,chest/torso,hybrid,,no,Downsampled to 200 Hz; trimmed moving average filter; a third order Butterworth band-pass filter (0.5 Hz-45 Hz); a mean filter,window,yes,yes,2 intruders
447_ResNet50-5s-Mel2-Resting,414,447|ResNet50 5s Mel2 Resting,447,ResNet50 5s Mel2 Resting,ECG,one condition,low (one day),dl,13,13,-0.5767528973640305,converted EER,64.56,0.6456000000000001,0.6456000000000001,,included; accuracy missing and EER is a valid percentage,,,no reported uncertainty,,0,No parenthesized uncertainty was reported in the selected accuracy/EER field.,0.6456000000000001,0.5997538982248134,,,0,0,0,0,1,0,0,0,dl,CNN,intruders,one condition,low (one day),2s,4 min,Hexoskin Hx1,chest/torso,hybrid,,no,Downsampled to 200 Hz; trimmed moving average filter; a third order Butterworth band-pass filter (0.5 Hz-45 Hz); a mean filter,window,yes,yes,2 intruders
447_ResNet50-5s-Mel4-Resting,415,447|ResNet50 5s Mel4 Resting,447,ResNet50 5s Mel4 Resting,ECG,one condition,low (one day),dl,13,13,-0.5767528973640305,converted EER,68.63,0.6862999999999999,0.6862999999999999,,included; accuracy missing and EER is a valid percentage,,,no reported uncertainty,,0,No parenthesized uncertainty was reported in the selected accuracy/EER field.,0.6862999999999999,0.7828777347179561,,,0,0,0,0,1,0,0,0,dl,CNN,intruders,one condition,low (one day),4s,4 min,Hexoskin Hx1,chest/torso,hybrid,,no,Downsampled to 200 Hz; trimmed moving average filter; a third order Butterworth band-pass filter (0.5 Hz-45 Hz); a mean filter,window,yes,yes,2 intruders
447_ResNet50-5s-Mel10-Resting,416,447|ResNet50 5s Mel10 Resting,447,ResNet50 5s Mel10 Resting,ECG,one condition,low (one day),dl,13,13,-0.5767528973640305,converted EER,76.88,0.7687999999999999,0.7687999999999999,,included; accuracy missing and EER is a valid percentage,,,no reported uncertainty,,0,No parenthesized uncertainty was reported in the selected accuracy/EER field.,0.7687999999999999,1.20154772085786,,,0,0,0,0,1,0,0,0,dl,CNN,intruders,one condition,low (one day),10s,4 min,Hexoskin Hx1,chest/torso,hybrid,,no,Downsampled to 200 Hz; trimmed moving average filter; a third order Butterworth band-pass filter (0.5 Hz-45 Hz); a mean filter,window,yes,yes,2 intruders
447_ResNet50-1s-Sc2-Walking,417,447|ResNet50 1s Sc2 Walking,447,ResNet50 1s Sc2 Walking,ECG,one condition,low (one day),dl,13,13,-0.5767528973640305,converted EER,73.92,0.7392,0.7392,,included; accuracy missing and EER is a valid percentage,,,no reported uncertainty,,0,No parenthesized uncertainty was reported in the selected accuracy/EER field.,0.7392,1.0418146902749763,,,0,0,0,0,1,0,0,0,dl,CNN,intruders,one condition,low (one day),2s,4 min,Hexoskin Hx1,chest/torso,hybrid,,no,Downsampled to 200 Hz; trimmed moving average filter; a third order Butterworth band-pass filter (0.5 Hz-45 Hz); a mean filter,window,yes,yes,2 intruders
447_ResNet50-1s-Sc4-Walking,418,447|ResNet50 1s Sc4 Walking,447,ResNet50 1s Sc4 Walking,ECG,one condition,low (one day),dl,13,13,-0.5767528973640305,converted EER,95.71,0.9571,0.9571,,included; accuracy missing and EER is a valid percentage,,,no reported uncertainty,,0,No parenthesized uncertainty was reported in the selected accuracy/EER field.,0.9571,3.1050360532678885,,,0,0,0,0,1,0,0,0,dl,CNN,intruders,one condition,low (one day),4s,4 min,Hexoskin Hx1,chest/torso,hybrid,,no,Downsampled to 200 Hz; trimmed moving average filter; a third order Butterworth band-pass filter (0.5 Hz-45 Hz); a mean filter,window,yes,yes,2 intruders
447_ResNet50-1s-Sc10-Walking,419,447|ResNet50 1s Sc10 Walking,447,ResNet50 1s Sc10 Walking,ECG,one condition,low (one day),dl,13,13,-0.5767528973640305,converted EER,83.62,0.8362,0.8362,,included; accuracy missing and EER is a valid percentage,,,no reported uncertainty,,0,No parenthesized uncertainty was reported in the selected accuracy/EER field.,0.8362,1.630221647503496,,,0,0,0,0,1,0,0,0,dl,CNN,intruders,one condition,low (one day),10s,4 min,Hexoskin Hx1,chest/torso,hybrid,,no,Downsampled to 200 Hz; trimmed moving average filter; a third order Butterworth band-pass filter (0.5 Hz-45 Hz); a mean filter,window,yes,yes,2 intruders
447_ResNet50-1s-Sp2-Walking,420,447|ResNet50 1s Sp2 Walking,447,ResNet50 1s Sp2 Walking,ECG,one condition,low (one day),dl,13,13,-0.5767528973640305,converted EER,66.49000000000001,0.6649,0.6649,,included; accuracy missing and EER is a valid percentage,,,no reported uncertainty,,0,No parenthesized uncertainty was reported in the selected accuracy/EER field.,0.6649,0.6852076586651448,,,0,0,0,0,1,0,0,0,dl,CNN,intruders,one condition,low (one day),2s,4 min,Hexoskin Hx1,chest/torso,hybrid,,no,Downsampled to 200 Hz; trimmed moving average filter; a third order Butterworth band-pass filter (0.5 Hz-45 Hz); a mean filter,window,yes,yes,2 intruders
447_ResNet50-1s-Sp4-Walking,421,447|ResNet50 1s Sp4 Walking,447,ResNet50 1s Sp4 Walking,ECG,one condition,low (one day),dl,13,13,-0.5767528973640305,converted EER,82.6,0.826,0.826,,included; accuracy missing and EER is a valid percentage,,,no reported uncertainty,,0,No parenthesized uncertainty was reported in the selected accuracy/EER field.,0.826,1.5575394743064488,,,0,0,0,0,1,0,0,0,dl,CNN,intruders,one condition,low (one day),4s,4 min,Hexoskin Hx1,chest/torso,hybrid,,no,Downsampled to 200 Hz; trimmed moving average filter; a third order Butterworth band-pass filter (0.5 Hz-45 Hz); a mean filter,window,yes,yes,2 intruders
447_ResNet50-1s-Sp10-Walking,422,447|ResNet50 1s Sp10 Walking,447,ResNet50 1s Sp10 Walking,ECG,one condition,low (one day),dl,13,13,-0.5767528973640305,converted EER,83.57,0.8356999999999999,0.8356999999999999,,included; accuracy missing and EER is a valid percentage,,,no reported uncertainty,,0,No parenthesized uncertainty was reported in the selected accuracy/EER field.,0.8356999999999999,1.6265756719641673,,,0,0,0,0,1,0,0,0,dl,CNN,intruders,one condition,low (one day),10s,4 min,Hexoskin Hx1,chest/torso,hybrid,,no,Downsampled to 200 Hz; trimmed moving average filter; a third order Butterworth band-pass filter (0.5 Hz-45 Hz); a mean filter,window,yes,yes,2 intruders
447_ResNet50-1s-Mel2-Walking,423,447|ResNet50 1s Mel2 Walking,447,ResNet50 1s Mel2 Walking,ECG,one condition,low (one day),dl,13,13,-0.5767528973640305,converted EER,62.35,0.6235,0.6235,,included; accuracy missing and EER is a valid percentage,,,no reported uncertainty,,0,No parenthesized uncertainty was reported in the selected accuracy/EER field.,0.6235,0.504430717880143,,,0,0,0,0,1,0,0,0,dl,CNN,intruders,one condition,low (one day),2s,4 min,Hexoskin Hx1,chest/torso,hybrid,,no,Downsampled to 200 Hz; trimmed moving average filter; a third order Butterworth band-pass filter (0.5 Hz-45 Hz); a mean filter,window,yes,yes,2 intruders
447_ResNet50-1s-Mel4-Walking,424,447|ResNet50 1s Mel4 Walking,447,ResNet50 1s Mel4 Walking,ECG,one condition,low (one day),dl,13,13,-0.5767528973640305,converted EER,60.08,0.6008,0.6008,,included; accuracy missing and EER is a valid percentage,,,no reported uncertainty,,0,No parenthesized uncertainty was reported in the selected accuracy/EER field.,0.6008,0.40879955601261614,,,0,0,0,0,1,0,0,0,dl,CNN,intruders,one condition,low (one day),4s,4 min,Hexoskin Hx1,chest/torso,hybrid,,no,Downsampled to 200 Hz; trimmed moving average filter; a third order Butterworth band-pass filter (0.5 Hz-45 Hz); a mean filter,window,yes,yes,2 intruders
447_ResNet50-1s-Mel10-Walking,425,447|ResNet50 1s Mel10 Walking,447,ResNet50 1s Mel10 Walking,ECG,one condition,low (one day),dl,13,13,-0.5767528973640305,converted EER,76.28999999999999,0.7628999999999999,0.7628999999999999,,included; accuracy missing and EER is a valid percentage,,,no reported uncertainty,,0,No parenthesized uncertainty was reported in the selected accuracy/EER field.,0.7628999999999999,1.1686449680248234,,,0,0,0,0,1,0,0,0,dl,CNN,intruders,one condition,low (one day),10s,4 min,Hexoskin Hx1,chest/torso,hybrid,,no,Downsampled to 200 Hz; trimmed moving average filter; a third order Butterworth band-pass filter (0.5 Hz-45 Hz); a mean filter,window,yes,yes,2 intruders
447_ResNet50-3s-Sc2-Walking,426,447|ResNet50 3s Sc2 Walking,447,ResNet50 3s Sc2 Walking,ECG,one condition,low (one day),dl,13,13,-0.5767528973640305,converted EER,73.45,0.7345,0.7345,,included; accuracy missing and EER is a valid percentage,,,no reported uncertainty,,0,No parenthesized uncertainty was reported in the selected accuracy/EER field.,0.7345,1.0175751549319387,,,0,0,0,0,1,0,0,0,dl,CNN,intruders,one condition,low (one day),2s,4 min,Hexoskin Hx1,chest/torso,hybrid,,no,Downsampled to 200 Hz; trimmed moving average filter; a third order Butterworth band-pass filter (0.5 Hz-45 Hz); a mean filter,window,yes,yes,2 intruders
447_ResNet50-3s-Sc4-Walking,427,447|ResNet50 3s Sc4 Walking,447,ResNet50 3s Sc4 Walking,ECG,one condition,low (one day),dl,13,13,-0.5767528973640305,converted EER,95.96,0.9595999999999999,0.9595999999999999,,included; accuracy missing and EER is a valid percentage,,,no reported uncertainty,,0,No parenthesized uncertainty was reported in the selected accuracy/EER field.,0.9595999999999999,3.1676867459984326,,,0,0,0,0,1,0,0,0,dl,CNN,intruders,one condition,low (one day),4s,4 min,Hexoskin Hx1,chest/torso,hybrid,,no,Downsampled to 200 Hz; trimmed moving average filter; a third order Butterworth band-pass filter (0.5 Hz-45 Hz); a mean filter,window,yes,yes,2 intruders
447_ResNet50-3s-Sc10-Walking,428,447|ResNet50 3s Sc10 Walking,447,ResNet50 3s Sc10 Walking,ECG,one condition,low (one day),dl,13,13,-0.5767528973640305,converted EER,90.14,0.9014,0.9014,,included; accuracy missing and EER is a valid percentage,,,no reported uncertainty,,0,No parenthesized uncertainty was reported in the selected accuracy/EER field.,0.9014,2.212877848647958,,,0,0,0,0,1,0,0,0,dl,CNN,intruders,one condition,low (one day),10s,4 min,Hexoskin Hx1,chest/torso,hybrid,,no,Downsampled to 200 Hz; trimmed moving average filter; a third order Butterworth band-pass filter (0.5 Hz-45 Hz); a mean filter,window,yes,yes,2 intruders
447_ResNet50-3s-Sp2-Walking,429,447|ResNet50 3s Sp2 Walking,447,ResNet50 3s Sp2 Walking,ECG,one condition,low (one day),dl,13,13,-0.5767528973640305,converted EER,68.65,0.6865000000000001,0.6865000000000001,,included; accuracy missing and EER is a valid percentage,,,no reported uncertainty,,0,No parenthesized uncertainty was reported in the selected accuracy/EER field.,0.6865000000000001,0.7838068651350508,,,0,0,0,0,1,0,0,0,dl,CNN,intruders,one condition,low (one day),2s,4 min,Hexoskin Hx1,chest/torso,hybrid,,no,Downsampled to 200 Hz; trimmed moving average filter; a third order Butterworth band-pass filter (0.5 Hz-45 Hz); a mean filter,window,yes,yes,2 intruders
447_ResNet50-3s-Sp4-Walking,430,447|ResNet50 3s Sp4 Walking,447,ResNet50 3s Sp4 Walking,ECG,one condition,low (one day),dl,13,13,-0.5767528973640305,converted EER,83.58,0.8358,0.8358,,included; accuracy missing and EER is a valid percentage,,,no reported uncertainty,,0,No parenthesized uncertainty was reported in the selected accuracy/EER field.,0.8358,1.627304152995487,,,0,0,0,0,1,0,0,0,dl,CNN,intruders,one condition,low (one day),4s,4 min,Hexoskin Hx1,chest/torso,hybrid,,no,Downsampled to 200 Hz; trimmed moving average filter; a third order Butterworth band-pass filter (0.5 Hz-45 Hz); a mean filter,window,yes,yes,2 intruders
447_ResNet50-3s-Sp10-Walking,431,447|ResNet50 3s Sp10 Walking,447,ResNet50 3s Sp10 Walking,ECG,one condition,low (one day),dl,13,13,-0.5767528973640305,converted EER,87.38,0.8737999999999999,0.8737999999999999,,included; accuracy missing and EER is a valid percentage,,,no reported uncertainty,,0,No parenthesized uncertainty was reported in the selected accuracy/EER field.,0.8737999999999999,1.934983566410222,,,0,0,0,0,1,0,0,0,dl,CNN,intruders,one condition,low (one day),10s,4 min,Hexoskin Hx1,chest/torso,hybrid,,no,Downsampled to 200 Hz; trimmed moving average filter; a third order Butterworth band-pass filter (0.5 Hz-45 Hz); a mean filter,window,yes,yes,2 intruders
447_ResNet50-3s-Mel2-Walking,432,447|ResNet50 3s Mel2 Walking,447,ResNet50 3s Mel2 Walking,ECG,one condition,low (one day),dl,13,13,-0.5767528973640305,converted EER,63.38,0.6338,0.6338,,included; accuracy missing and EER is a valid percentage,,,no reported uncertainty,,0,No parenthesized uncertainty was reported in the selected accuracy/EER field.,0.6338,0.5485538150164101,,,0,0,0,0,1,0,0,0,dl,CNN,intruders,one condition,low (one day),2s,4 min,Hexoskin Hx1,chest/torso,hybrid,,no,Downsampled to 200 Hz; trimmed moving average filter; a third order Butterworth band-pass filter (0.5 Hz-45 Hz); a mean filter,window,yes,yes,2 intruders
447_ResNet50-3s-Mel4-Walking,433,447|ResNet50 3s Mel4 Walking,447,ResNet50 3s Mel4 Walking,ECG,one condition,low (one day),dl,13,13,-0.5767528973640305,converted EER,68.33,0.6833,0.6833,,included; accuracy missing and EER is a valid percentage,,,no reported uncertainty,,0,No parenthesized uncertainty was reported in the selected accuracy/EER field.,0.6833,0.7689790482421386,,,0,0,0,0,1,0,0,0,dl,CNN,intruders,one condition,low (one day),4s,4 min,Hexoskin Hx1,chest/torso,hybrid,,no,Downsampled to 200 Hz; trimmed moving average filter; a third order Butterworth band-pass filter (0.5 Hz-45 Hz); a mean filter,window,yes,yes,2 intruders
447_ResNet50-3s-Mel10-Walking,434,447|ResNet50 3s Mel10 Walking,447,ResNet50 3s Mel10 Walking,ECG,one condition,low (one day),dl,13,13,-0.5767528973640305,converted EER,78.53,0.7853,0.7853,,included; accuracy missing and EER is a valid percentage,,,no reported uncertainty,,0,No parenthesized uncertainty was reported in the selected accuracy/EER field.,0.7853,1.2968241054960936,,,0,0,0,0,1,0,0,0,dl,CNN,intruders,one condition,low (one day),10s,4 min,Hexoskin Hx1,chest/torso,hybrid,,no,Downsampled to 200 Hz; trimmed moving average filter; a third order Butterworth band-pass filter (0.5 Hz-45 Hz); a mean filter,window,yes,yes,2 intruders
447_ResNet50-5s-Sc2-Walking,435,447|ResNet50 5s Sc2 Walking,447,ResNet50 5s Sc2 Walking,ECG,one condition,low (one day),dl,13,13,-0.5767528973640305,converted EER,75.8,0.758,0.758,,included; accuracy missing and EER is a valid percentage,,,no reported uncertainty,,0,No parenthesized uncertainty was reported in the selected accuracy/EER field.,0.758,1.1417456594856852,,,0,0,0,0,1,0,0,0,dl,CNN,intruders,one condition,low (one day),2s,4 min,Hexoskin Hx1,chest/torso,hybrid,,no,Downsampled to 200 Hz; trimmed moving average filter; a third order Butterworth band-pass filter (0.5 Hz-45 Hz); a mean filter,window,yes,yes,2 intruders
447_ResNet50-5s-Sc4-Walking,436,447|ResNet50 5s Sc4 Walking,447,ResNet50 5s Sc4 Walking,ECG,one condition,low (one day),dl,13,13,-0.5767528973640305,converted EER,96.2,0.9620000000000001,0.9620000000000001,,included; accuracy missing and EER is a valid percentage,,,no reported uncertainty,,0,No parenthesized uncertainty was reported in the selected accuracy/EER field.,0.9620000000000001,3.231428290939323,,,0,0,0,0,1,0,0,0,dl,CNN,intruders,one condition,low (one day),4s,4 min,Hexoskin Hx1,chest/torso,hybrid,,no,Downsampled to 200 Hz; trimmed moving average filter; a third order Butterworth band-pass filter (0.5 Hz-45 Hz); a mean filter,window,yes,yes,2 intruders
447_ResNet50-5s-Sc10-Walking,437,447|ResNet50 5s Sc10 Walking,447,ResNet50 5s Sc10 Walking,ECG,one condition,low (one day),dl,13,13,-0.5767528973640305,converted EER,84.03,0.8403,0.8403,,included; accuracy missing and EER is a valid percentage,,,no reported uncertainty,,0,No parenthesized uncertainty was reported in the selected accuracy/EER field.,0.8403,1.6604619157132061,,,0,0,0,0,1,0,0,0,dl,CNN,intruders,one condition,low (one day),10s,4 min,Hexoskin Hx1,chest/torso,hybrid,,no,Downsampled to 200 Hz; trimmed moving average filter; a third order Butterworth band-pass filter (0.5 Hz-45 Hz); a mean filter,window,yes,yes,2 intruders
447_ResNet50-5s-Sp2-Walking,438,447|ResNet50 5s Sp2 Walking,447,ResNet50 5s Sp2 Walking,ECG,one condition,low (one day),dl,13,13,-0.5767528973640305,converted EER,69.03999999999999,0.6903999999999999,0.6903999999999999,,included; accuracy missing and EER is a valid percentage,,,no reported uncertainty,,0,No parenthesized uncertainty was reported in the selected accuracy/EER field.,0.6903999999999999,0.8019899980536456,,,0,0,0,0,1,0,0,0,dl,CNN,intruders,one condition,low (one day),2s,4 min,Hexoskin Hx1,chest/torso,hybrid,,no,Downsampled to 200 Hz; trimmed moving average filter; a third order Butterworth band-pass filter (0.5 Hz-45 Hz); a mean filter,window,yes,yes,2 intruders
447_ResNet50-5s-Sp4-Walking,439,447|ResNet50 5s Sp4 Walking,447,ResNet50 5s Sp4 Walking,ECG,one condition,low (one day),dl,13,13,-0.5767528973640305,converted EER,83.76,0.8376,0.8376,,included; accuracy missing and EER is a valid percentage,,,no reported uncertainty,,0,No parenthesized uncertainty was reported in the selected accuracy/EER field.,0.8376,1.6404782318287496,,,0,0,0,0,1,0,0,0,dl,CNN,intruders,one condition,low (one day),4s,4 min,Hexoskin Hx1,chest/torso,hybrid,,no,Downsampled to 200 Hz; trimmed moving average filter; a third order Butterworth band-pass filter (0.5 Hz-45 Hz); a mean filter,window,yes,yes,2 intruders
447_ResNet50-5s-Sp10-Walking,440,447|ResNet50 5s Sp10 Walking,447,ResNet50 5s Sp10 Walking,ECG,one condition,low (one day),dl,13,13,-0.5767528973640305,converted EER,89.01,0.8901,0.8901,,included; accuracy missing and EER is a valid percentage,,,no reported uncertainty,,0,No parenthesized uncertainty was reported in the selected accuracy/EER field.,0.8901,2.09176295455531,,,0,0,0,0,1,0,0,0,dl,CNN,intruders,one condition,low (one day),10s,4 min,Hexoskin Hx1,chest/torso,hybrid,,no,Downsampled to 200 Hz; trimmed moving average filter; a third order Butterworth band-pass filter (0.5 Hz-45 Hz); a mean filter,window,yes,yes,2 intruders
447_ResNet50-5s-Mel2-Walking,441,447|ResNet50 5s Mel2 Walking,447,ResNet50 5s Mel2 Walking,ECG,one condition,low (one day),dl,13,13,-0.5767528973640305,converted EER,63.53,0.6353,0.6353,,included; accuracy missing and EER is a valid percentage,,,no reported uncertainty,,0,No parenthesized uncertainty was reported in the selected accuracy/EER field.,0.6353,0.5550222304578529,,,0,0,0,0,1,0,0,0,dl,CNN,intruders,one condition,low (one day),2s,4 min,Hexoskin Hx1,chest/torso,hybrid,,no,Downsampled to 200 Hz; trimmed moving average filter; a third order Butterworth band-pass filter (0.5 Hz-45 Hz); a mean filter,window,yes,yes,2 intruders
447_ResNet50-5s-Mel4-Walking,442,447|ResNet50 5s Mel4 Walking,447,ResNet50 5s Mel4 Walking,ECG,one condition,low (one day),dl,13,13,-0.5767528973640305,converted EER,67.49000000000001,0.67490000000000006,0.67490000000000006,,included; accuracy missing and EER is a valid percentage,,,no reported uncertainty,,0,No parenthesized uncertainty was reported in the selected accuracy/EER field.,0.67490000000000006,0.7304317044395013,,,0,0,0,0,1,0,0,0,dl,CNN,intruders,one condition,low (one day),4s,4 min,Hexoskin Hx1,chest/torso,hybrid,,no,Downsampled to 200 Hz; trimmed moving average filter; a third order Butterworth band-pass filter (0.5 Hz-45 Hz); a mean filter,window,yes,yes,2 intruders
447_ResNet50-5s-Mel10-Walking,443,447|ResNet50 5s Mel10 Walking,447,ResNet50 5s Mel10 Walking,ECG,one condition,low (one day),dl,13,13,-0.5767528973640305,converted EER,78.26,0.7826000000000001,0.7826000000000001,,included; accuracy missing and EER is a valid percentage,,,no reported uncertainty,,0,No parenthesized uncertainty was reported in the selected accuracy/EER field.,0.7826000000000001,1.2808827350892034,,,0,0,0,0,1,0,0,0,dl,CNN,intruders,one condition,low (one day),10s,4 min,Hexoskin Hx1,chest/torso,hybrid,,no,Downsampled to 200 Hz; trimmed moving average filter; a third order Butterworth band-pass filter (0.5 Hz-45 Hz); a mean filter,window,yes,yes,2 intruders
447_ResNet50-1s-Sc2-Standing,444,447|ResNet50 1s Sc2 Standing,447,ResNet50 1s Sc2 Standing,ECG,one condition,low (one day),dl,13,13,-0.5767528973640305,converted EER,73.45,0.7345,0.7345,,included; accuracy missing and EER is a valid percentage,,,no reported uncertainty,,0,No parenthesized uncertainty was reported in the selected accuracy/EER field.,0.7345,1.0175751549319387,,,0,0,0,0,1,0,0,0,dl,CNN,intruders,one condition,low (one day),2s,4 min,Hexoskin Hx1,chest/torso,hybrid,,no,Downsampled to 200 Hz; trimmed moving average filter; a third order Butterworth band-pass filter (0.5 Hz-45 Hz); a mean filter,window,yes,yes,2 intruders
447_ResNet50-1s-Sc4-Standing,445,447|ResNet50 1s Sc4 Standing,447,ResNet50 1s Sc4 Standing,ECG,one condition,low (one day),dl,13,13,-0.5767528973640305,converted EER,99.39,0.9939,0.9939,,included; accuracy missing and EER is a valid percentage,,,no reported uncertainty,,0,No parenthesized uncertainty was reported in the selected accuracy/EER field.,0.9939,5.0933478267946954,,,0,0,0,0,1,0,0,0,dl,CNN,intruders,one condition,low (one day),4s,4 min,Hexoskin Hx1,chest/torso,hybrid,,no,Downsampled to 200 Hz; trimmed moving average filter; a third order Butterworth band-pass filter (0.5 Hz-45 Hz); a mean filter,window,yes,yes,2 intruders
447_ResNet50-1s-Sc10-Standing,446,447|ResNet50 1s Sc10 Standing,447,ResNet50 1s Sc10 Standing,ECG,one condition,low (one day),dl,13,13,-0.5767528973640305,converted EER,85.87,0.8587,0.8587,,included; accuracy missing and EER is a valid percentage,,,no reported uncertainty,,0,No parenthesized uncertainty was reported in the selected accuracy/EER field.,0.8587,1.8045343279879573,,,0,0,0,0,1,0,0,0,dl,CNN,intruders,one condition,low (one day),10s,4 min,Hexoskin Hx1,chest/torso,hybrid,,no,Downsampled to 200 Hz; trimmed moving average filter; a third order Butterworth band-pass filter (0.5 Hz-45 Hz); a mean filter,window,yes,yes,2 intruders
447_ResNet50-1s-Sp2-Standing,447,447|ResNet50 1s Sp2 Standing,447,ResNet50 1s Sp2 Standing,ECG,one condition,low (one day),dl,13,13,-0.5767528973640305,converted EER,66.91,0.6690999999999999,0.6690999999999999,,included; accuracy missing and EER is a valid percentage,,,no reported uncertainty,,0,No parenthesized uncertainty was reported in the selected accuracy/EER field.,0.6690999999999999,0.7041173108612044,,,0,0,0,0,1,0,0,0,dl,CNN,intruders,one condition,low (one day),2s,4 min,Hexoskin Hx1,chest/torso,hybrid,,no,Downsampled to 200 Hz; trimmed moving average filter; a third order Butterworth band-pass filter (0.5 Hz-45 Hz); a mean filter,window,yes,yes,2 intruders
447_ResNet50-1s-Sp4-Standing,448,447|ResNet50 1s Sp4 Standing,447,ResNet50 1s Sp4 Standing,ECG,one condition,low (one day),dl,13,13,-0.5767528973640305,converted EER,77.21000000000001,0.7721000000000001,0.7721000000000001,,included; accuracy missing and EER is a valid percentage,,,no reported uncertainty,,0,No parenthesized uncertainty was reported in the selected accuracy/EER field.,0.7721000000000001,1.2202071390631322,,,0,0,0,0,1,0,0,0,dl,CNN,intruders,one condition,low (one day),4s,4 min,Hexoskin Hx1,chest/torso,hybrid,,no,Downsampled to 200 Hz; trimmed moving average filter; a third order Butterworth band-pass filter (0.5 Hz-45 Hz); a mean filter,window,yes,yes,2 intruders
447_ResNet50-1s-Sp10-Standing,449,447|ResNet50 1s Sp10 Standing,447,ResNet50 1s Sp10 Standing,ECG,one condition,low (one day),dl,13,13,-0.5767528973640305,converted EER,88.25,0.8825,0.8825,,included; accuracy missing and EER is a valid percentage,,,no reported uncertainty,,0,No parenthesized uncertainty was reported in the selected accuracy/EER field.,0.8825,2.0163204552232377,,,0,0,0,0,1,0,0,0,dl,CNN,intruders,one condition,low (one day),10s,4 min,Hexoskin Hx1,chest/torso,hybrid,,no,Downsampled to 200 Hz; trimmed moving average filter; a third order Butterworth band-pass filter (0.5 Hz-45 Hz); a mean filter,window,yes,yes,2 intruders
447_ResNet50-1s-Mel2-Standing,450,447|ResNet50 1s Mel2 Standing,447,ResNet50 1s Mel2 Standing,ECG,one condition,low (one day),dl,13,13,-0.5767528973640305,converted EER,62.65,0.6265,0.6265,,included; accuracy missing and EER is a valid percentage,,,no reported uncertainty,,0,No parenthesized uncertainty was reported in the selected accuracy/EER field.,0.6265,0.5172307697632508,,,0,0,0,0,1,0,0,0,dl,CNN,intruders,one condition,low (one day),2s,4 min,Hexoskin Hx1,chest/torso,hybrid,,no,Downsampled to 200 Hz; trimmed moving average filter; a third order Butterworth band-pass filter (0.5 Hz-45 Hz); a mean filter,window,yes,yes,2 intruders
447_ResNet50-1s-Mel4-Standing,451,447|ResNet50 1s Mel4 Standing,447,ResNet50 1s Mel4 Standing,ECG,one condition,low (one day),dl,13,13,-0.5767528973640305,converted EER,65.12,0.6512,0.6512,,included; accuracy missing and EER is a valid percentage,,,no reported uncertainty,,0,No parenthesized uncertainty was reported in the selected accuracy/EER field.,0.6512,0.624318122653506,,,0,0,0,0,1,0,0,0,dl,CNN,intruders,one condition,low (one day),4s,4 min,Hexoskin Hx1,chest/torso,hybrid,,no,Downsampled to 200 Hz; trimmed moving average filter; a third order Butterworth band-pass filter (0.5 Hz-45 Hz); a mean filter,window,yes,yes,2 intruders
447_ResNet50-1s-Mel10-Standing,452,447|ResNet50 1s Mel10 Standing,447,ResNet50 1s Mel10 Standing,ECG,one condition,low (one day),dl,13,13,-0.5767528973640305,converted EER,76.63,0.7663,0.7663,,included; accuracy missing and EER is a valid percentage,,,no reported uncertainty,,0,No parenthesized uncertainty was reported in the selected accuracy/EER field.,0.7663,1.187535496431546,,,0,0,0,0,1,0,0,0,dl,CNN,intruders,one condition,low (one day),10s,4 min,Hexoskin Hx1,chest/torso,hybrid,,no,Downsampled to 200 Hz; trimmed moving average filter; a third order Butterworth band-pass filter (0.5 Hz-45 Hz); a mean filter,window,yes,yes,2 intruders
447_ResNet50-3s-Sc2-Standing,453,447|ResNet50 3s Sc2 Standing,447,ResNet50 3s Sc2 Standing,ECG,one condition,low (one day),dl,13,13,-0.5767528973640305,converted EER,75.21000000000001,0.7521000000000001,0.7521000000000001,,included; accuracy missing and EER is a valid percentage,,,no reported uncertainty,,0,No parenthesized uncertainty was reported in the selected accuracy/EER field.,0.7521000000000001,1.109843854791213,,,0,0,0,0,1,0,0,0,dl,CNN,intruders,one condition,low (one day),2s,4 min,Hexoskin Hx1,chest/torso,hybrid,,no,Downsampled to 200 Hz; trimmed moving average filter; a third order Butterworth band-pass filter (0.5 Hz-45 Hz); a mean filter,window,yes,yes,2 intruders
447_ResNet50-3s-Sc4-Standing,454,447|ResNet50 3s Sc4 Standing,447,ResNet50 3s Sc4 Standing,ECG,one condition,low (one day),dl,13,13,-0.5767528973640305,converted EER,99.39,0.9939,0.9939,,included; accuracy missing and EER is a valid percentage,,,no reported uncertainty,,0,No parenthesized uncertainty was reported in the selected accuracy/EER field.,0.9939,5.0933478267946954,,,0,0,0,0,1,0,0,0,dl,CNN,intruders,one condition,low (one day),4s,4 min,Hexoskin Hx1,chest/torso,hybrid,,no,Downsampled to 200 Hz; trimmed moving average filter; a third order Butterworth band-pass filter (0.5 Hz-45 Hz); a mean filter,window,yes,yes,2 intruders
447_ResNet50-3s-Sc10-Standing,455,447|ResNet50 3s Sc10 Standing,447,ResNet50 3s Sc10 Standing,ECG,one condition,low (one day),dl,13,13,-0.5767528973640305,converted EER,87.5,0.875,0.875,,included; accuracy missing and EER is a valid percentage,,,no reported uncertainty,,0,No parenthesized uncertainty was reported in the selected accuracy/EER field.,0.875,1.9459101490553132,,,0,0,0,0,1,0,0,0,dl,CNN,intruders,one condition,low (one day),10s,4 min,Hexoskin Hx1,chest/torso,hybrid,,no,Downsampled to 200 Hz; trimmed moving average filter; a third order Butterworth band-pass filter (0.5 Hz-45 Hz); a mean filter,window,yes,yes,2 intruders
447_ResNet50-3s-Sp2-Standing,456,447|ResNet50 3s Sp2 Standing,447,ResNet50 3s Sp2 Standing,ECG,one condition,low (one day),dl,13,13,-0.5767528973640305,converted EER,68.68,0.6868000000000001,0.6868000000000001,,included; accuracy missing and EER is a valid percentage,,,no reported uncertainty,,0,No parenthesized uncertainty was reported in the selected accuracy/EER field.,0.6868000000000001,0.7852011649066728,,,0,0,0,0,1,0,0,0,dl,CNN,intruders,one condition,low (one day),2s,4 min,Hexoskin Hx1,chest/torso,hybrid,,no,Downsampled to 200 Hz; trimmed moving average filter; a third order Butterworth band-pass filter (0.5 Hz-45 Hz); a mean filter,window,yes,yes,2 intruders
447_ResNet50-3s-Sp4-Standing,457,447|ResNet50 3s Sp4 Standing,447,ResNet50 3s Sp4 Standing,ECG,one condition,low (one day),dl,13,13,-0.5767528973640305,converted EER,78.35,0.7835,0.7835,,included; accuracy missing and EER is a valid percentage,,,no reported uncertainty,,0,No parenthesized uncertainty was reported in the selected accuracy/EER field.,0.7835,1.2861805143535308,,,0,0,0,0,1,0,0,0,dl,CNN,intruders,one condition,low (one day),4s,4 min,Hexoskin Hx1,chest/torso,hybrid,,no,Downsampled to 200 Hz; trimmed moving average filter; a third order Butterworth band-pass filter (0.5 Hz-45 Hz); a mean filter,window,yes,yes,2 intruders
447_ResNet50-3s-Sp10-Standing,458,447|ResNet50 3s Sp10 Standing,447,ResNet50 3s Sp10 Standing,ECG,one condition,low (one day),dl,13,13,-0.5767528973640305,converted EER,90.71000000000001,0.9071000000000001,0.9071000000000001,,included; accuracy missing and EER is a valid percentage,,,no reported uncertainty,,0,No parenthesized uncertainty was reported in the selected accuracy/EER field.,0.9071000000000001,2.278729051801107,,,0,0,0,0,1,0,0,0,dl,CNN,intruders,one condition,low (one day),10s,4 min,Hexoskin Hx1,chest/torso,hybrid,,no,Downsampled to 200 Hz; trimmed moving average filter; a third order Butterworth band-pass filter (0.5 Hz-45 Hz); a mean filter,window,yes,yes,2 intruders
447_ResNet50-3s-Mel2-Standing,459,447|ResNet50 3s Mel2 Standing,447,ResNet50 3s Mel2 Standing,ECG,one condition,low (one day),dl,13,13,-0.5767528973640305,converted EER,63.68,0.6368,0.6368,,included; accuracy missing and EER is a valid percentage,,,no reported uncertainty,,0,No parenthesized uncertainty was reported in the selected accuracy/EER field.,0.6368,0.5615019878030352,,,0,0,0,0,1,0,0,0,dl,CNN,intruders,one condition,low (one day),2s,4 min,Hexoskin Hx1,chest/torso,hybrid,,no,Downsampled to 200 Hz; trimmed moving average filter; a third order Butterworth band-pass filter (0.5 Hz-45 Hz); a mean filter,window,yes,yes,2 intruders
447_ResNet50-3s-Mel4-Standing,460,447|ResNet50 3s Mel4 Standing,447,ResNet50 3s Mel4 Standing,ECG,one condition,low (one day),dl,13,13,-0.5767528973640305,converted EER,66.43,0.6643000000000001,0.6643000000000001,,included; accuracy missing and EER is a valid percentage,,,no reported uncertainty,,0,No parenthesized uncertainty was reported in the selected accuracy/EER field.,0.6643000000000001,0.6825159506852068,,,0,0,0,0,1,0,0,0,dl,CNN,intruders,one condition,low (one day),4s,4 min,Hexoskin Hx1,chest/torso,hybrid,,no,Downsampled to 200 Hz; trimmed moving average filter; a third order Butterworth band-pass filter (0.5 Hz-45 Hz); a mean filter,window,yes,yes,2 intruders
447_ResNet50-3s-Mel10-Standing,461,447|ResNet50 3s Mel10 Standing,447,ResNet50 3s Mel10 Standing,ECG,one condition,low (one day),dl,13,13,-0.5767528973640305,converted EER,78.8,0.7879999999999999,0.7879999999999999,,included; accuracy missing and EER is a valid percentage,,,no reported uncertainty,,0,No parenthesized uncertainty was reported in the selected accuracy/EER field.,0.7879999999999999,1.312911815185866,,,0,0,0,0,1,0,0,0,dl,CNN,intruders,one condition,low (one day),10s,4 min,Hexoskin Hx1,chest/torso,hybrid,,no,Downsampled to 200 Hz; trimmed moving average filter; a third order Butterworth band-pass filter (0.5 Hz-45 Hz); a mean filter,window,yes,yes,2 intruders
447_ResNet50-5s-Sc2-Standing,462,447|ResNet50 5s Sc2 Standing,447,ResNet50 5s Sc2 Standing,ECG,one condition,low (one day),dl,13,13,-0.5767528973640305,converted EER,77.14,0.7714,0.7714,,included; accuracy missing and EER is a valid percentage,,,no reported uncertainty,,0,No parenthesized uncertainty was reported in the selected accuracy/EER field.,0.7714,1.216233294413417,,,0,0,0,0,1,0,0,0,dl,CNN,intruders,one condition,low (one day),2s,4 min,Hexoskin Hx1,chest/torso,hybrid,,no,Downsampled to 200 Hz; trimmed moving average filter; a third order Butterworth band-pass filter (0.5 Hz-45 Hz); a mean filter,window,yes,yes,2 intruders
447_ResNet50-5s-Sc4-Standing,463,447|ResNet50 5s Sc4 Standing,447,ResNet50 5s Sc4 Standing,ECG,one condition,low (one day),dl,13,13,-0.5767528973640305,converted EER,99.51,0.9951000000000001,0.9951000000000001,,included; accuracy missing and EER is a valid percentage,,,no reported uncertainty,,0,No parenthesized uncertainty was reported in the selected accuracy/EER field.,0.9951000000000001,5.313608029504556,,,0,0,0,0,1,0,0,0,dl,CNN,intruders,one condition,low (one day),4s,4 min,Hexoskin Hx1,chest/torso,hybrid,,no,Downsampled to 200 Hz; trimmed moving average filter; a third order Butterworth band-pass filter (0.5 Hz-45 Hz); a mean filter,window,yes,yes,2 intruders
447_ResNet50-5s-Sc10-Standing,464,447|ResNet50 5s Sc10 Standing,447,ResNet50 5s Sc10 Standing,ECG,one condition,low (one day),dl,13,13,-0.5767528973640305,converted EER,90.76,0.9076000000000001,0.9076000000000001,,included; accuracy missing and EER is a valid percentage,,,no reported uncertainty,,0,No parenthesized uncertainty was reported in the selected accuracy/EER field.,0.9076000000000001,2.284676774258049,,,0,0,0,0,1,0,0,0,dl,CNN,intruders,one condition,low (one day),10s,4 min,Hexoskin Hx1,chest/torso,hybrid,,no,Downsampled to 200 Hz; trimmed moving average filter; a third order Butterworth band-pass filter (0.5 Hz-45 Hz); a mean filter,window,yes,yes,2 intruders
447_ResNet50-5s-Sp2-Standing,465,447|ResNet50 5s Sp2 Standing,447,ResNet50 5s Sp2 Standing,ECG,one condition,low (one day),dl,13,13,-0.5767528973640305,converted EER,68.97,0.6897,0.6897,,included; accuracy missing and EER is a valid percentage,,,no reported uncertainty,,0,No parenthesized uncertainty was reported in the selected accuracy/EER field.,0.6897,0.7987171489829109,,,0,0,0,0,1,0,0,0,dl,CNN,intruders,one condition,low (one day),2s,4 min,Hexoskin Hx1,chest/torso,hybrid,,no,Downsampled to 200 Hz; trimmed moving average filter; a third order Butterworth band-pass filter (0.5 Hz-45 Hz); a mean filter,window,yes,yes,2 intruders
447_ResNet50-5s-Sp4-Standing,466,447|ResNet50 5s Sp4 Standing,447,ResNet50 5s Sp4 Standing,ECG,one condition,low (one day),dl,13,13,-0.5767528973640305,converted EER,80.46000000000001,0.8046000000000001,0.8046000000000001,,included; accuracy missing and EER is a valid percentage,,,no reported uncertainty,,0,No parenthesized uncertainty was reported in the selected accuracy/EER field.,0.8046000000000001,1.4152965199070062,,,0,0,0,0,1,0,0,0,dl,CNN,intruders,one condition,low (one day),4s,4 min,Hexoskin Hx1,chest/torso,hybrid,,no,Downsampled to 200 Hz; trimmed moving average filter; a third order Butterworth band-pass filter (0.5 Hz-45 Hz); a mean filter,window,yes,yes,2 intruders
447_ResNet50-5s-Sp10-Standing,467,447|ResNet50 5s Sp10 Standing,447,ResNet50 5s Sp10 Standing,ECG,one condition,low (one day),dl,13,13,-0.5767528973640305,converted EER,91.73,0.9173,0.9173,,included; accuracy missing and EER is a valid percentage,,,no reported uncertainty,,0,No parenthesized uncertainty was reported in the selected accuracy/EER field.,0.9173,2.4062149704859643,,,0,0,0,0,1,0,0,0,dl,CNN,intruders,one condition,low (one day),10s,4 min,Hexoskin Hx1,chest/torso,hybrid,,no,Downsampled to 200 Hz; trimmed moving average filter; a third order Butterworth band-pass filter (0.5 Hz-45 Hz); a mean filter,window,yes,yes,2 intruders
447_ResNet50-5s-Mel2-Standing,468,447|ResNet50 5s Mel2 Standing,447,ResNet50 5s Mel2 Standing,ECG,one condition,low (one day),dl,13,13,-0.5767528973640305,converted EER,64.56,0.6456000000000001,0.6456000000000001,,included; accuracy missing and EER is a valid percentage,,,no reported uncertainty,,0,No parenthesized uncertainty was reported in the selected accuracy/EER field.,0.6456000000000001,0.5997538982248134,,,0,0,0,0,1,0,0,0,dl,CNN,intruders,one condition,low (one day),2s,4 min,Hexoskin Hx1,chest/torso,hybrid,,no,Downsampled to 200 Hz; trimmed moving average filter; a third order Butterworth band-pass filter (0.5 Hz-45 Hz); a mean filter,window,yes,yes,2 intruders
447_ResNet50-5s-Mel4-Standing,469,447|ResNet50 5s Mel4 Standing,447,ResNet50 5s Mel4 Standing,ECG,one condition,low (one day),dl,13,13,-0.5767528973640305,converted EER,66.71000000000001,0.6671,0.6671,,included; accuracy missing and EER is a valid percentage,,,no reported uncertainty,,0,No parenthesized uncertainty was reported in the selected accuracy/EER field.,0.6671,0.6950978151344905,,,0,0,0,0,1,0,0,0,dl,CNN,intruders,one condition,low (one day),4s,4 min,Hexoskin Hx1,chest/torso,hybrid,,no,Downsampled to 200 Hz; trimmed moving average filter; a third order Butterworth band-pass filter (0.5 Hz-45 Hz); a mean filter,window,yes,yes,2 intruders
447_ResNet50-5s-Mel10-Standing,470,447|ResNet50 5s Mel10 Standing,447,ResNet50 5s Mel10 Standing,ECG,one condition,low (one day),dl,13,13,-0.5767528973640305,converted EER,79.89,0.7989,0.7989,,included; accuracy missing and EER is a valid percentage,,,no reported uncertainty,,0,No parenthesized uncertainty was reported in the selected accuracy/EER field.,0.7989,1.3794334847093903,,,0,0,0,0,1,0,0,0,dl,CNN,intruders,one condition,low (one day),10s,4 min,Hexoskin Hx1,chest/torso,hybrid,,no,Downsampled to 200 Hz; trimmed moving average filter; a third order Butterworth band-pass filter (0.5 Hz-45 Hz); a mean filter,window,yes,yes,2 intruders
447_ResNet50-1s-Sc2-walking,471,447|ResNet50 1s Sc2 walking,447,ResNet50 1s Sc2 walking,ECG,one condition,low (one day),dl,13,13,-0.5767528973640305,converted EER,74.36,0.7436,0.7436,,included; accuracy missing and EER is a valid percentage,,,no reported uncertainty,,0,No parenthesized uncertainty was reported in the selected accuracy/EER field.,0.7436,1.064764530800774,,,0,0,0,0,1,0,0,0,dl,CNN,intruders,one condition,low (one day),2s,4 min,Hexoskin Hx1,chest/torso,hybrid,,no,Downsampled to 200 Hz; trimmed moving average filter; a third order Butterworth band-pass filter (0.5 Hz-45 Hz); a mean filter,window,yes,yes,2 intruders
447_ResNet50-1s-Sc4-walking,472,447|ResNet50 1s Sc4 walking,447,ResNet50 1s Sc4 walking,ECG,one condition,low (one day),dl,13,13,-0.5767528973640305,converted EER,91.76,0.9176000000000001,0.9176000000000001,,included; accuracy missing and EER is a valid percentage,,,no reported uncertainty,,0,No parenthesized uncertainty was reported in the selected accuracy/EER field.,0.9176000000000001,2.410176128899736,,,0,0,0,0,1,0,0,0,dl,CNN,intruders,one condition,low (one day),4s,4 min,Hexoskin Hx1,chest/torso,hybrid,,no,Downsampled to 200 Hz; trimmed moving average filter; a third order Butterworth band-pass filter (0.5 Hz-45 Hz); a mean filter,window,yes,yes,2 intruders
447_ResNet50-1s-Sc10-walking,473,447|ResNet50 1s Sc10 walking,447,ResNet50 1s Sc10 walking,ECG,one condition,low (one day),dl,13,13,-0.5767528973640305,converted EER,77.72,0.7772,0.7772,,included; accuracy missing and EER is a valid percentage,,,no reported uncertainty,,0,No parenthesized uncertainty was reported in the selected accuracy/EER field.,0.7772,1.249423209450156,,,0,0,0,0,1,0,0,0,dl,CNN,intruders,one condition,low (one day),10s,4 min,Hexoskin Hx1,chest/torso,hybrid,,no,Downsampled to 200 Hz; trimmed moving average filter; a third order Butterworth band-pass filter (0.5 Hz-45 Hz); a mean filter,window,yes,yes,2 intruders
447_ResNet50-1s-Sp2-walking,474,447|ResNet50 1s Sp2 walking,447,ResNet50 1s Sp2 walking,ECG,one condition,low (one day),dl,13,13,-0.5767528973640305,converted EER,61.75,0.6175,0.6175,,included; accuracy missing and EER is a valid percentage,,,no reported uncertainty,,0,No parenthesized uncertainty was reported in the selected accuracy/EER field.,0.6175,0.4789504152355419,,,0,0,0,0,1,0,0,0,dl,CNN,intruders,one condition,low (one day),2s,4 min,Hexoskin Hx1,chest/torso,hybrid,,no,Downsampled to 200 Hz; trimmed moving average filter; a third order Butterworth band-pass filter (0.5 Hz-45 Hz); a mean filter,window,yes,yes,2 intruders
447_ResNet50-1s-Sp4-walking,475,447|ResNet50 1s Sp4 walking,447,ResNet50 1s Sp4 walking,ECG,one condition,low (one day),dl,13,13,-0.5767528973640305,converted EER,70.94,0.7094,0.7094,,included; accuracy missing and EER is a valid percentage,,,no reported uncertainty,,0,No parenthesized uncertainty was reported in the selected accuracy/EER field.,0.7094,0.8924717912033391,,,0,0,0,0,1,0,0,0,dl,CNN,intruders,one condition,low (one day),4s,4 min,Hexoskin Hx1,chest/torso,hybrid,,no,Downsampled to 200 Hz; trimmed moving average filter; a third order Butterworth band-pass filter (0.5 Hz-45 Hz); a mean filter,window,yes,yes,2 intruders
447_ResNet50-1s-Sp10-walking,476,447|ResNet50 1s Sp10 walking,447,ResNet50 1s Sp10 walking,ECG,one condition,low (one day),dl,13,13,-0.5767528973640305,converted EER,76.28999999999999,0.7628999999999999,0.7628999999999999,,included; accuracy missing and EER is a valid percentage,,,no reported uncertainty,,0,No parenthesized uncertainty was reported in the selected accuracy/EER field.,0.7628999999999999,1.1686449680248234,,,0,0,0,0,1,0,0,0,dl,CNN,intruders,one condition,low (one day),10s,4 min,Hexoskin Hx1,chest/torso,hybrid,,no,Downsampled to 200 Hz; trimmed moving average filter; a third order Butterworth band-pass filter (0.5 Hz-45 Hz); a mean filter,window,yes,yes,2 intruders
447_ResNet50-1s-Mel2-walking,477,447|ResNet50 1s Mel2 walking,447,ResNet50 1s Mel2 walking,ECG,one condition,low (one day),dl,13,13,-0.5767528973640305,converted EER,60.56,0.6056,0.6056,,included; accuracy missing and EER is a valid percentage,,,no reported uncertainty,,0,No parenthesized uncertainty was reported in the selected accuracy/EER field.,0.6056,0.4288540793947587,,,0,0,0,0,1,0,0,0,dl,CNN,intruders,one condition,low (one day),2s,4 min,Hexoskin Hx1,chest/torso,hybrid,,no,Downsampled to 200 Hz; trimmed moving average filter; a third order Butterworth band-pass filter (0.5 Hz-45 Hz); a mean filter,window,yes,yes,2 intruders
447_ResNet50-1s-Mel4-walking,478,447|ResNet50 1s Mel4 walking,447,ResNet50 1s Mel4 walking,ECG,one condition,low (one day),dl,13,13,-0.5767528973640305,converted EER,66.92,0.6692,0.6692,,included; accuracy missing and EER is a valid percentage,,,no reported uncertainty,,0,No parenthesized uncertainty was reported in the selected accuracy/EER field.,0.6692,0.7045690059631329,,,0,0,0,0,1,0,0,0,dl,CNN,intruders,one condition,low (one day),4s,4 min,Hexoskin Hx1,chest/torso,hybrid,,no,Downsampled to 200 Hz; trimmed moving average filter; a third order Butterworth band-pass filter (0.5 Hz-45 Hz); a mean filter,window,yes,yes,2 intruders
447_ResNet50-1s-Mel10-walking,479,447|ResNet50 1s Mel10 walking,447,ResNet50 1s Mel10 walking,ECG,one condition,low (one day),dl,13,13,-0.5767528973640305,converted EER,72,0.72,0.72,,included; accuracy missing and EER is a valid percentage,,,no reported uncertainty,,0,No parenthesized uncertainty was reported in the selected accuracy/EER field.,0.72,0.9444616088408513,,,0,0,0,0,1,0,0,0,dl,CNN,intruders,one condition,low (one day),10s,4 min,Hexoskin Hx1,chest/torso,hybrid,,no,Downsampled to 200 Hz; trimmed moving average filter; a third order Butterworth band-pass filter (0.5 Hz-45 Hz); a mean filter,window,yes,yes,2 intruders
447_ResNet50-3s-Sc2-walking,480,447|ResNet50 3s Sc2 walking,447,ResNet50 3s Sc2 walking,ECG,one condition,low (one day),dl,13,13,-0.5767528973640305,converted EER,75.65,0.7565000000000001,0.7565000000000001,,included; accuracy missing and EER is a valid percentage,,,no reported uncertainty,,0,No parenthesized uncertainty was reported in the selected accuracy/EER field.,0.7565000000000001,1.1335855907057664,,,0,0,0,0,1,0,0,0,dl,CNN,intruders,one condition,low (one day),2s,4 min,Hexoskin Hx1,chest/torso,hybrid,,no,Downsampled to 200 Hz; trimmed moving average filter; a third order Butterworth band-pass filter (0.5 Hz-45 Hz); a mean filter,window,yes,yes,2 intruders
447_ResNet50-3s-Sc4-walking,481,447|ResNet50 3s Sc4 walking,447,ResNet50 3s Sc4 walking,ECG,one condition,low (one day),dl,13,13,-0.5767528973640305,converted EER,93.28,0.9328,0.9328,,included; accuracy missing and EER is a valid percentage,,,no reported uncertainty,,0,No parenthesized uncertainty was reported in the selected accuracy/EER field.,0.9328,2.6305175680671233,,,0,0,0,0,1,0,0,0,dl,CNN,intruders,one condition,low (one day),4s,4 min,Hexoskin Hx1,chest/torso,hybrid,,no,Downsampled to 200 Hz; trimmed moving average filter; a third order Butterworth band-pass filter (0.5 Hz-45 Hz); a mean filter,window,yes,yes,2 intruders
447_ResNet50-3s-Sc10-walking,482,447|ResNet50 3s Sc10 walking,447,ResNet50 3s Sc10 walking,ECG,one condition,low (one day),dl,13,13,-0.5767528973640305,converted EER,77.72,0.7772,0.7772,,included; accuracy missing and EER is a valid percentage,,,no reported uncertainty,,0,No parenthesized uncertainty was reported in the selected accuracy/EER field.,0.7772,1.249423209450156,,,0,0,0,0,1,0,0,0,dl,CNN,intruders,one condition,low (one day),10s,4 min,Hexoskin Hx1,chest/torso,hybrid,,no,Downsampled to 200 Hz; trimmed moving average filter; a third order Butterworth band-pass filter (0.5 Hz-45 Hz); a mean filter,window,yes,yes,2 intruders
447_ResNet50-3s-Sp2-walking,483,447|ResNet50 3s Sp2 walking,447,ResNet50 3s Sp2 walking,ECG,one condition,low (one day),dl,13,13,-0.5767528973640305,converted EER,63.6,0.636,0.636,,included; accuracy missing and EER is a valid percentage,,,no reported uncertainty,,0,No parenthesized uncertainty was reported in the selected accuracy/EER field.,0.636,0.5580446957033814,,,0,0,0,0,1,0,0,0,dl,CNN,intruders,one condition,low (one day),2s,4 min,Hexoskin Hx1,chest/torso,hybrid,,no,Downsampled to 200 Hz; trimmed moving average filter; a third order Butterworth band-pass filter (0.5 Hz-45 Hz); a mean filter,window,yes,yes,2 intruders
447_ResNet50-3s-Sp4-walking,484,447|ResNet50 3s Sp4 walking,447,ResNet50 3s Sp4 walking,ECG,one condition,low (one day),dl,13,13,-0.5767528973640305,converted EER,73.35,0.7334999999999999,0.7334999999999999,,included; accuracy missing and EER is a valid percentage,,,no reported uncertainty,,0,No parenthesized uncertainty was reported in the selected accuracy/EER field.,0.7334999999999999,1.012453353977137,,,0,0,0,0,1,0,0,0,dl,CNN,intruders,one condition,low (one day),4s,4 min,Hexoskin Hx1,chest/torso,hybrid,,no,Downsampled to 200 Hz; trimmed moving average filter; a third order Butterworth band-pass filter (0.5 Hz-45 Hz); a mean filter,window,yes,yes,2 intruders
447_ResNet50-3s-Sp10-walking,485,447|ResNet50 3s Sp10 walking,447,ResNet50 3s Sp10 walking,ECG,one condition,low (one day),dl,13,13,-0.5767528973640305,converted EER,78.46000000000001,0.7846000000000001,0.7846000000000001,,included; accuracy missing and EER is a valid percentage,,,no reported uncertainty,,0,No parenthesized uncertainty was reported in the selected accuracy/EER field.,0.7846000000000001,1.2926772690531645,,,0,0,0,0,1,0,0,0,dl,CNN,intruders,one condition,low (one day),10s,4 min,Hexoskin Hx1,chest/torso,hybrid,,no,Downsampled to 200 Hz; trimmed moving average filter; a third order Butterworth band-pass filter (0.5 Hz-45 Hz); a mean filter,window,yes,yes,2 intruders
447_ResNet50-3s-Mel2-walking,486,447|ResNet50 3s Mel2 walking,447,ResNet50 3s Mel2 walking,ECG,one condition,low (one day),dl,13,13,-0.5767528973640305,converted EER,62.35,0.6235,0.6235,,included; accuracy missing and EER is a valid percentage,,,no reported uncertainty,,0,No parenthesized uncertainty was reported in the selected accuracy/EER field.,0.6235,0.504430717880143,,,0,0,0,0,1,0,0,0,dl,CNN,intruders,one condition,low (one day),2s,4 min,Hexoskin Hx1,chest/torso,hybrid,,no,Downsampled to 200 Hz; trimmed moving average filter; a third order Butterworth band-pass filter (0.5 Hz-45 Hz); a mean filter,window,yes,yes,2 intruders
447_ResNet50-3s-Mel4-walking,487,447|ResNet50 3s Mel4 walking,447,ResNet50 3s Mel4 walking,ECG,one condition,low (one day),dl,13,13,-0.5767528973640305,converted EER,65.82,0.6581999999999999,0.6581999999999999,,included; accuracy missing and EER is a valid percentage,,,no reported uncertainty,,0,No parenthesized uncertainty was reported in the selected accuracy/EER field.,0.6581999999999999,0.6552830658277485,,,0,0,0,0,1,0,0,0,dl,CNN,intruders,one condition,low (one day),4s,4 min,Hexoskin Hx1,chest/torso,hybrid,,no,Downsampled to 200 Hz; trimmed moving average filter; a third order Butterworth band-pass filter (0.5 Hz-45 Hz); a mean filter,window,yes,yes,2 intruders
447_ResNet50-3s-Mel10-walking,488,447|ResNet50 3s Mel10 walking,447,ResNet50 3s Mel10 walking,ECG,one condition,low (one day),dl,13,13,-0.5767528973640305,converted EER,74.34,0.7434000000000001,0.7434000000000001,,included; accuracy missing and EER is a valid percentage,,,no reported uncertainty,,0,No parenthesized uncertainty was reported in the selected accuracy/EER field.,0.7434000000000001,1.063715805681616,,,0,0,0,0,1,0,0,0,dl,CNN,intruders,one condition,low (one day),10s,4 min,Hexoskin Hx1,chest/torso,hybrid,,no,Downsampled to 200 Hz; trimmed moving average filter; a third order Butterworth band-pass filter (0.5 Hz-45 Hz); a mean filter,window,yes,yes,2 intruders
447_ResNet50-5s-Sc2-walking,489,447|ResNet50 5s Sc2 walking,447,ResNet50 5s Sc2 walking,ECG,one condition,low (one day),dl,13,13,-0.5767528973640305,converted EER,77.78,0.7778,0.7778,,included; accuracy missing and EER is a valid percentage,,,no reported uncertainty,,0,No parenthesized uncertainty was reported in the selected accuracy/EER field.,0.7778,1.2528915445161175,,,0,0,0,0,1,0,0,0,dl,CNN,intruders,one condition,low (one day),2s,4 min,Hexoskin Hx1,chest/torso,hybrid,,no,Downsampled to 200 Hz; trimmed moving average filter; a third order Butterworth band-pass filter (0.5 Hz-45 Hz); a mean filter,window,yes,yes,2 intruders
447_ResNet50-5s-Sc4-walking,490,447|ResNet50 5s Sc4 walking,447,ResNet50 5s Sc4 walking,ECG,one condition,low (one day),dl,13,13,-0.5767528973640305,converted EER,92.57,0.9257,0.9257,,included; accuracy missing and EER is a valid percentage,,,no reported uncertainty,,0,No parenthesized uncertainty was reported in the selected accuracy/EER field.,0.9257,2.5224392563494518,,,0,0,0,0,1,0,0,0,dl,CNN,intruders,one condition,low (one day),4s,4 min,Hexoskin Hx1,chest/torso,hybrid,,no,Downsampled to 200 Hz; trimmed moving average filter; a third order Butterworth band-pass filter (0.5 Hz-45 Hz); a mean filter,window,yes,yes,2 intruders
447_ResNet50-5s-Sc10-walking,491,447|ResNet50 5s Sc10 walking,447,ResNet50 5s Sc10 walking,ECG,one condition,low (one day),dl,13,13,-0.5767528973640305,converted EER,81.66,0.8166,0.8166,,included; accuracy missing and EER is a valid percentage,,,no reported uncertainty,,0,No parenthesized uncertainty was reported in the selected accuracy/EER field.,0.8166,1.493479819063111,,,0,0,0,0,1,0,0,0,dl,CNN,intruders,one condition,low (one day),10s,4 min,Hexoskin Hx1,chest/torso,hybrid,,no,Downsampled to 200 Hz; trimmed moving average filter; a third order Butterworth band-pass filter (0.5 Hz-45 Hz); a mean filter,window,yes,yes,2 intruders
447_ResNet50-5s-Sp2-walking,492,447|ResNet50 5s Sp2 walking,447,ResNet50 5s Sp2 walking,ECG,one condition,low (one day),dl,13,13,-0.5767528973640305,converted EER,64.24000000000001,0.6424000000000001,0.6424000000000001,,included; accuracy missing and EER is a valid percentage,,,no reported uncertainty,,0,No parenthesized uncertainty was reported in the selected accuracy/EER field.,0.6424000000000001,0.5857961193331932,,,0,0,0,0,1,0,0,0,dl,CNN,intruders,one condition,low (one day),2s,4 min,Hexoskin Hx1,chest/torso,hybrid,,no,Downsampled to 200 Hz; trimmed moving average filter; a third order Butterworth band-pass filter (0.5 Hz-45 Hz); a mean filter,window,yes,yes,2 intruders
447_ResNet50-5s-Sp4-walking,493,447|ResNet50 5s Sp4 walking,447,ResNet50 5s Sp4 walking,ECG,one condition,low (one day),dl,13,13,-0.5767528973640305,converted EER,74.39,0.7439,0.7439,,included; accuracy missing and EER is a valid percentage,,,no reported uncertainty,,0,No parenthesized uncertainty was reported in the selected accuracy/EER field.,0.7439,1.0663386239918162,,,0,0,0,0,1,0,0,0,dl,CNN,intruders,one condition,low (one day),4s,4 min,Hexoskin Hx1,chest/torso,hybrid,,no,Downsampled to 200 Hz; trimmed moving average filter; a third order Butterworth band-pass filter (0.5 Hz-45 Hz); a mean filter,window,yes,yes,2 intruders
447_ResNet50-5s-Sp10-walking,494,447|ResNet50 5s Sp10 walking,447,ResNet50 5s Sp10 walking,ECG,one condition,low (one day),dl,13,13,-0.5767528973640305,converted EER,80.01,0.8001,0.8001,,included; accuracy missing and EER is a valid percentage,,,no reported uncertainty,,0,No parenthesized uncertainty was reported in the selected accuracy/EER field.,0.8001,1.3869194783497243,,,0,0,0,0,1,0,0,0,dl,CNN,intruders,one condition,low (one day),10s,4 min,Hexoskin Hx1,chest/torso,hybrid,,no,Downsampled to 200 Hz; trimmed moving average filter; a third order Butterworth band-pass filter (0.5 Hz-45 Hz); a mean filter,window,yes,yes,2 intruders
447_ResNet50-5s-Mel2-walking,495,447|ResNet50 5s Mel2 walking,447,ResNet50 5s Mel2 walking,ECG,one condition,low (one day),dl,13,13,-0.5767528973640305,converted EER,62.2,0.622,0.622,,included; accuracy missing and EER is a valid percentage,,,no reported uncertainty,,0,No parenthesized uncertainty was reported in the selected accuracy/EER field.,0.622,0.4980458971195918,,,0,0,0,0,1,0,0,0,dl,CNN,intruders,one condition,low (one day),2s,4 min,Hexoskin Hx1,chest/torso,hybrid,,no,Downsampled to 200 Hz; trimmed moving average filter; a third order Butterworth band-pass filter (0.5 Hz-45 Hz); a mean filter,window,yes,yes,2 intruders
447_ResNet50-5s-Mel4-walking,496,447|ResNet50 5s Mel4 walking,447,ResNet50 5s Mel4 walking,ECG,one condition,low (one day),dl,13,13,-0.5767528973640305,converted EER,65.19,0.6518999999999999,0.6518999999999999,,included; accuracy missing and EER is a valid percentage,,,no reported uncertainty,,0,No parenthesized uncertainty was reported in the selected accuracy/EER field.,0.6518999999999999,0.6274013811131001,,,0,0,0,0,1,0,0,0,dl,CNN,intruders,one condition,low (one day),4s,4 min,Hexoskin Hx1,chest/torso,hybrid,,no,Downsampled to 200 Hz; trimmed moving average filter; a third order Butterworth band-pass filter (0.5 Hz-45 Hz); a mean filter,window,yes,yes,2 intruders
447_ResNet50-5s-Mel10-walking,497,447|ResNet50 5s Mel10 walking,447,ResNet50 5s Mel10 walking,ECG,one condition,low (one day),dl,13,13,-0.5767528973640305,converted EER,74.28,0.7428,0.7428,,included; accuracy missing and EER is a valid percentage,,,no reported uncertainty,,0,No parenthesized uncertainty was reported in the selected accuracy/EER field.,0.7428,1.0605728371150867,,,0,0,0,0,1,0,0,0,dl,CNN,intruders,one condition,low (one day),10s,4 min,Hexoskin Hx1,chest/torso,hybrid,,no,Downsampled to 200 Hz; trimmed moving average filter; a third order Butterworth band-pass filter (0.5 Hz-45 Hz); a mean filter,window,yes,yes,2 intruders
447_DenseNet201-1s-Sc2-Resting,498,447|DenseNet201 1s Sc2 Resting,447,DenseNet201 1s Sc2 Resting,ECG,one condition,low (one day),dl,13,13,-0.5767528973640305,converted EER,80.9,0.809,0.809,,included; accuracy missing and EER is a valid percentage,,,no reported uncertainty,,0,No parenthesized uncertainty was reported in the selected accuracy/EER field.,0.809,1.4435254890118623,,,0,0,0,0,1,0,0,0,dl,CNN,intruders,one condition,low (one day),2s,4 min,Hexoskin Hx1,chest/torso,hybrid,,no,Downsampled to 200 Hz; trimmed moving average filter; a third order Butterworth band-pass filter (0.5 Hz-45 Hz); a mean filter,window,yes,yes,2 intruders
447_DenseNet201-1s-Sc4-Resting,499,447|DenseNet201 1s Sc4 Resting,447,DenseNet201 1s Sc4 Resting,ECG,one condition,low (one day),dl,13,13,-0.5767528973640305,converted EER,98.04,0.9804,0.9804,,included; accuracy missing and EER is a valid percentage,,,no reported uncertainty,,0,No parenthesized uncertainty was reported in the selected accuracy/EER field.,0.9804,3.9124310854174884,,,0,0,0,0,1,0,0,0,dl,CNN,intruders,one condition,low (one day),4s,4 min,Hexoskin Hx1,chest/torso,hybrid,,no,Downsampled to 200 Hz; trimmed moving average filter; a third order Butterworth band-pass filter (0.5 Hz-45 Hz); a mean filter,window,yes,yes,2 intruders
447_DenseNet201-1s-Sc10-Resting,500,447|DenseNet201 1s Sc10 Resting,447,DenseNet201 1s Sc10 Resting,ECG,one condition,low (one day),dl,13,13,-0.5767528973640305,converted EER,86.95,0.8695,0.8695,,included; accuracy missing and EER is a valid percentage,,,no reported uncertainty,,0,No parenthesized uncertainty was reported in the selected accuracy/EER field.,0.8695,1.8965451070315902,,,0,0,0,0,1,0,0,0,dl,CNN,intruders,one condition,low (one day),10s,4 min,Hexoskin Hx1,chest/torso,hybrid,,no,Downsampled to 200 Hz; trimmed moving average filter; a third order Butterworth band-pass filter (0.5 Hz-45 Hz); a mean filter,window,yes,yes,2 intruders
447_DenseNet201-1s-Sp2-Resting,501,447|DenseNet201 1s Sp2 Resting,447,DenseNet201 1s Sp2 Resting,ECG,one condition,low (one day),dl,13,13,-0.5767528973640305,converted EER,70.28999999999999,0.7029,0.7029,,included; accuracy missing and EER is a valid percentage,,,no reported uncertainty,,0,No parenthesized uncertainty was reported in the selected accuracy/EER field.,0.7029,0.8611458517132976,,,0,0,0,0,1,0,0,0,dl,CNN,intruders,one condition,low (one day),2s,4 min,Hexoskin Hx1,chest/torso,hybrid,,no,Downsampled to 200 Hz; trimmed moving average filter; a third order Butterworth band-pass filter (0.5 Hz-45 Hz); a mean filter,window,yes,yes,2 intruders
447_DenseNet201-1s-Sp4-Resting,502,447|DenseNet201 1s Sp4 Resting,447,DenseNet201 1s Sp4 Resting,ECG,one condition,low (one day),dl,13,13,-0.5767528973640305,converted EER,77.21000000000001,0.7721000000000001,0.7721000000000001,,included; accuracy missing and EER is a valid percentage,,,no reported uncertainty,,0,No parenthesized uncertainty was reported in the selected accuracy/EER field.,0.7721000000000001,1.2202071390631322,,,0,0,0,0,1,0,0,0,dl,CNN,intruders,one condition,low (one day),4s,4 min,Hexoskin Hx1,chest/torso,hybrid,,no,Downsampled to 200 Hz; trimmed moving average filter; a third order Butterworth band-pass filter (0.5 Hz-45 Hz); a mean filter,window,yes,yes,2 intruders
447_DenseNet201-1s-Sp10-Resting,503,447|DenseNet201 1s Sp10 Resting,447,DenseNet201 1s Sp10 Resting,ECG,one condition,low (one day),dl,13,13,-0.5767528973640305,converted EER,91.18,0.9118,0.9118,,included; accuracy missing and EER is a valid percentage,,,no reported uncertainty,,0,No parenthesized uncertainty was reported in the selected accuracy/EER field.,0.9118,2.335813704766596,,,0,0,0,0,1,0,0,0,dl,CNN,intruders,one condition,low (one day),10s,4 min,Hexoskin Hx1,chest/torso,hybrid,,no,Downsampled to 200 Hz; trimmed moving average filter; a third order Butterworth band-pass filter (0.5 Hz-45 Hz); a mean filter,window,yes,yes,2 intruders
447_DenseNet201-1s-Mel2-Resting,504,447|DenseNet201 1s Mel2 Resting,447,DenseNet201 1s Mel2 Resting,ECG,one condition,low (one day),dl,13,13,-0.5767528973640305,converted EER,64.41,0.6441,0.6441,,included; accuracy missing and EER is a valid percentage,,,no reported uncertainty,,0,No parenthesized uncertainty was reported in the selected accuracy/EER field.,0.6441,0.593204201036698,,,0,0,0,0,1,0,0,0,dl,CNN,intruders,one condition,low (one day),2s,4 min,Hexoskin Hx1,chest/torso,hybrid,,no,Downsampled to 200 Hz; trimmed moving average filter; a third order Butterworth band-pass filter (0.5 Hz-45 Hz); a mean filter,window,yes,yes,2 intruders
447_DenseNet201-1s-Mel4-Resting,505,447|DenseNet201 1s Mel4 Resting,447,DenseNet201 1s Mel4 Resting,ECG,one condition,low (one day),dl,13,13,-0.5767528973640305,converted EER,67.89,0.6789000000000001,0.6789000000000001,,included; accuracy missing and EER is a valid percentage,,,no reported uncertainty,,0,No parenthesized uncertainty was reported in the selected accuracy/EER field.,0.6789000000000001,0.7487212402121334,,,0,0,0,0,1,0,0,0,dl,CNN,intruders,one condition,low (one day),4s,4 min,Hexoskin Hx1,chest/torso,hybrid,,no,Downsampled to 200 Hz; trimmed moving average filter; a third order Butterworth band-pass filter (0.5 Hz-45 Hz); a mean filter,window,yes,yes,2 intruders
447_DenseNet201-1s-Mel10-Resting,506,447|DenseNet201 1s Mel10 Resting,447,DenseNet201 1s Mel10 Resting,ECG,one condition,low (one day),dl,13,13,-0.5767528973640305,converted EER,77.17,0.7717,0.7717,,included; accuracy missing and EER is a valid percentage,,,no reported uncertainty,,0,No parenthesized uncertainty was reported in the selected accuracy/EER field.,0.7717,1.2179353199278078,,,0,0,0,0,1,0,0,0,dl,CNN,intruders,one condition,low (one day),10s,4 min,Hexoskin Hx1,chest/torso,hybrid,,no,Downsampled to 200 Hz; trimmed moving average filter; a third order Butterworth band-pass filter (0.5 Hz-45 Hz); a mean filter,window,yes,yes,2 intruders
447_DenseNet201-3s-Sc2-Resting,507,447|DenseNet201 3s Sc2 Resting,447,DenseNet201 3s Sc2 Resting,ECG,one condition,low (one day),dl,13,13,-0.5767528973640305,converted EER,84.41,0.8441,0.8441,,included; accuracy missing and EER is a valid percentage,,,no reported uncertainty,,0,No parenthesized uncertainty was reported in the selected accuracy/EER field.,0.8441,1.689056194925943,,,0,0,0,0,1,0,0,0,dl,CNN,intruders,one condition,low (one day),2s,4 min,Hexoskin Hx1,chest/torso,hybrid,,no,Downsampled to 200 Hz; trimmed moving average filter; a third order Butterworth band-pass filter (0.5 Hz-45 Hz); a mean filter,window,yes,yes,2 intruders
447_DenseNet201-3s-Sc4-Resting,508,447|DenseNet201 3s Sc4 Resting,447,DenseNet201 3s Sc4 Resting,ECG,one condition,low (one day),dl,13,13,-0.5767528973640305,converted EER,97.06,0.9706,0.9706,,included; accuracy missing and EER is a valid percentage,,,no reported uncertainty,,0,No parenthesized uncertainty was reported in the selected accuracy/EER field.,0.9706,3.4969197626264803,,,0,0,0,0,1,0,0,0,dl,CNN,intruders,one condition,low (one day),4s,4 min,Hexoskin Hx1,chest/torso,hybrid,,no,Downsampled to 200 Hz; trimmed moving average filter; a third order Butterworth band-pass filter (0.5 Hz-45 Hz); a mean filter,window,yes,yes,2 intruders
447_DenseNet201-3s-Sc10-Resting,509,447|DenseNet201 3s Sc10 Resting,447,DenseNet201 3s Sc10 Resting,ECG,one condition,low (one day),dl,13,13,-0.5767528973640305,converted EER,88.59,0.8859,0.8859,,included; accuracy missing and EER is a valid percentage,,,no reported uncertainty,,0,No parenthesized uncertainty was reported in the selected accuracy/EER field.,0.8859,2.049528820549957,,,0,0,0,0,1,0,0,0,dl,CNN,intruders,one condition,low (one day),10s,4 min,Hexoskin Hx1,chest/torso,hybrid,,no,Downsampled to 200 Hz; trimmed moving average filter; a third order Butterworth band-pass filter (0.5 Hz-45 Hz); a mean filter,window,yes,yes,2 intruders
447_DenseNet201-3s-Sp2-Resting,510,447|DenseNet201 3s Sp2 Resting,447,DenseNet201 3s Sp2 Resting,ECG,one condition,low (one day),dl,13,13,-0.5767528973640305,converted EER,73.82,0.7382,0.7382,,included; accuracy missing and EER is a valid percentage,,,no reported uncertainty,,0,No parenthesized uncertainty was reported in the selected accuracy/EER field.,0.7382,1.0366339371200985,,,0,0,0,0,1,0,0,0,dl,CNN,intruders,one condition,low (one day),2s,4 min,Hexoskin Hx1,chest/torso,hybrid,,no,Downsampled to 200 Hz; trimmed moving average filter; a third order Butterworth band-pass filter (0.5 Hz-45 Hz); a mean filter,window,yes,yes,2 intruders
447_DenseNet201-3s-Sp4-Resting,511,447|DenseNet201 3s Sp4 Resting,447,DenseNet201 3s Sp4 Resting,ECG,one condition,low (one day),dl,13,13,-0.5767528973640305,converted EER,77.21000000000001,0.7721000000000001,0.7721000000000001,,included; accuracy missing and EER is a valid percentage,,,no reported uncertainty,,0,No parenthesized uncertainty was reported in the selected accuracy/EER field.,0.7721000000000001,1.2202071390631322,,,0,0,0,0,1,0,0,0,dl,CNN,intruders,one condition,low (one day),4s,4 min,Hexoskin Hx1,chest/torso,hybrid,,no,Downsampled to 200 Hz; trimmed moving average filter; a third order Butterworth band-pass filter (0.5 Hz-45 Hz); a mean filter,window,yes,yes,2 intruders
447_DenseNet201-3s-Sp10-Resting,512,447|DenseNet201 3s Sp10 Resting,447,DenseNet201 3s Sp10 Resting,ECG,one condition,low (one day),dl,13,13,-0.5767528973640305,converted EER,91.73,0.9173,0.9173,,included; accuracy missing and EER is a valid percentage,,,no reported uncertainty,,0,No parenthesized uncertainty was reported in the selected accuracy/EER field.,0.9173,2.4062149704859643,,,0,0,0,0,1,0,0,0,dl,CNN,intruders,one condition,low (one day),10s,4 min,Hexoskin Hx1,chest/torso,hybrid,,no,Downsampled to 200 Hz; trimmed moving average filter; a third order Butterworth band-pass filter (0.5 Hz-45 Hz); a mean filter,window,yes,yes,2 intruders
447_DenseNet201-3s-Mel2-Resting,513,447|DenseNet201 3s Mel2 Resting,447,DenseNet201 3s Mel2 Resting,ECG,one condition,low (one day),dl,13,13,-0.5767528973640305,converted EER,64.41,0.6441,0.6441,,included; accuracy missing and EER is a valid percentage,,,no reported uncertainty,,0,No parenthesized uncertainty was reported in the selected accuracy/EER field.,0.6441,0.593204201036698,,,0,0,0,0,1,0,0,0,dl,CNN,intruders,one condition,low (one day),2s,4 min,Hexoskin Hx1,chest/torso,hybrid,,no,Downsampled to 200 Hz; trimmed moving average filter; a third order Butterworth band-pass filter (0.5 Hz-45 Hz); a mean filter,window,yes,yes,2 intruders
447_DenseNet201-3s-Mel4-Resting,514,447|DenseNet201 3s Mel4 Resting,447,DenseNet201 3s Mel4 Resting,ECG,one condition,low (one day),dl,13,13,-0.5767528973640305,converted EER,69.36,0.6936,0.6936,,included; accuracy missing and EER is a valid percentage,,,no reported uncertainty,,0,No parenthesized uncertainty was reported in the selected accuracy/EER field.,0.6936,0.8170039875998959,,,0,0,0,0,1,0,0,0,dl,CNN,intruders,one condition,low (one day),4s,4 min,Hexoskin Hx1,chest/torso,hybrid,,no,Downsampled to 200 Hz; trimmed moving average filter; a third order Butterworth band-pass filter (0.5 Hz-45 Hz); a mean filter,window,yes,yes,2 intruders
447_DenseNet201-3s-Mel10-Resting,515,447|DenseNet201 3s Mel10 Resting,447,DenseNet201 3s Mel10 Resting,ECG,one condition,low (one day),dl,13,13,-0.5767528973640305,converted EER,76.09,0.7609,0.7609,,included; accuracy missing and EER is a valid percentage,,,no reported uncertainty,,0,No parenthesized uncertainty was reported in the selected accuracy/EER field.,0.7609,1.1576200687181981,,,0,0,0,0,1,0,0,0,dl,CNN,intruders,one condition,low (one day),10s,4 min,Hexoskin Hx1,chest/torso,hybrid,,no,Downsampled to 200 Hz; trimmed moving average filter; a third order Butterworth band-pass filter (0.5 Hz-45 Hz); a mean filter,window,yes,yes,2 intruders
447_DenseNet201-5s-Sc2-Resting,516,447|DenseNet201 5s Sc2 Resting,447,DenseNet201 5s Sc2 Resting,ECG,one condition,low (one day),dl,13,13,-0.5767528973640305,converted EER,84.41,0.8441,0.8441,,included; accuracy missing and EER is a valid percentage,,,no reported uncertainty,,0,No parenthesized uncertainty was reported in the selected accuracy/EER field.,0.8441,1.689056194925943,,,0,0,0,0,1,0,0,0,dl,CNN,intruders,one condition,low (one day),2s,4 min,Hexoskin Hx1,chest/torso,hybrid,,no,Downsampled to 200 Hz; trimmed moving average filter; a third order Butterworth band-pass filter (0.5 Hz-45 Hz); a mean filter,window,yes,yes,2 intruders
447_DenseNet201-5s-Sc4-Resting,517,447|DenseNet201 5s Sc4 Resting,447,DenseNet201 5s Sc4 Resting,ECG,one condition,low (one day),dl,13,13,-0.5767528973640305,converted EER,97.06,0.9706,0.9706,,included; accuracy missing and EER is a valid percentage,,,no reported uncertainty,,0,No parenthesized uncertainty was reported in the selected accuracy/EER field.,0.9706,3.4969197626264803,,,0,0,0,0,1,0,0,0,dl,CNN,intruders,one condition,low (one day),4s,4 min,Hexoskin Hx1,chest/torso,hybrid,,no,Downsampled to 200 Hz; trimmed moving average filter; a third order Butterworth band-pass filter (0.5 Hz-45 Hz); a mean filter,window,yes,yes,2 intruders
447_DenseNet201-5s-Sc10-Resting,518,447|DenseNet201 5s Sc10 Resting,447,DenseNet201 5s Sc10 Resting,ECG,one condition,low (one day),dl,13,13,-0.5767528973640305,converted EER,89.13,0.8913,0.8913,,included; accuracy missing and EER is a valid percentage,,,no reported uncertainty,,0,No parenthesized uncertainty was reported in the selected accuracy/EER field.,0.8913,2.1040892770095074,,,0,0,0,0,1,0,0,0,dl,CNN,intruders,one condition,low (one day),10s,4 min,Hexoskin Hx1,chest/torso,hybrid,,no,Downsampled to 200 Hz; trimmed moving average filter; a third order Butterworth band-pass filter (0.5 Hz-45 Hz); a mean filter,window,yes,yes,2 intruders
447_DenseNet201-5s-Sp2-Resting,519,447|DenseNet201 5s Sp2 Resting,447,DenseNet201 5s Sp2 Resting,ECG,one condition,low (one day),dl,13,13,-0.5767528973640305,converted EER,74.26,0.7426,0.7426,,included; accuracy missing and EER is a valid percentage,,,no reported uncertainty,,0,No parenthesized uncertainty was reported in the selected accuracy/EER field.,0.7426,1.0595262465809536,,,0,0,0,0,1,0,0,0,dl,CNN,intruders,one condition,low (one day),2s,4 min,Hexoskin Hx1,chest/torso,hybrid,,no,Downsampled to 200 Hz; trimmed moving average filter; a third order Butterworth band-pass filter (0.5 Hz-45 Hz); a mean filter,window,yes,yes,2 intruders
447_DenseNet201-5s-Sp4-Resting,520,447|DenseNet201 5s Sp4 Resting,447,DenseNet201 5s Sp4 Resting,ECG,one condition,low (one day),dl,13,13,-0.5767528973640305,converted EER,79.9,0.799,0.799,,included; accuracy missing and EER is a valid percentage,,,no reported uncertainty,,0,No parenthesized uncertainty was reported in the selected accuracy/EER field.,0.799,1.380056037707199,,,0,0,0,0,1,0,0,0,dl,CNN,intruders,one condition,low (one day),4s,4 min,Hexoskin Hx1,chest/torso,hybrid,,no,Downsampled to 200 Hz; trimmed moving average filter; a third order Butterworth band-pass filter (0.5 Hz-45 Hz); a mean filter,window,yes,yes,2 intruders
447_DenseNet201-5s-Sp10-Resting,521,447|DenseNet201 5s Sp10 Resting,447,DenseNet201 5s Sp10 Resting,ECG,one condition,low (one day),dl,13,13,-0.5767528973640305,converted EER,92.27,0.9227,0.9227,,included; accuracy missing and EER is a valid percentage,,,no reported uncertainty,,0,No parenthesized uncertainty was reported in the selected accuracy/EER field.,0.9227,2.4796101989911334,,,0,0,0,0,1,0,0,0,dl,CNN,intruders,one condition,low (one day),10s,4 min,Hexoskin Hx1,chest/torso,hybrid,,no,Downsampled to 200 Hz; trimmed moving average filter; a third order Butterworth band-pass filter (0.5 Hz-45 Hz); a mean filter,window,yes,yes,2 intruders
447_DenseNet201-5s-Mel2-Resting,522,447|DenseNet201 5s Mel2 Resting,447,DenseNet201 5s Mel2 Resting,ECG,one condition,low (one day),dl,13,13,-0.5767528973640305,converted EER,64.09,0.6409,0.6409,,included; accuracy missing and EER is a valid percentage,,,no reported uncertainty,,0,No parenthesized uncertainty was reported in the selected accuracy/EER field.,0.6409,0.5792725372781442,,,0,0,0,0,1,0,0,0,dl,CNN,intruders,one condition,low (one day),2s,4 min,Hexoskin Hx1,chest/torso,hybrid,,no,Downsampled to 200 Hz; trimmed moving average filter; a third order Butterworth band-pass filter (0.5 Hz-45 Hz); a mean filter,window,yes,yes,2 intruders
447_DenseNet201-5s-Mel4-Resting,523,447|DenseNet201 5s Mel4 Resting,447,DenseNet201 5s Mel4 Resting,ECG,one condition,low (one day),dl,13,13,-0.5767528973640305,converted EER,67.65,0.6765000000000001,0.6765000000000001,,included; accuracy missing and EER is a valid percentage,,,no reported uncertainty,,0,No parenthesized uncertainty was reported in the selected accuracy/EER field.,0.6765000000000001,0.737733333669888,,,0,0,0,0,1,0,0,0,dl,CNN,intruders,one condition,low (one day),4s,4 min,Hexoskin Hx1,chest/torso,hybrid,,no,Downsampled to 200 Hz; trimmed moving average filter; a third order Butterworth band-pass filter (0.5 Hz-45 Hz); a mean filter,window,yes,yes,2 intruders
447_DenseNet201-5s-Mel10-Resting,524,447|DenseNet201 5s Mel10 Resting,447,DenseNet201 5s Mel10 Resting,ECG,one condition,low (one day),dl,13,13,-0.5767528973640305,converted EER,77.17,0.7717,0.7717,,included; accuracy missing and EER is a valid percentage,,,no reported uncertainty,,0,No parenthesized uncertainty was reported in the selected accuracy/EER field.,0.7717,1.2179353199278078,,,0,0,0,0,1,0,0,0,dl,CNN,intruders,one condition,low (one day),10s,4 min,Hexoskin Hx1,chest/torso,hybrid,,no,Downsampled to 200 Hz; trimmed moving average filter; a third order Butterworth band-pass filter (0.5 Hz-45 Hz); a mean filter,window,yes,yes,2 intruders
447_DenseNet201-1s-Sc2-Walking,525,447|DenseNet201 1s Sc2 Walking,447,DenseNet201 1s Sc2 Walking,ECG,one condition,low (one day),dl,13,13,-0.5767528973640305,converted EER,72.35,0.7234999999999999,0.7234999999999999,,included; accuracy missing and EER is a valid percentage,,,no reported uncertainty,,0,No parenthesized uncertainty was reported in the selected accuracy/EER field.,0.7234999999999999,0.9618897251091486,,,0,0,0,0,1,0,0,0,dl,CNN,intruders,one condition,low (one day),2s,4 min,Hexoskin Hx1,chest/torso,hybrid,,no,Downsampled to 200 Hz; trimmed moving average filter; a third order Butterworth band-pass filter (0.5 Hz-45 Hz); a mean filter,window,yes,yes,2 intruders
447_DenseNet201-1s-Sc4-Walking,526,447|DenseNet201 1s Sc4 Walking,447,DenseNet201 1s Sc4 Walking,ECG,one condition,low (one day),dl,13,13,-0.5767528973640305,converted EER,96.81,0.9681000000000001,0.9681000000000001,,included; accuracy missing and EER is a valid percentage,,,no reported uncertainty,,0,No parenthesized uncertainty was reported in the selected accuracy/EER field.,0.9681000000000001,3.412729377935229,,,0,0,0,0,1,0,0,0,dl,CNN,intruders,one condition,low (one day),4s,4 min,Hexoskin Hx1,chest/torso,hybrid,,no,Downsampled to 200 Hz; trimmed moving average filter; a third order Butterworth band-pass filter (0.5 Hz-45 Hz); a mean filter,window,yes,yes,2 intruders
447_DenseNet201-1s-Sc10-Walking,527,447|DenseNet201 1s Sc10 Walking,447,DenseNet201 1s Sc10 Walking,ECG,one condition,low (one day),dl,13,13,-0.5767528973640305,converted EER,89.94,0.8994,0.8994,,included; accuracy missing and EER is a valid percentage,,,no reported uncertainty,,0,No parenthesized uncertainty was reported in the selected accuracy/EER field.,0.8994,2.190575616670968,,,0,0,0,0,1,0,0,0,dl,CNN,intruders,one condition,low (one day),10s,4 min,Hexoskin Hx1,chest/torso,hybrid,,no,Downsampled to 200 Hz; trimmed moving average filter; a third order Butterworth band-pass filter (0.5 Hz-45 Hz); a mean filter,window,yes,yes,2 intruders
447_DenseNet201-1s-Sp2-Walking,528,447|DenseNet201 1s Sp2 Walking,447,DenseNet201 1s Sp2 Walking,ECG,one condition,low (one day),dl,13,13,-0.5767528973640305,converted EER,71.91,0.7191,0.7191,,included; accuracy missing and EER is a valid percentage,,,no reported uncertainty,,0,No parenthesized uncertainty was reported in the selected accuracy/EER field.,0.7191,0.9400016959982502,,,0,0,0,0,1,0,0,0,dl,CNN,intruders,one condition,low (one day),2s,4 min,Hexoskin Hx1,chest/torso,hybrid,,no,Downsampled to 200 Hz; trimmed moving average filter; a third order Butterworth band-pass filter (0.5 Hz-45 Hz); a mean filter,window,yes,yes,2 intruders
447_DenseNet201-1s-Sp4-Walking,529,447|DenseNet201 1s Sp4 Walking,447,DenseNet201 1s Sp4 Walking,ECG,one condition,low (one day),dl,13,13,-0.5767528973640305,converted EER,83.09,0.8309000000000001,0.8309000000000001,,included; accuracy missing and EER is a valid percentage,,,no reported uncertainty,,0,No parenthesized uncertainty was reported in the selected accuracy/EER field.,0.8309000000000001,1.5920191947664017,,,0,0,0,0,1,0,0,0,dl,CNN,intruders,one condition,low (one day),4s,4 min,Hexoskin Hx1,chest/torso,hybrid,,no,Downsampled to 200 Hz; trimmed moving average filter; a third order Butterworth band-pass filter (0.5 Hz-45 Hz); a mean filter,window,yes,yes,2 intruders
447_DenseNet201-1s-Sp10-Walking,530,447|DenseNet201 1s Sp10 Walking,447,DenseNet201 1s Sp10 Walking,ECG,one condition,low (one day),dl,13,13,-0.5767528973640305,converted EER,91.18,0.9118,0.9118,,included; accuracy missing and EER is a valid percentage,,,no reported uncertainty,,0,No parenthesized uncertainty was reported in the selected accuracy/EER field.,0.9118,2.335813704766596,,,0,0,0,0,1,0,0,0,dl,CNN,intruders,one condition,low (one day),10s,4 min,Hexoskin Hx1,chest/torso,hybrid,,no,Downsampled to 200 Hz; trimmed moving average filter; a third order Butterworth band-pass filter (0.5 Hz-45 Hz); a mean filter,window,yes,yes,2 intruders
447_DenseNet201-1s-Mel2-Walking,531,447|DenseNet201 1s Mel2 Walking,447,DenseNet201 1s Mel2 Walking,ECG,one condition,low (one day),dl,13,13,-0.5767528973640305,converted EER,64.12,0.6412,0.6412,,included; accuracy missing and EER is a valid percentage,,,no reported uncertainty,,0,No parenthesized uncertainty was reported in the selected accuracy/EER field.,0.6412,0.5805762905507569,,,0,0,0,0,1,0,0,0,dl,CNN,intruders,one condition,low (one day),2s,4 min,Hexoskin Hx1,chest/torso,hybrid,,no,Downsampled to 200 Hz; trimmed moving average filter; a third order Butterworth band-pass filter (0.5 Hz-45 Hz); a mean filter,window,yes,yes,2 intruders
447_DenseNet201-1s-Mel4-Walking,532,447|DenseNet201 1s Mel4 Walking,447,DenseNet201 1s Mel4 Walking,ECG,one condition,low (one day),dl,13,13,-0.5767528973640305,converted EER,68.87,0.6887000000000001,0.6887000000000001,,included; accuracy missing and EER is a valid percentage,,,no reported uncertainty,,0,No parenthesized uncertainty was reported in the selected accuracy/EER field.,0.6887000000000001,0.7940486851030905,,,0,0,0,0,1,0,0,0,dl,CNN,intruders,one condition,low (one day),4s,4 min,Hexoskin Hx1,chest/torso,hybrid,,no,Downsampled to 200 Hz; trimmed moving average filter; a third order Butterworth band-pass filter (0.5 Hz-45 Hz); a mean filter,window,yes,yes,2 intruders
447_DenseNet201-1s-Mel10-Walking,533,447|DenseNet201 1s Mel10 Walking,447,DenseNet201 1s Mel10 Walking,ECG,one condition,low (one day),dl,13,13,-0.5767528973640305,converted EER,79.17,0.7917000000000001,0.7917000000000001,,included; accuracy missing and EER is a valid percentage,,,no reported uncertainty,,0,No parenthesized uncertainty was reported in the selected accuracy/EER field.,0.7917000000000001,1.3352031839104623,,,0,0,0,0,1,0,0,0,dl,CNN,intruders,one condition,low (one day),10s,4 min,Hexoskin Hx1,chest/torso,hybrid,,no,Downsampled to 200 Hz; trimmed moving average filter; a third order Butterworth band-pass filter (0.5 Hz-45 Hz); a mean filter,window,yes,yes,2 intruders
447_DenseNet201-3s-Sc2-Walking,534,447|DenseNet201 3s Sc2 Walking,447,DenseNet201 3s Sc2 Walking,ECG,one condition,low (one day),dl,13,13,-0.5767528973640305,converted EER,74.41,0.7441,0.7441,,included; accuracy missing and EER is a valid percentage,,,no reported uncertainty,,0,No parenthesized uncertainty was reported in the selected accuracy/EER field.,0.7441,1.0673886912374724,,,0,0,0,0,1,0,0,0,dl,CNN,intruders,one condition,low (one day),2s,4 min,Hexoskin Hx1,chest/torso,hybrid,,no,Downsampled to 200 Hz; trimmed moving average filter; a third order Butterworth band-pass filter (0.5 Hz-45 Hz); a mean filter,window,yes,yes,2 intruders
447_DenseNet201-3s-Sc4-Walking,535,447|DenseNet201 3s Sc4 Walking,447,DenseNet201 3s Sc4 Walking,ECG,one condition,low (one day),dl,13,13,-0.5767528973640305,converted EER,97.79,0.9779000000000001,0.9779000000000001,,included; accuracy missing and EER is a valid percentage,,,no reported uncertainty,,0,No parenthesized uncertainty was reported in the selected accuracy/EER field.,0.9779000000000001,3.789829806794527,,,0,0,0,0,1,0,0,0,dl,CNN,intruders,one condition,low (one day),4s,4 min,Hexoskin Hx1,chest/torso,hybrid,,no,Downsampled to 200 Hz; trimmed moving average filter; a third order Butterworth band-pass filter (0.5 Hz-45 Hz); a mean filter,window,yes,yes,2 intruders
447_DenseNet201-3s-Sc10-Walking,536,447|DenseNet201 3s Sc10 Walking,447,DenseNet201 3s Sc10 Walking,ECG,one condition,low (one day),dl,13,13,-0.5767528973640305,converted EER,90.49,0.9048999999999999,0.9048999999999999,,included; accuracy missing and EER is a valid percentage,,,no reported uncertainty,,0,No parenthesized uncertainty was reported in the selected accuracy/EER field.,0.9048999999999999,2.252895470805742,,,0,0,0,0,1,0,0,0,dl,CNN,intruders,one condition,low (one day),10s,4 min,Hexoskin Hx1,chest/torso,hybrid,,no,Downsampled to 200 Hz; trimmed moving average filter; a third order Butterworth band-pass filter (0.5 Hz-45 Hz); a mean filter,window,yes,yes,2 intruders
447_DenseNet201-3s-Sp2-Walking,537,447|DenseNet201 3s Sp2 Walking,447,DenseNet201 3s Sp2 Walking,ECG,one condition,low (one day),dl,13,13,-0.5767528973640305,converted EER,71.91,0.7191,0.7191,,included; accuracy missing and EER is a valid percentage,,,no reported uncertainty,,0,No parenthesized uncertainty was reported in the selected accuracy/EER field.,0.7191,0.9400016959982502,,,0,0,0,0,1,0,0,0,dl,CNN,intruders,one condition,low (one day),2s,4 min,Hexoskin Hx1,chest/torso,hybrid,,no,Downsampled to 200 Hz; trimmed moving average filter; a third order Butterworth band-pass filter (0.5 Hz-45 Hz); a mean filter,window,yes,yes,2 intruders
447_DenseNet201-3s-Sp4-Walking,538,447|DenseNet201 3s Sp4 Walking,447,DenseNet201 3s Sp4 Walking,ECG,one condition,low (one day),dl,13,13,-0.5767528973640305,converted EER,85.53999999999999,0.8553999999999999,0.8553999999999999,,included; accuracy missing and EER is a valid percentage,,,no reported uncertainty,,0,No parenthesized uncertainty was reported in the selected accuracy/EER field.,0.8553999999999999,1.7775978860681434,,,0,0,0,0,1,0,0,0,dl,CNN,intruders,one condition,low (one day),4s,4 min,Hexoskin Hx1,chest/torso,hybrid,,no,Downsampled to 200 Hz; trimmed moving average filter; a third order Butterworth band-pass filter (0.5 Hz-45 Hz); a mean filter,window,yes,yes,2 intruders
447_DenseNet201-3s-Sp10-Walking,539,447|DenseNet201 3s Sp10 Walking,447,DenseNet201 3s Sp10 Walking,ECG,one condition,low (one day),dl,13,13,-0.5767528973640305,converted EER,93.36,0.9336,0.9336,,included; accuracy missing and EER is a valid percentage,,,no reported uncertainty,,0,No parenthesized uncertainty was reported in the selected accuracy/EER field.,0.9336,2.643351024489958,,,0,0,0,0,1,0,0,0,dl,CNN,intruders,one condition,low (one day),10s,4 min,Hexoskin Hx1,chest/torso,hybrid,,no,Downsampled to 200 Hz; trimmed moving average filter; a third order Butterworth band-pass filter (0.5 Hz-45 Hz); a mean filter,window,yes,yes,2 intruders
447_DenseNet201-3s-Mel2-Walking,540,447|DenseNet201 3s Mel2 Walking,447,DenseNet201 3s Mel2 Walking,ECG,one condition,low (one day),dl,13,13,-0.5767528973640305,converted EER,64.25999999999999,0.6426,0.6426,,included; accuracy missing and EER is a valid percentage,,,no reported uncertainty,,0,No parenthesized uncertainty was reported in the selected accuracy/EER field.,0.6426,0.5866668439564302,,,0,0,0,0,1,0,0,0,dl,CNN,intruders,one condition,low (one day),2s,4 min,Hexoskin Hx1,chest/torso,hybrid,,no,Downsampled to 200 Hz; trimmed moving average filter; a third order Butterworth band-pass filter (0.5 Hz-45 Hz); a mean filter,window,yes,yes,2 intruders
447_DenseNet201-3s-Mel4-Walking,541,447|DenseNet201 3s Mel4 Walking,447,DenseNet201 3s Mel4 Walking,ECG,one condition,low (one day),dl,13,13,-0.5767528973640305,converted EER,70.1,0.701,0.701,,included; accuracy missing and EER is a valid percentage,,,no reported uncertainty,,0,No parenthesized uncertainty was reported in the selected accuracy/EER field.,0.701,0.8520643136439034,,,0,0,0,0,1,0,0,0,dl,CNN,intruders,one condition,low (one day),4s,4 min,Hexoskin Hx1,chest/torso,hybrid,,no,Downsampled to 200 Hz; trimmed moving average filter; a third order Butterworth band-pass filter (0.5 Hz-45 Hz); a mean filter,window,yes,yes,2 intruders
447_DenseNet201-3s-Mel10-Walking,542,447|DenseNet201 3s Mel10 Walking,447,DenseNet201 3s Mel10 Walking,ECG,one condition,low (one day),dl,13,13,-0.5767528973640305,converted EER,79.08,0.7908,0.7908,,included; accuracy missing and EER is a valid percentage,,,no reported uncertainty,,0,No parenthesized uncertainty was reported in the selected accuracy/EER field.,0.7908,1.3297543591056937,,,0,0,0,0,1,0,0,0,dl,CNN,intruders,one condition,low (one day),10s,4 min,Hexoskin Hx1,chest/torso,hybrid,,no,Downsampled to 200 Hz; trimmed moving average filter; a third order Butterworth band-pass filter (0.5 Hz-45 Hz); a mean filter,window,yes,yes,2 intruders
447_DenseNet201-5s-Sc2-Walking,543,447|DenseNet201 5s Sc2 Walking,447,DenseNet201 5s Sc2 Walking,ECG,one condition,low (one day),dl,13,13,-0.5767528973640305,converted EER,77.5,0.775,0.775,,included; accuracy missing and EER is a valid percentage,,,no reported uncertainty,,0,No parenthesized uncertainty was reported in the selected accuracy/EER field.,0.775,1.2367626271489272,,,0,0,0,0,1,0,0,0,dl,CNN,intruders,one condition,low (one day),2s,4 min,Hexoskin Hx1,chest/torso,hybrid,,no,Downsampled to 200 Hz; trimmed moving average filter; a third order Butterworth band-pass filter (0.5 Hz-45 Hz); a mean filter,window,yes,yes,2 intruders
447_DenseNet201-5s-Sc4-Walking,544,447|DenseNet201 5s Sc4 Walking,447,DenseNet201 5s Sc4 Walking,ECG,one condition,low (one day),dl,13,13,-0.5767528973640305,converted EER,97.55,0.9754999999999999,0.9754999999999999,,included; accuracy missing and EER is a valid percentage,,,no reported uncertainty,,0,No parenthesized uncertainty was reported in the selected accuracy/EER field.,0.9754999999999999,3.6842770425124813,,,0,0,0,0,1,0,0,0,dl,CNN,intruders,one condition,low (one day),4s,4 min,Hexoskin Hx1,chest/torso,hybrid,,no,Downsampled to 200 Hz; trimmed moving average filter; a third order Butterworth band-pass filter (0.5 Hz-45 Hz); a mean filter,window,yes,yes,2 intruders
447_DenseNet201-5s-Sc10-Walking,545,447|DenseNet201 5s Sc10 Walking,447,DenseNet201 5s Sc10 Walking,ECG,one condition,low (one day),dl,13,13,-0.5767528973640305,converted EER,91.58,0.9158,0.9158,,included; accuracy missing and EER is a valid percentage,,,no reported uncertainty,,0,No parenthesized uncertainty was reported in the selected accuracy/EER field.,0.9158,2.3866030789747135,,,0,0,0,0,1,0,0,0,dl,CNN,intruders,one condition,low (one day),10s,4 min,Hexoskin Hx1,chest/torso,hybrid,,no,Downsampled to 200 Hz; trimmed moving average filter; a third order Butterworth band-pass filter (0.5 Hz-45 Hz); a mean filter,window,yes,yes,2 intruders
447_DenseNet201-5s-Sp2-Walking,546,447|DenseNet201 5s Sp2 Walking,447,DenseNet201 5s Sp2 Walking,ECG,one condition,low (one day),dl,13,13,-0.5767528973640305,converted EER,74.41,0.7441,0.7441,,included; accuracy missing and EER is a valid percentage,,,no reported uncertainty,,0,No parenthesized uncertainty was reported in the selected accuracy/EER field.,0.7441,1.0673886912374724,,,0,0,0,0,1,0,0,0,dl,CNN,intruders,one condition,low (one day),2s,4 min,Hexoskin Hx1,chest/torso,hybrid,,no,Downsampled to 200 Hz; trimmed moving average filter; a third order Butterworth band-pass filter (0.5 Hz-45 Hz); a mean filter,window,yes,yes,2 intruders
447_DenseNet201-5s-Sp4-Walking,547,447|DenseNet201 5s Sp4 Walking,447,DenseNet201 5s Sp4 Walking,ECG,one condition,low (one day),dl,13,13,-0.5767528973640305,converted EER,85.28999999999999,0.8528999999999999,0.8528999999999999,,included; accuracy missing and EER is a valid percentage,,,no reported uncertainty,,0,No parenthesized uncertainty was reported in the selected accuracy/EER field.,0.8528999999999999,1.757529679717671,,,0,0,0,0,1,0,0,0,dl,CNN,intruders,one condition,low (one day),4s,4 min,Hexoskin Hx1,chest/torso,hybrid,,no,Downsampled to 200 Hz; trimmed moving average filter; a third order Butterworth band-pass filter (0.5 Hz-45 Hz); a mean filter,window,yes,yes,2 intruders
447_DenseNet201-5s-Sp10-Walking,548,447|DenseNet201 5s Sp10 Walking,447,DenseNet201 5s Sp10 Walking,ECG,one condition,low (one day),dl,13,13,-0.5767528973640305,converted EER,93.9,0.9390000000000001,0.9390000000000001,,included; accuracy missing and EER is a valid percentage,,,no reported uncertainty,,0,No parenthesized uncertainty was reported in the selected accuracy/EER field.,0.9390000000000001,2.7339416150349525,,,0,0,0,0,1,0,0,0,dl,CNN,intruders,one condition,low (one day),10s,4 min,Hexoskin Hx1,chest/torso,hybrid,,no,Downsampled to 200 Hz; trimmed moving average filter; a third order Butterworth band-pass filter (0.5 Hz-45 Hz); a mean filter,window,yes,yes,2 intruders
447_DenseNet201-5s-Mel2-Walking,549,447|DenseNet201 5s Mel2 Walking,447,DenseNet201 5s Mel2 Walking,ECG,one condition,low (one day),dl,13,13,-0.5767528973640305,converted EER,63.97,0.6396999999999999,0.6396999999999999,,included; accuracy missing and EER is a valid percentage,,,no reported uncertainty,,0,No parenthesized uncertainty was reported in the selected accuracy/EER field.,0.6396999999999999,0.5740622987020442,,,0,0,0,0,1,0,0,0,dl,CNN,intruders,one condition,low (one day),2s,4 min,Hexoskin Hx1,chest/torso,hybrid,,no,Downsampled to 200 Hz; trimmed moving average filter; a third order Butterworth band-pass filter (0.5 Hz-45 Hz); a mean filter,window,yes,yes,2 intruders
447_DenseNet201-5s-Mel4-Walking,550,447|DenseNet201 5s Mel4 Walking,447,DenseNet201 5s Mel4 Walking,ECG,one condition,low (one day),dl,13,13,-0.5767528973640305,converted EER,69.85,0.6984999999999999,0.6984999999999999,,included; accuracy missing and EER is a valid percentage,,,no reported uncertainty,,0,No parenthesized uncertainty was reported in the selected accuracy/EER field.,0.6984999999999999,0.8401651625297758,,,0,0,0,0,1,0,0,0,dl,CNN,intruders,one condition,low (one day),4s,4 min,Hexoskin Hx1,chest/torso,hybrid,,no,Downsampled to 200 Hz; trimmed moving average filter; a third order Butterworth band-pass filter (0.5 Hz-45 Hz); a mean filter,window,yes,yes,2 intruders
447_DenseNet201-5s-Mel10-Walking,551,447|DenseNet201 5s Mel10 Walking,447,DenseNet201 5s Mel10 Walking,ECG,one condition,low (one day),dl,13,13,-0.5767528973640305,converted EER,80.43,0.8043,0.8043,,included; accuracy missing and EER is a valid percentage,,,no reported uncertainty,,0,No parenthesized uncertainty was reported in the selected accuracy/EER field.,0.8043,1.413389459507993,,,0,0,0,0,1,0,0,0,dl,CNN,intruders,one condition,low (one day),10s,4 min,Hexoskin Hx1,chest/torso,hybrid,,no,Downsampled to 200 Hz; trimmed moving average filter; a third order Butterworth band-pass filter (0.5 Hz-45 Hz); a mean filter,window,yes,yes,2 intruders
447_DenseNet201-1s-Sc2-Standing,552,447|DenseNet201 1s Sc2 Standing,447,DenseNet201 1s Sc2 Standing,ECG,one condition,low (one day),dl,13,13,-0.5767528973640305,converted EER,80,0.8,0.8,,included; accuracy missing and EER is a valid percentage,,,no reported uncertainty,,0,No parenthesized uncertainty was reported in the selected accuracy/EER field.,0.8,1.3862943611198908,,,0,0,0,0,1,0,0,0,dl,CNN,intruders,one condition,low (one day),2s,4 min,Hexoskin Hx1,chest/torso,hybrid,,no,Downsampled to 200 Hz; trimmed moving average filter; a third order Butterworth band-pass filter (0.5 Hz-45 Hz); a mean filter,window,yes,yes,2 intruders
447_DenseNet201-1s-Sc4-Standing,553,447|DenseNet201 1s Sc4 Standing,447,DenseNet201 1s Sc4 Standing,ECG,one condition,low (one day),dl,13,13,-0.5767528973640305,converted EER,99.51,0.9951000000000001,0.9951000000000001,,included; accuracy missing and EER is a valid percentage,,,no reported uncertainty,,0,No parenthesized uncertainty was reported in the selected accuracy/EER field.,0.9951000000000001,5.313608029504556,,,0,0,0,0,1,0,0,0,dl,CNN,intruders,one condition,low (one day),4s,4 min,Hexoskin Hx1,chest/torso,hybrid,,no,Downsampled to 200 Hz; trimmed moving average filter; a third order Butterworth band-pass filter (0.5 Hz-45 Hz); a mean filter,window,yes,yes,2 intruders
447_DenseNet201-1s-Sc10-Standing,554,447|DenseNet201 1s Sc10 Standing,447,DenseNet201 1s Sc10 Standing,ECG,one condition,low (one day),dl,13,13,-0.5767528973640305,converted EER,90.49,0.9048999999999999,0.9048999999999999,,included; accuracy missing and EER is a valid percentage,,,no reported uncertainty,,0,No parenthesized uncertainty was reported in the selected accuracy/EER field.,0.9048999999999999,2.252895470805742,,,0,0,0,0,1,0,0,0,dl,CNN,intruders,one condition,low (one day),10s,4 min,Hexoskin Hx1,chest/torso,hybrid,,no,Downsampled to 200 Hz; trimmed moving average filter; a third order Butterworth band-pass filter (0.5 Hz-45 Hz); a mean filter,window,yes,yes,2 intruders
447_DenseNet201-1s-Sp2-Standing,555,447|DenseNet201 1s Sp2 Standing,447,DenseNet201 1s Sp2 Standing,ECG,one condition,low (one day),dl,13,13,-0.5767528973640305,converted EER,72.06,0.7206,0.7206,,included; accuracy missing and EER is a valid percentage,,,no reported uncertainty,,0,No parenthesized uncertainty was reported in the selected accuracy/EER field.,0.7206,0.9474397514911316,,,0,0,0,0,1,0,0,0,dl,CNN,intruders,one condition,low (one day),2s,4 min,Hexoskin Hx1,chest/torso,hybrid,,no,Downsampled to 200 Hz; trimmed moving average filter; a third order Butterworth band-pass filter (0.5 Hz-45 Hz); a mean filter,window,yes,yes,2 intruders
447_DenseNet201-1s-Sp4-Standing,556,447|DenseNet201 1s Sp4 Standing,447,DenseNet201 1s Sp4 Standing,ECG,one condition,low (one day),dl,13,13,-0.5767528973640305,converted EER,79.66,0.7966,0.7966,,included; accuracy missing and EER is a valid percentage,,,no reported uncertainty,,0,No parenthesized uncertainty was reported in the selected accuracy/EER field.,0.7966,1.3651781871330841,,,0,0,0,0,1,0,0,0,dl,CNN,intruders,one condition,low (one day),4s,4 min,Hexoskin Hx1,chest/torso,hybrid,,no,Downsampled to 200 Hz; trimmed moving average filter; a third order Butterworth band-pass filter (0.5 Hz-45 Hz); a mean filter,window,yes,yes,2 intruders
447_DenseNet201-1s-Sp10-Standing,557,447|DenseNet201 1s Sp10 Standing,447,DenseNet201 1s Sp10 Standing,ECG,one condition,low (one day),dl,13,13,-0.5767528973640305,converted EER,92.27,0.9227,0.9227,,included; accuracy missing and EER is a valid percentage,,,no reported uncertainty,,0,No parenthesized uncertainty was reported in the selected accuracy/EER field.,0.9227,2.4796101989911334,,,0,0,0,0,1,0,0,0,dl,CNN,intruders,one condition,low (one day),10s,4 min,Hexoskin Hx1,chest/torso,hybrid,,no,Downsampled to 200 Hz; trimmed moving average filter; a third order Butterworth band-pass filter (0.5 Hz-45 Hz); a mean filter,window,yes,yes,2 intruders
447_DenseNet201-1s-Mel2-Standing,558,447|DenseNet201 1s Mel2 Standing,447,DenseNet201 1s Mel2 Standing,ECG,one condition,low (one day),dl,13,13,-0.5767528973640305,converted EER,61.18,0.6118,0.6118,,included; accuracy missing and EER is a valid percentage,,,no reported uncertainty,,0,No parenthesized uncertainty was reported in the selected accuracy/EER field.,0.6118,0.4548847609818932,,,0,0,0,0,1,0,0,0,dl,CNN,intruders,one condition,low (one day),2s,4 min,Hexoskin Hx1,chest/torso,hybrid,,no,Downsampled to 200 Hz; trimmed moving average filter; a third order Butterworth band-pass filter (0.5 Hz-45 Hz); a mean filter,window,yes,yes,2 intruders
447_DenseNet201-1s-Mel4-Standing,559,447|DenseNet201 1s Mel4 Standing,447,DenseNet201 1s Mel4 Standing,ECG,one condition,low (one day),dl,13,13,-0.5767528973640305,converted EER,63.39,0.6339,0.6339,,included; accuracy missing and EER is a valid percentage,,,no reported uncertainty,,0,No parenthesized uncertainty was reported in the selected accuracy/EER field.,0.6339,0.5489846931639303,,,0,0,0,0,1,0,0,0,dl,CNN,intruders,one condition,low (one day),4s,4 min,Hexoskin Hx1,chest/torso,hybrid,,no,Downsampled to 200 Hz; trimmed moving average filter; a third order Butterworth band-pass filter (0.5 Hz-45 Hz); a mean filter,window,yes,yes,2 intruders
447_DenseNet201-1s-Mel10-Standing,560,447|DenseNet201 1s Mel10 Standing,447,DenseNet201 1s Mel10 Standing,ECG,one condition,low (one day),dl,13,13,-0.5767528973640305,converted EER,78.26,0.7826000000000001,0.7826000000000001,,included; accuracy missing and EER is a valid percentage,,,no reported uncertainty,,0,No parenthesized uncertainty was reported in the selected accuracy/EER field.,0.7826000000000001,1.2808827350892034,,,0,0,0,0,1,0,0,0,dl,CNN,intruders,one condition,low (one day),10s,4 min,Hexoskin Hx1,chest/torso,hybrid,,no,Downsampled to 200 Hz; trimmed moving average filter; a third order Butterworth band-pass filter (0.5 Hz-45 Hz); a mean filter,window,yes,yes,2 intruders
447_DenseNet201-3s-Sc2-Standing,561,447|DenseNet201 3s Sc2 Standing,447,DenseNet201 3s Sc2 Standing,ECG,one condition,low (one day),dl,13,13,-0.5767528973640305,converted EER,82.21000000000001,0.8221,0.8221,,included; accuracy missing and EER is a valid percentage,,,no reported uncertainty,,0,No parenthesized uncertainty was reported in the selected accuracy/EER field.,0.8221,1.5306404474862987,,,0,0,0,0,1,0,0,0,dl,CNN,intruders,one condition,low (one day),2s,4 min,Hexoskin Hx1,chest/torso,hybrid,,no,Downsampled to 200 Hz; trimmed moving average filter; a third order Butterworth band-pass filter (0.5 Hz-45 Hz); a mean filter,window,yes,yes,2 intruders
447_DenseNet201-3s-Sc4-Standing,562,447|DenseNet201 3s Sc4 Standing,447,DenseNet201 3s Sc4 Standing,ECG,one condition,low (one day),dl,13,13,-0.5767528973640305,converted EER,99.51,0.9951000000000001,0.9951000000000001,,included; accuracy missing and EER is a valid percentage,,,no reported uncertainty,,0,No parenthesized uncertainty was reported in the selected accuracy/EER field.,0.9951000000000001,5.313608029504556,,,0,0,0,0,1,0,0,0,dl,CNN,intruders,one condition,low (one day),4s,4 min,Hexoskin Hx1,chest/torso,hybrid,,no,Downsampled to 200 Hz; trimmed moving average filter; a third order Butterworth band-pass filter (0.5 Hz-45 Hz); a mean filter,window,yes,yes,2 intruders
447_DenseNet201-3s-Sc10-Standing,563,447|DenseNet201 3s Sc10 Standing,447,DenseNet201 3s Sc10 Standing,ECG,one condition,low (one day),dl,13,13,-0.5767528973640305,converted EER,91.58,0.9158,0.9158,,included; accuracy missing and EER is a valid percentage,,,no reported uncertainty,,0,No parenthesized uncertainty was reported in the selected accuracy/EER field.,0.9158,2.3866030789747135,,,0,0,0,0,1,0,0,0,dl,CNN,intruders,one condition,low (one day),10s,4 min,Hexoskin Hx1,chest/torso,hybrid,,no,Downsampled to 200 Hz; trimmed moving average filter; a third order Butterworth band-pass filter (0.5 Hz-45 Hz); a mean filter,window,yes,yes,2 intruders
447_DenseNet201-3s-Sp2-Standing,564,447|DenseNet201 3s Sp2 Standing,447,DenseNet201 3s Sp2 Standing,ECG,one condition,low (one day),dl,13,13,-0.5767528973640305,converted EER,71.32,0.7132,0.7132,,included; accuracy missing and EER is a valid percentage,,,no reported uncertainty,,0,No parenthesized uncertainty was reported in the selected accuracy/EER field.,0.7132,0.9109767772635199,,,0,0,0,0,1,0,0,0,dl,CNN,intruders,one condition,low (one day),2s,4 min,Hexoskin Hx1,chest/torso,hybrid,,no,Downsampled to 200 Hz; trimmed moving average filter; a third order Butterworth band-pass filter (0.5 Hz-45 Hz); a mean filter,window,yes,yes,2 intruders
447_DenseNet201-3s-Sp4-Standing,565,447|DenseNet201 3s Sp4 Standing,447,DenseNet201 3s Sp4 Standing,ECG,one condition,low (one day),dl,13,13,-0.5767528973640305,converted EER,79.9,0.799,0.799,,included; accuracy missing and EER is a valid percentage,,,no reported uncertainty,,0,No parenthesized uncertainty was reported in the selected accuracy/EER field.,0.799,1.380056037707199,,,0,0,0,0,1,0,0,0,dl,CNN,intruders,one condition,low (one day),4s,4 min,Hexoskin Hx1,chest/torso,hybrid,,no,Downsampled to 200 Hz; trimmed moving average filter; a third order Butterworth band-pass filter (0.5 Hz-45 Hz); a mean filter,window,yes,yes,2 intruders
447_DenseNet201-3s-Sp10-Standing,566,447|DenseNet201 3s Sp10 Standing,447,DenseNet201 3s Sp10 Standing,ECG,one condition,low (one day),dl,13,13,-0.5767528973640305,converted EER,92.81,0.9281,0.9281,,included; accuracy missing and EER is a valid percentage,,,no reported uncertainty,,0,No parenthesized uncertainty was reported in the selected accuracy/EER field.,0.9281,2.5578632208743466,,,0,0,0,0,1,0,0,0,dl,CNN,intruders,one condition,low (one day),10s,4 min,Hexoskin Hx1,chest/torso,hybrid,,no,Downsampled to 200 Hz; trimmed moving average filter; a third order Butterworth band-pass filter (0.5 Hz-45 Hz); a mean filter,window,yes,yes,2 intruders
447_DenseNet201-3s-Mel2-Standing,567,447|DenseNet201 3s Mel2 Standing,447,DenseNet201 3s Mel2 Standing,ECG,one condition,low (one day),dl,13,13,-0.5767528973640305,converted EER,64.41,0.6441,0.6441,,included; accuracy missing and EER is a valid percentage,,,no reported uncertainty,,0,No parenthesized uncertainty was reported in the selected accuracy/EER field.,0.6441,0.593204201036698,,,0,0,0,0,1,0,0,0,dl,CNN,intruders,one condition,low (one day),2s,4 min,Hexoskin Hx1,chest/torso,hybrid,,no,Downsampled to 200 Hz; trimmed moving average filter; a third order Butterworth band-pass filter (0.5 Hz-45 Hz); a mean filter,window,yes,yes,2 intruders
447_DenseNet201-3s-Mel4-Standing,568,447|DenseNet201 3s Mel4 Standing,447,DenseNet201 3s Mel4 Standing,ECG,one condition,low (one day),dl,13,13,-0.5767528973640305,converted EER,64.12,0.6412,0.6412,,included; accuracy missing and EER is a valid percentage,,,no reported uncertainty,,0,No parenthesized uncertainty was reported in the selected accuracy/EER field.,0.6412,0.5805762905507569,,,0,0,0,0,1,0,0,0,dl,CNN,intruders,one condition,low (one day),4s,4 min,Hexoskin Hx1,chest/torso,hybrid,,no,Downsampled to 200 Hz; trimmed moving average filter; a third order Butterworth band-pass filter (0.5 Hz-45 Hz); a mean filter,window,yes,yes,2 intruders
447_DenseNet201-3s-Mel10-Standing,569,447|DenseNet201 3s Mel10 Standing,447,DenseNet201 3s Mel10 Standing,ECG,one condition,low (one day),dl,13,13,-0.5767528973640305,converted EER,79.89,0.7989,0.7989,,included; accuracy missing and EER is a valid percentage,,,no reported uncertainty,,0,No parenthesized uncertainty was reported in the selected accuracy/EER field.,0.7989,1.3794334847093903,,,0,0,0,0,1,0,0,0,dl,CNN,intruders,one condition,low (one day),10s,4 min,Hexoskin Hx1,chest/torso,hybrid,,no,Downsampled to 200 Hz; trimmed moving average filter; a third order Butterworth band-pass filter (0.5 Hz-45 Hz); a mean filter,window,yes,yes,2 intruders
447_DenseNet201-5s-Sc2-Standing,570,447|DenseNet201 5s Sc2 Standing,447,DenseNet201 5s Sc2 Standing,ECG,one condition,low (one day),dl,13,13,-0.5767528973640305,converted EER,82.78999999999999,0.8279,0.8279,,included; accuracy missing and EER is a valid percentage,,,no reported uncertainty,,0,No parenthesized uncertainty was reported in the selected accuracy/EER field.,0.8279,1.5708166709272662,,,0,0,0,0,1,0,0,0,dl,CNN,intruders,one condition,low (one day),2s,4 min,Hexoskin Hx1,chest/torso,hybrid,,no,Downsampled to 200 Hz; trimmed moving average filter; a third order Butterworth band-pass filter (0.5 Hz-45 Hz); a mean filter,window,yes,yes,2 intruders
447_DenseNet201-5s-Sc4-Standing,571,447|DenseNet201 5s Sc4 Standing,447,DenseNet201 5s Sc4 Standing,ECG,one condition,low (one day),dl,13,13,-0.5767528973640305,converted EER,99.51,0.9951000000000001,0.9951000000000001,,included; accuracy missing and EER is a valid percentage,,,no reported uncertainty,,0,No parenthesized uncertainty was reported in the selected accuracy/EER field.,0.9951000000000001,5.313608029504556,,,0,0,0,0,1,0,0,0,dl,CNN,intruders,one condition,low (one day),4s,4 min,Hexoskin Hx1,chest/torso,hybrid,,no,Downsampled to 200 Hz; trimmed moving average filter; a third order Butterworth band-pass filter (0.5 Hz-45 Hz); a mean filter,window,yes,yes,2 intruders
447_DenseNet201-5s-Sc10-Standing,572,447|DenseNet201 5s Sc10 Standing,447,DenseNet201 5s Sc10 Standing,ECG,one condition,low (one day),dl,13,13,-0.5767528973640305,converted EER,93.21,0.9320999999999999,0.9320999999999999,,included; accuracy missing and EER is a valid percentage,,,no reported uncertainty,,0,No parenthesized uncertainty was reported in the selected accuracy/EER field.,0.9320999999999999,2.6194040705024597,,,0,0,0,0,1,0,0,0,dl,CNN,intruders,one condition,low (one day),10s,4 min,Hexoskin Hx1,chest/torso,hybrid,,no,Downsampled to 200 Hz; trimmed moving average filter; a third order Butterworth band-pass filter (0.5 Hz-45 Hz); a mean filter,window,yes,yes,2 intruders
447_DenseNet201-5s-Sp2-Standing,573,447|DenseNet201 5s Sp2 Standing,447,DenseNet201 5s Sp2 Standing,ECG,one condition,low (one day),dl,13,13,-0.5767528973640305,converted EER,71.02,0.7101999999999999,0.7101999999999999,,included; accuracy missing and EER is a valid percentage,,,no reported uncertainty,,0,No parenthesized uncertainty was reported in the selected accuracy/EER field.,0.7101999999999999,0.8963555906224052,,,0,0,0,0,1,0,0,0,dl,CNN,intruders,one condition,low (one day),2s,4 min,Hexoskin Hx1,chest/torso,hybrid,,no,Downsampled to 200 Hz; trimmed moving average filter; a third order Butterworth band-pass filter (0.5 Hz-45 Hz); a mean filter,window,yes,yes,2 intruders
447_DenseNet201-5s-Sp4-Standing,574,447|DenseNet201 5s Sp4 Standing,447,DenseNet201 5s Sp4 Standing,ECG,one condition,low (one day),dl,13,13,-0.5767528973640305,converted EER,81.37,0.8137000000000001,0.8137000000000001,,included; accuracy missing and EER is a valid percentage,,,no reported uncertainty,,0,No parenthesized uncertainty was reported in the selected accuracy/EER field.,0.8137000000000001,1.4742334700950694,,,0,0,0,0,1,0,0,0,dl,CNN,intruders,one condition,low (one day),4s,4 min,Hexoskin Hx1,chest/torso,hybrid,,no,Downsampled to 200 Hz; trimmed moving average filter; a third order Butterworth band-pass filter (0.5 Hz-45 Hz); a mean filter,window,yes,yes,2 intruders
447_DenseNet201-5s-Sp10-Standing,575,447|DenseNet201 5s Sp10 Standing,447,DenseNet201 5s Sp10 Standing,ECG,one condition,low (one day),dl,13,13,-0.5767528973640305,converted EER,94.44,0.9444,0.9444,,included; accuracy missing and EER is a valid percentage,,,no reported uncertainty,,0,No parenthesized uncertainty was reported in the selected accuracy/EER field.,0.9444,2.8323666039548216,,,0,0,0,0,1,0,0,0,dl,CNN,intruders,one condition,low (one day),10s,4 min,Hexoskin Hx1,chest/torso,hybrid,,no,Downsampled to 200 Hz; trimmed moving average filter; a third order Butterworth band-pass filter (0.5 Hz-45 Hz); a mean filter,window,yes,yes,2 intruders
447_DenseNet201-5s-Mel2-Standing,576,447|DenseNet201 5s Mel2 Standing,447,DenseNet201 5s Mel2 Standing,ECG,one condition,low (one day),dl,13,13,-0.5767528973640305,converted EER,63.38,0.6338,0.6338,,included; accuracy missing and EER is a valid percentage,,,no reported uncertainty,,0,No parenthesized uncertainty was reported in the selected accuracy/EER field.,0.6338,0.5485538150164101,,,0,0,0,0,1,0,0,0,dl,CNN,intruders,one condition,low (one day),2s,4 min,Hexoskin Hx1,chest/torso,hybrid,,no,Downsampled to 200 Hz; trimmed moving average filter; a third order Butterworth band-pass filter (0.5 Hz-45 Hz); a mean filter,window,yes,yes,2 intruders
447_DenseNet201-5s-Mel4-Standing,577,447|DenseNet201 5s Mel4 Standing,447,DenseNet201 5s Mel4 Standing,ECG,one condition,low (one day),dl,13,13,-0.5767528973640305,converted EER,66.82,0.6681999999999999,0.6681999999999999,,included; accuracy missing and EER is a valid percentage,,,no reported uncertainty,,0,No parenthesized uncertainty was reported in the selected accuracy/EER field.,0.6681999999999999,0.7000551521663118,,,0,0,0,0,1,0,0,0,dl,CNN,intruders,one condition,low (one day),4s,4 min,Hexoskin Hx1,chest/torso,hybrid,,no,Downsampled to 200 Hz; trimmed moving average filter; a third order Butterworth band-pass filter (0.5 Hz-45 Hz); a mean filter,window,yes,yes,2 intruders
447_DenseNet201-5s-Mel10-Standing,578,447|DenseNet201 5s Mel10 Standing,447,DenseNet201 5s Mel10 Standing,ECG,one condition,low (one day),dl,13,13,-0.5767528973640305,converted EER,81.52,0.8151999999999999,0.8151999999999999,,included; accuracy missing and EER is a valid percentage,,,no reported uncertainty,,0,No parenthesized uncertainty was reported in the selected accuracy/EER field.,0.8151999999999999,1.4841593227009306,,,0,0,0,0,1,0,0,0,dl,CNN,intruders,one condition,low (one day),10s,4 min,Hexoskin Hx1,chest/torso,hybrid,,no,Downsampled to 200 Hz; trimmed moving average filter; a third order Butterworth band-pass filter (0.5 Hz-45 Hz); a mean filter,window,yes,yes,2 intruders
447_DenseNet201-1s-Sc2-walking,579,447|DenseNet201 1s Sc2 walking,447,DenseNet201 1s Sc2 walking,ECG,one condition,low (one day),dl,13,13,-0.5767528973640305,converted EER,75.44,0.7544,0.7544,,included; accuracy missing and EER is a valid percentage,,,no reported uncertainty,,0,No parenthesized uncertainty was reported in the selected accuracy/EER field.,0.7544,1.1222185350462601,,,0,0,0,0,1,0,0,0,dl,CNN,intruders,one condition,low (one day),2s,4 min,Hexoskin Hx1,chest/torso,hybrid,,no,Downsampled to 200 Hz; trimmed moving average filter; a third order Butterworth band-pass filter (0.5 Hz-45 Hz); a mean filter,window,yes,yes,2 intruders
447_DenseNet201-1s-Sc4-walking,580,447|DenseNet201 1s Sc4 walking,447,DenseNet201 1s Sc4 walking,ECG,one condition,low (one day),dl,13,13,-0.5767528973640305,converted EER,94.36,0.9436,0.9436,,included; accuracy missing and EER is a valid percentage,,,no reported uncertainty,,0,No parenthesized uncertainty was reported in the selected accuracy/EER field.,0.9436,2.8172331890295066,,,0,0,0,0,1,0,0,0,dl,CNN,intruders,one condition,low (one day),4s,4 min,Hexoskin Hx1,chest/torso,hybrid,,no,Downsampled to 200 Hz; trimmed moving average filter; a third order Butterworth band-pass filter (0.5 Hz-45 Hz); a mean filter,window,yes,yes,2 intruders
447_DenseNet201-1s-Sc10-walking,581,447|DenseNet201 1s Sc10 walking,447,DenseNet201 1s Sc10 walking,ECG,one condition,low (one day),dl,13,13,-0.5767528973640305,converted EER,80.43,0.8043,0.8043,,included; accuracy missing and EER is a valid percentage,,,no reported uncertainty,,0,No parenthesized uncertainty was reported in the selected accuracy/EER field.,0.8043,1.413389459507993,,,0,0,0,0,1,0,0,0,dl,CNN,intruders,one condition,low (one day),10s,4 min,Hexoskin Hx1,chest/torso,hybrid,,no,Downsampled to 200 Hz; trimmed moving average filter; a third order Butterworth band-pass filter (0.5 Hz-45 Hz); a mean filter,window,yes,yes,2 intruders
447_DenseNet201-1s-Sp2-walking,582,447|DenseNet201 1s Sp2 walking,447,DenseNet201 1s Sp2 walking,ECG,one condition,low (one day),dl,13,13,-0.5767528973640305,converted EER,68.09,0.6809000000000001,0.6809000000000001,,included; accuracy missing and EER is a valid percentage,,,no reported uncertainty,,0,No parenthesized uncertainty was reported in the selected accuracy/EER field.,0.6809000000000001,0.7579109192047235,,,0,0,0,0,1,0,0,0,dl,CNN,intruders,one condition,low (one day),2s,4 min,Hexoskin Hx1,chest/torso,hybrid,,no,Downsampled to 200 Hz; trimmed moving average filter; a third order Butterworth band-pass filter (0.5 Hz-45 Hz); a mean filter,window,yes,yes,2 intruders
447_DenseNet201-1s-Sp4-walking,583,447|DenseNet201 1s Sp4 walking,447,DenseNet201 1s Sp4 walking,ECG,one condition,low (one day),dl,13,13,-0.5767528973640305,converted EER,72.34,0.7234,0.7234,,included; accuracy missing and EER is a valid percentage,,,no reported uncertainty,,0,No parenthesized uncertainty was reported in the selected accuracy/EER field.,0.7234,0.96138990028734,,,0,0,0,0,1,0,0,0,dl,CNN,intruders,one condition,low (one day),4s,4 min,Hexoskin Hx1,chest/torso,hybrid,,no,Downsampled to 200 Hz; trimmed moving average filter; a third order Butterworth band-pass filter (0.5 Hz-45 Hz); a mean filter,window,yes,yes,2 intruders
447_DenseNet201-1s-Sp10-walking,584,447|DenseNet201 1s Sp10 walking,447,DenseNet201 1s Sp10 walking,ECG,one condition,low (one day),dl,13,13,-0.5767528973640305,converted EER,78.14,0.7814,0.7814,,included; accuracy missing and EER is a valid percentage,,,no reported uncertainty,,0,No parenthesized uncertainty was reported in the selected accuracy/EER field.,0.7814,1.273843606878532,,,0,0,0,0,1,0,0,0,dl,CNN,intruders,one condition,low (one day),10s,4 min,Hexoskin Hx1,chest/torso,hybrid,,no,Downsampled to 200 Hz; trimmed moving average filter; a third order Butterworth band-pass filter (0.5 Hz-45 Hz); a mean filter,window,yes,yes,2 intruders
447_DenseNet201-1s-Mel2-walking,585,447|DenseNet201 1s Mel2 walking,447,DenseNet201 1s Mel2 walking,ECG,one condition,low (one day),dl,13,13,-0.5767528973640305,converted EER,60.99,0.6099,0.6099,,included; accuracy missing and EER is a valid percentage,,,no reported uncertainty,,0,No parenthesized uncertainty was reported in the selected accuracy/EER field.,0.6099,0.4468918927897998,,,0,0,0,0,1,0,0,0,dl,CNN,intruders,one condition,low (one day),2s,4 min,Hexoskin Hx1,chest/torso,hybrid,,no,Downsampled to 200 Hz; trimmed moving average filter; a third order Butterworth band-pass filter (0.5 Hz-45 Hz); a mean filter,window,yes,yes,2 intruders
447_DenseNet201-1s-Mel4-walking,586,447|DenseNet201 1s Mel4 walking,447,DenseNet201 1s Mel4 walking,ECG,one condition,low (one day),dl,13,13,-0.5767528973640305,converted EER,61.76,0.6175999999999999,0.6175999999999999,,included; accuracy missing and EER is a valid percentage,,,no reported uncertainty,,0,No parenthesized uncertainty was reported in the selected accuracy/EER field.,0.6175999999999999,0.47937381753331987,,,0,0,0,0,1,0,0,0,dl,CNN,intruders,one condition,low (one day),4s,4 min,Hexoskin Hx1,chest/torso,hybrid,,no,Downsampled to 200 Hz; trimmed moving average filter; a third order Butterworth band-pass filter (0.5 Hz-45 Hz); a mean filter,window,yes,yes,2 intruders
447_DenseNet201-1s-Mel10-walking,587,447|DenseNet201 1s Mel10 walking,447,DenseNet201 1s Mel10 walking,ECG,one condition,low (one day),dl,13,13,-0.5767528973640305,converted EER,75.27,0.7526999999999999,0.7526999999999999,,included; accuracy missing and EER is a valid percentage,,,no reported uncertainty,,0,No parenthesized uncertainty was reported in the selected accuracy/EER field.,0.7526999999999999,1.1130645675131152,,,0,0,0,0,1,0,0,0,dl,CNN,intruders,one condition,low (one day),10s,4 min,Hexoskin Hx1,chest/torso,hybrid,,no,Downsampled to 200 Hz; trimmed moving average filter; a third order Butterworth band-pass filter (0.5 Hz-45 Hz); a mean filter,window,yes,yes,2 intruders
447_DenseNet201-3s-Sc2-walking,588,447|DenseNet201 3s Sc2 walking,447,DenseNet201 3s Sc2 walking,ECG,one condition,low (one day),dl,13,13,-0.5767528973640305,converted EER,75.59,0.7559,0.7559,,included; accuracy missing and EER is a valid percentage,,,no reported uncertainty,,0,No parenthesized uncertainty was reported in the selected accuracy/EER field.,0.7559,1.1303311148992168,,,0,0,0,0,1,0,0,0,dl,CNN,intruders,one condition,low (one day),2s,4 min,Hexoskin Hx1,chest/torso,hybrid,,no,Downsampled to 200 Hz; trimmed moving average filter; a third order Butterworth band-pass filter (0.5 Hz-45 Hz); a mean filter,window,yes,yes,2 intruders
447_DenseNet201-3s-Sc4-walking,589,447|DenseNet201 3s Sc4 walking,447,DenseNet201 3s Sc4 walking,ECG,one condition,low (one day),dl,13,13,-0.5767528973640305,converted EER,93.38,0.9338,0.9338,,included; accuracy missing and EER is a valid percentage,,,no reported uncertainty,,0,No parenthesized uncertainty was reported in the selected accuracy/EER field.,0.9338,2.6465818195938735,,,0,0,0,0,1,0,0,0,dl,CNN,intruders,one condition,low (one day),4s,4 min,Hexoskin Hx1,chest/torso,hybrid,,no,Downsampled to 200 Hz; trimmed moving average filter; a third order Butterworth band-pass filter (0.5 Hz-45 Hz); a mean filter,window,yes,yes,2 intruders
447_DenseNet201-3s-Sc10-walking,590,447|DenseNet201 3s Sc10 walking,447,DenseNet201 3s Sc10 walking,ECG,one condition,low (one day),dl,13,13,-0.5767528973640305,converted EER,82.07,0.8207,0.8207,,included; accuracy missing and EER is a valid percentage,,,no reported uncertainty,,0,No parenthesized uncertainty was reported in the selected accuracy/EER field.,0.8207,1.5210972540245786,,,0,0,0,0,1,0,0,0,dl,CNN,intruders,one condition,low (one day),10s,4 min,Hexoskin Hx1,chest/torso,hybrid,,no,Downsampled to 200 Hz; trimmed moving average filter; a third order Butterworth band-pass filter (0.5 Hz-45 Hz); a mean filter,window,yes,yes,2 intruders
447_DenseNet201-3s-Sp2-walking,591,447|DenseNet201 3s Sp2 walking,447,DenseNet201 3s Sp2 walking,ECG,one condition,low (one day),dl,13,13,-0.5767528973640305,converted EER,69.41,0.6940999999999999,0.6940999999999999,,included; accuracy missing and EER is a valid percentage,,,no reported uncertainty,,0,No parenthesized uncertainty was reported in the selected accuracy/EER field.,0.6940999999999999,0.8193577911886799,,,0,0,0,0,1,0,0,0,dl,CNN,intruders,one condition,low (one day),2s,4 min,Hexoskin Hx1,chest/torso,hybrid,,no,Downsampled to 200 Hz; trimmed moving average filter; a third order Butterworth band-pass filter (0.5 Hz-45 Hz); a mean filter,window,yes,yes,2 intruders
447_DenseNet201-3s-Sp4-walking,592,447|DenseNet201 3s Sp4 walking,447,DenseNet201 3s Sp4 walking,ECG,one condition,low (one day),dl,13,13,-0.5767528973640305,converted EER,71.26,0.7126,0.7126,,included; accuracy missing and EER is a valid percentage,,,no reported uncertainty,,0,No parenthesized uncertainty was reported in the selected accuracy/EER field.,0.7126,0.9080452795268112,,,0,0,0,0,1,0,0,0,dl,CNN,intruders,one condition,low (one day),4s,4 min,Hexoskin Hx1,chest/torso,hybrid,,no,Downsampled to 200 Hz; trimmed moving average filter; a third order Butterworth band-pass filter (0.5 Hz-45 Hz); a mean filter,window,yes,yes,2 intruders
447_DenseNet201-3s-Sp10-walking,593,447|DenseNet201 3s Sp10 walking,447,DenseNet201 3s Sp10 walking,ECG,one condition,low (one day),dl,13,13,-0.5767528973640305,converted EER,79.77,0.7977,0.7977,,included; accuracy missing and EER is a valid percentage,,,no reported uncertainty,,0,No parenthesized uncertainty was reported in the selected accuracy/EER field.,0.7977,1.371980842743384,,,0,0,0,0,1,0,0,0,dl,CNN,intruders,one condition,low (one day),10s,4 min,Hexoskin Hx1,chest/torso,hybrid,,no,Downsampled to 200 Hz; trimmed moving average filter; a third order Butterworth band-pass filter (0.5 Hz-45 Hz); a mean filter,window,yes,yes,2 intruders
447_DenseNet201-3s-Mel2-walking,594,447|DenseNet201 3s Mel2 walking,447,DenseNet201 3s Mel2 walking,ECG,one condition,low (one day),dl,13,13,-0.5767528973640305,converted EER,61.76,0.6175999999999999,0.6175999999999999,,included; accuracy missing and EER is a valid percentage,,,no reported uncertainty,,0,No parenthesized uncertainty was reported in the selected accuracy/EER field.,0.6175999999999999,0.47937381753331987,,,0,0,0,0,1,0,0,0,dl,CNN,intruders,one condition,low (one day),2s,4 min,Hexoskin Hx1,chest/torso,hybrid,,no,Downsampled to 200 Hz; trimmed moving average filter; a third order Butterworth band-pass filter (0.5 Hz-45 Hz); a mean filter,window,yes,yes,2 intruders
447_DenseNet201-3s-Mel4-walking,595,447|DenseNet201 3s Mel4 walking,447,DenseNet201 3s Mel4 walking,ECG,one condition,low (one day),dl,13,13,-0.5767528973640305,converted EER,63.02,0.6302,0.6302,,included; accuracy missing and EER is a valid percentage,,,no reported uncertainty,,0,No parenthesized uncertainty was reported in the selected accuracy/EER field.,0.6302,0.5330749103701498,,,0,0,0,0,1,0,0,0,dl,CNN,intruders,one condition,low (one day),4s,4 min,Hexoskin Hx1,chest/torso,hybrid,,no,Downsampled to 200 Hz; trimmed moving average filter; a third order Butterworth band-pass filter (0.5 Hz-45 Hz); a mean filter,window,yes,yes,2 intruders
447_DenseNet201-3s-Mel10-walking,596,447|DenseNet201 3s Mel10 walking,447,DenseNet201 3s Mel10 walking,ECG,one condition,low (one day),dl,13,13,-0.5767528973640305,converted EER,77.4,0.774,0.774,,included; accuracy missing and EER is a valid percentage,,,no reported uncertainty,,0,No parenthesized uncertainty was reported in the selected accuracy/EER field.,0.774,1.2310368743174414,,,0,0,0,0,1,0,0,0,dl,CNN,intruders,one condition,low (one day),10s,4 min,Hexoskin Hx1,chest/torso,hybrid,,no,Downsampled to 200 Hz; trimmed moving average filter; a third order Butterworth band-pass filter (0.5 Hz-45 Hz); a mean filter,window,yes,yes,2 intruders
447_DenseNet201-5s-Sc2-walking,597,447|DenseNet201 5s Sc2 walking,447,DenseNet201 5s Sc2 walking,ECG,one condition,low (one day),dl,13,13,-0.5767528973640305,converted EER,77.21000000000001,0.7721000000000001,0.7721000000000001,,included; accuracy missing and EER is a valid percentage,,,no reported uncertainty,,0,No parenthesized uncertainty was reported in the selected accuracy/EER field.,0.7721000000000001,1.2202071390631322,,,0,0,0,0,1,0,0,0,dl,CNN,intruders,one condition,low (one day),2s,4 min,Hexoskin Hx1,chest/torso,hybrid,,no,Downsampled to 200 Hz; trimmed moving average filter; a third order Butterworth band-pass filter (0.5 Hz-45 Hz); a mean filter,window,yes,yes,2 intruders
447_DenseNet201-5s-Sc4-walking,598,447|DenseNet201 5s Sc4 walking,447,DenseNet201 5s Sc4 walking,ECG,one condition,low (one day),dl,13,13,-0.5767528973640305,converted EER,93.14,0.9314,0.9314,,included; accuracy missing and EER is a valid percentage,,,no reported uncertainty,,0,No parenthesized uncertainty was reported in the selected accuracy/EER field.,0.9314,2.6083962958164375,,,0,0,0,0,1,0,0,0,dl,CNN,intruders,one condition,low (one day),4s,4 min,Hexoskin Hx1,chest/torso,hybrid,,no,Downsampled to 200 Hz; trimmed moving average filter; a third order Butterworth band-pass filter (0.5 Hz-45 Hz); a mean filter,window,yes,yes,2 intruders
447_DenseNet201-5s-Sc10-walking,599,447|DenseNet201 5s Sc10 walking,447,DenseNet201 5s Sc10 walking,ECG,one condition,low (one day),dl,13,13,-0.5767528973640305,converted EER,82.03999999999999,0.8203999999999999,0.8203999999999999,,included; accuracy missing and EER is a valid percentage,,,no reported uncertainty,,0,No parenthesized uncertainty was reported in the selected accuracy/EER field.,0.8203999999999999,1.5190598703301257,,,0,0,0,0,1,0,0,0,dl,CNN,intruders,one condition,low (one day),10s,4 min,Hexoskin Hx1,chest/torso,hybrid,,no,Downsampled to 200 Hz; trimmed moving average filter; a third order Butterworth band-pass filter (0.5 Hz-45 Hz); a mean filter,window,yes,yes,2 intruders
447_DenseNet201-5s-Sp2-walking,600,447|DenseNet201 5s Sp2 walking,447,DenseNet201 5s Sp2 walking,ECG,one condition,low (one day),dl,13,13,-0.5767528973640305,converted EER,68.82,0.6881999999999999,0.6881999999999999,,included; accuracy missing and EER is a valid percentage,,,no reported uncertainty,,0,No parenthesized uncertainty was reported in the selected accuracy/EER field.,0.6881999999999999,0.7917175367397035,,,0,0,0,0,1,0,0,0,dl,CNN,intruders,one condition,low (one day),2s,4 min,Hexoskin Hx1,chest/torso,hybrid,,no,Downsampled to 200 Hz; trimmed moving average filter; a third order Butterworth band-pass filter (0.5 Hz-45 Hz); a mean filter,window,yes,yes,2 intruders
447_DenseNet201-5s-Sp4-walking,601,447|DenseNet201 5s Sp4 walking,447,DenseNet201 5s Sp4 walking,ECG,one condition,low (one day),dl,13,13,-0.5767528973640305,converted EER,72.35,0.7234999999999999,0.7234999999999999,,included; accuracy missing and EER is a valid percentage,,,no reported uncertainty,,0,No parenthesized uncertainty was reported in the selected accuracy/EER field.,0.7234999999999999,0.9618897251091486,,,0,0,0,0,1,0,0,0,dl,CNN,intruders,one condition,low (one day),4s,4 min,Hexoskin Hx1,chest/torso,hybrid,,no,Downsampled to 200 Hz; trimmed moving average filter; a third order Butterworth band-pass filter (0.5 Hz-45 Hz); a mean filter,window,yes,yes,2 intruders
447_DenseNet201-5s-Sp10-walking,602,447|DenseNet201 5s Sp10 walking,447,DenseNet201 5s Sp10 walking,ECG,one condition,low (one day),dl,13,13,-0.5767528973640305,converted EER,79.23,0.7923,0.7923,,included; accuracy missing and EER is a valid percentage,,,no reported uncertainty,,0,No parenthesized uncertainty was reported in the selected accuracy/EER field.,0.7923,1.3388453770891295,,,0,0,0,0,1,0,0,0,dl,CNN,intruders,one condition,low (one day),10s,4 min,Hexoskin Hx1,chest/torso,hybrid,,no,Downsampled to 200 Hz; trimmed moving average filter; a third order Butterworth band-pass filter (0.5 Hz-45 Hz); a mean filter,window,yes,yes,2 intruders
447_DenseNet201-5s-Mel2-walking,603,447|DenseNet201 5s Mel2 walking,447,DenseNet201 5s Mel2 walking,ECG,one condition,low (one day),dl,13,13,-0.5767528973640305,converted EER,61.03,0.6103000000000001,0.6103000000000001,,included; accuracy missing and EER is a valid percentage,,,no reported uncertainty,,0,No parenthesized uncertainty was reported in the selected accuracy/EER field.,0.6103000000000001,0.44857342720578597,,,0,0,0,0,1,0,0,0,dl,CNN,intruders,one condition,low (one day),2s,4 min,Hexoskin Hx1,chest/torso,hybrid,,no,Downsampled to 200 Hz; trimmed moving average filter; a third order Butterworth band-pass filter (0.5 Hz-45 Hz); a mean filter,window,yes,yes,2 intruders
447_DenseNet201-5s-Mel4-walking,604,447|DenseNet201 5s Mel4 walking,447,DenseNet201 5s Mel4 walking,ECG,one condition,low (one day),dl,13,13,-0.5767528973640305,converted EER,64.52000000000001,0.6452000000000001,0.6452000000000001,,included; accuracy missing and EER is a valid percentage,,,no reported uncertainty,,0,No parenthesized uncertainty was reported in the selected accuracy/EER field.,0.6452000000000001,0.5980060958156299,,,0,0,0,0,1,0,0,0,dl,CNN,intruders,one condition,low (one day),4s,4 min,Hexoskin Hx1,chest/torso,hybrid,,no,Downsampled to 200 Hz; trimmed moving average filter; a third order Butterworth band-pass filter (0.5 Hz-45 Hz); a mean filter,window,yes,yes,2 intruders
447_DenseNet201-5s-Mel10-walking,605,447|DenseNet201 5s Mel10 walking,447,DenseNet201 5s Mel10 walking,ECG,one condition,low (one day),dl,13,13,-0.5767528973640305,converted EER,79.01,0.7901,0.7901,,included; accuracy missing and EER is a valid percentage,,,no reported uncertainty,,0,No parenthesized uncertainty was reported in the selected accuracy/EER field.,0.7901,1.3255282929021004,,,0,0,0,0,1,0,0,0,dl,CNN,intruders,one condition,low (one day),10s,4 min,Hexoskin Hx1,chest/torso,hybrid,,no,Downsampled to 200 Hz; trimmed moving average filter; a third order Butterworth band-pass filter (0.5 Hz-45 Hz); a mean filter,window,yes,yes,2 intruders
445_445-0-1-A1,606,445|445.0.1 / A1,445,445.0.1 / A1,ECG,one condition,low (one day),kernel,11,11,-0.8563936854156399,direct accuracy,98.66,0.9865999999999999,0.9865999999999999,,included,,,no reported uncertainty,,0,No parenthesized uncertainty was reported in the selected accuracy/EER field.,0.9865999999999999,4.299009981842766,,,0,0,0,0,1,0,0,0,kernel,SVM,no intruders,one condition,low (one day),1HB,~12.5 min,Hexoskin Proshirt,chest/torso,handcrafted,,no,lowpass Butterworth filter (cut-off 30Hz); Fast Fourier Transform (FFT); inverse FFT to return ECG signal to the time domain,beat,no,yes,no unseen imposters
445_445-0-1-A2,607,445|445.0.1 / A2,445,445.0.1 / A2,ECG,one condition,low (one day),kernel,11,11,-0.8563936854156399,direct accuracy,98.1,0.981,0.981,,included,,,no reported uncertainty,,0,No parenthesized uncertainty was reported in the selected accuracy/EER field.,0.981,3.944133480398922,,,0,0,0,0,1,0,0,0,kernel,SVM,no intruders,one condition,low (one day),1HB,~12.5 min,Hexoskin Proshirt,chest/torso,handcrafted,,no,lowpass Butterworth filter (cut-off 30Hz); Fast Fourier Transform (FFT); inverse FFT to return ECG signal to the time domain,beat,no,yes,no unseen imposters
445_445-0-1-A3,608,445|445.0.1 / A3,445,445.0.1 / A3,ECG,one condition,low (one day),kernel,11,11,-0.8563936854156399,direct accuracy,98.73,0.9873000000000001,0.9873000000000001,,included,,,no reported uncertainty,,0,No parenthesized uncertainty was reported in the selected accuracy/EER field.,0.9873000000000001,4.353371951152864,,,0,0,0,0,1,0,0,0,kernel,SVM,no intruders,one condition,low (one day),1HB,~12.5 min,Hexoskin Proshirt,chest/torso,handcrafted,,no,lowpass Butterworth filter (cut-off 30Hz); Fast Fourier Transform (FFT); inverse FFT to return ECG signal to the time domain,beat,no,yes,no unseen imposters
445_445-0-1-B1,609,445|445.0.1 / B1,445,445.0.1 / B1,ECG,multiple conditions,low (one day),kernel,11,11,-0.8563936854156399,direct accuracy,88.16,0.8815999999999999,0.8815999999999999,,included,,,no reported uncertainty,,0,No parenthesized uncertainty was reported in the selected accuracy/EER field.,0.8815999999999999,2.007669715948744,,,0,0,0,0,1,0,0,0,kernel,SVM,no intruders,multiple conditions,low (one day),1HB,~12.5 min,Hexoskin Proshirt,chest/torso,handcrafted,,no,lowpass Butterworth filter (cut-off 30Hz); Fast Fourier Transform (FFT); inverse FFT to return ECG signal to the time domain,beat,no,yes,no unseen imposters
445_445-0-1-B2,610,445|445.0.1 / B2,445,445.0.1 / B2,ECG,multiple conditions,low (one day),kernel,11,11,-0.8563936854156399,direct accuracy,92.81,0.9281,0.9281,,included,,,no reported uncertainty,,0,No parenthesized uncertainty was reported in the selected accuracy/EER field.,0.9281,2.5578632208743466,,,0,0,0,0,1,0,0,0,kernel,SVM,no intruders,multiple conditions,low (one day),1HB,~12.5 min,Hexoskin Proshirt,chest/torso,handcrafted,,no,lowpass Butterworth filter (cut-off 30Hz); Fast Fourier Transform (FFT); inverse FFT to return ECG signal to the time domain,beat,no,yes,no unseen imposters
445_445-0-1-C,611,445|445.0.1 / C,445,445.0.1 / C,ECG,multiple conditions,low (one day),kernel,11,11,-0.8563936854156399,direct accuracy,98.81,0.9881,0.9881,,included,,,no reported uncertainty,,0,No parenthesized uncertainty was reported in the selected accuracy/EER field.,0.9881,4.419245507083431,,,0,0,0,0,1,0,0,0,kernel,SVM,no intruders,multiple conditions,low (one day),1HB,~12.5 min,Hexoskin Proshirt,chest/torso,handcrafted,,no,lowpass Butterworth filter (cut-off 30Hz); Fast Fourier Transform (FFT); inverse FFT to return ECG signal to the time domain,beat,no,yes,no unseen imposters
486_486-0-1-Exp-2-Bior1-1-D1,612,486|486.0.1 / Exp 2 Bior1.1 D1,486,486.0.1 / Exp 2 Bior1.1 D1,PPG,everyday activities,low (one day),dl,30,30,0.8230875014240396,converted EER,67.72999999999999,0.6772999999999999,0.6772999999999999,,included; accuracy missing and EER is a valid percentage,,,no reported uncertainty,,0,No parenthesized uncertainty was reported in the selected accuracy/EER field.,0.6772999999999999,0.7413912071629414,,,0,0,0,0,0,1,0,0,dl,FF-NN,,everyday activities,low (one day),3s,,Microsoft Band 2,wrist,handcrafted,low,no,"biorthogonal wavelet decomposition (detail of coefficient sub-band 1, Bior 1.1)",window,no,yes,10 patients 20 non-patients?
486_486-0-1-Exp-2-Bior1-1-A1,613,486|486.0.1 / Exp 2 Bior1.1 A1,486,486.0.1 / Exp 2 Bior1.1 A1,PPG,everyday activities,low (one day),dl,30,30,0.8230875014240396,converted EER,68.46000000000001,0.6846000000000001,0.6846000000000001,,included; accuracy missing and EER is a valid percentage,,,no reported uncertainty,,0,No parenthesized uncertainty was reported in the selected accuracy/EER field.,0.6846000000000001,0.7749930515671474,,,0,0,0,0,0,1,0,0,dl,FF-NN,,everyday activities,low (one day),3s,,Microsoft Band 2,wrist,handcrafted,low,no,"biorthogonal wavelet decomposition (approximation of coefficient sub-band 1, Bior 1.1)",window,no,yes,10 patients 20 non-patients?
486_486-0-1-Exp-2-Bior1-1-D2,614,486|486.0.1 / Exp 2 Bior1.1 D2,486,486.0.1 / Exp 2 Bior1.1 D2,PPG,everyday activities,low (one day),dl,30,30,0.8230875014240396,converted EER,67.78999999999999,0.6779,0.6779,,included; accuracy missing and EER is a valid percentage,,,no reported uncertainty,,0,No parenthesized uncertainty was reported in the selected accuracy/EER field.,0.6779,0.7441377280997666,,,0,0,0,0,0,1,0,0,dl,FF-NN,,everyday activities,low (one day),3s,,Microsoft Band 2,wrist,handcrafted,low,no,"biorthogonal wavelet decomposition (detail of coefficient sub-band 2, Bior 1.1)",window,no,yes,10 patients 20 non-patients?
486_486-0-1-Exp-2-Bior1-1-A2,615,486|486.0.1 / Exp 2 Bior1.1 A2,486,486.0.1 / Exp 2 Bior1.1 A2,PPG,everyday activities,low (one day),dl,30,30,0.8230875014240396,converted EER,67.69,0.6769,0.6769,,included; accuracy missing and EER is a valid percentage,,,no reported uncertainty,,0,No parenthesized uncertainty was reported in the selected accuracy/EER field.,0.6769,0.7395616786841092,,,0,0,0,0,0,1,0,0,dl,FF-NN,,everyday activities,low (one day),3s,,Microsoft Band 2,wrist,handcrafted,low,no,"biorthogonal wavelet decomposition (approximation of coefficient sub-band 2, Bior 1.1)",window,no,yes,10 patients 20 non-patients?
486_486-0-1-Exp-2-Bior1-1-D3,616,486|486.0.1 / Exp 2 Bior1.1 D3,486,486.0.1 / Exp 2 Bior1.1 D3,PPG,everyday activities,low (one day),dl,30,30,0.8230875014240396,converted EER,83.59,0.8359000000000001,0.8359000000000001,,included; accuracy missing and EER is a valid percentage,,,no reported uncertainty,,0,No parenthesized uncertainty was reported in the selected accuracy/EER field.,0.8359000000000001,1.6280329906090658,,,0,0,0,0,0,1,0,0,dl,FF-NN,,everyday activities,low (one day),3s,,Microsoft Band 2,wrist,handcrafted,low,no,"biorthogonal wavelet decomposition (detail of coefficient sub-band 3, Bior 1.1)",window,no,yes,10 patients 20 non-patients?
486_486-0-1-Exp-2-Bior1-1-A3,617,486|486.0.1 / Exp 2 Bior1.1 A3,486,486.0.1 / Exp 2 Bior1.1 A3,PPG,everyday activities,low (one day),dl,30,30,0.8230875014240396,converted EER,83.34,0.8334,0.8334,,included; accuracy missing and EER is a valid percentage,,,no reported uncertainty,,0,No parenthesized uncertainty was reported in the selected accuracy/EER field.,0.8334,1.609917989255611,,,0,0,0,0,0,1,0,0,dl,FF-NN,,everyday activities,low (one day),3s,,Microsoft Band 2,wrist,handcrafted,low,no,"biorthogonal wavelet decomposition (approximation of coefficient sub-band 3, Bior 1.1)",window,no,yes,10 patients 20 non-patients?
486_486-0-1-Exp-2-Bior1-3-D1,618,486|486.0.1 / Exp 2 Bior1.3 D1,486,486.0.1 / Exp 2 Bior1.3 D1,PPG,everyday activities,low (one day),dl,30,30,0.8230875014240396,converted EER,68.98,0.6898000000000001,0.6898000000000001,,included; accuracy missing and EER is a valid percentage,,,no reported uncertainty,,0,No parenthesized uncertainty was reported in the selected accuracy/EER field.,0.6898000000000001,0.7991844497603025,,,0,0,0,0,0,1,0,0,dl,FF-NN,,everyday activities,low (one day),3s,,Microsoft Band 2,wrist,handcrafted,low,no,"biorthogonal wavelet decomposition (detail of coefficient sub-band 1, Bior 1.3)",window,no,yes,10 patients 20 non-patients?
486_486-0-1-Exp-2-Bior1-3-A1,619,486|486.0.1 / Exp 2 Bior1.3 A1,486,486.0.1 / Exp 2 Bior1.3 A1,PPG,everyday activities,low (one day),dl,30,30,0.8230875014240396,converted EER,68.23,0.6823,0.6823,,included; accuracy missing and EER is a valid percentage,,,no reported uncertainty,,0,No parenthesized uncertainty was reported in the selected accuracy/EER field.,0.6823,0.7643619025459075,,,0,0,0,0,0,1,0,0,dl,FF-NN,,everyday activities,low (one day),3s,,Microsoft Band 2,wrist,handcrafted,low,no,"biorthogonal wavelet decomposition (approximation of coefficient sub-band 1, Bior 1.3)",window,no,yes,10 patients 20 non-patients?
486_486-0-1-Exp-2-Bior1-3-D2,620,486|486.0.1 / Exp 2 Bior1.3 D2,486,486.0.1 / Exp 2 Bior1.3 D2,PPG,everyday activities,low (one day),dl,30,30,0.8230875014240396,converted EER,66.49000000000001,0.6649,0.6649,,included; accuracy missing and EER is a valid percentage,,,no reported uncertainty,,0,No parenthesized uncertainty was reported in the selected accuracy/EER field.,0.6649,0.6852076586651448,,,0,0,0,0,0,1,0,0,dl,FF-NN,,everyday activities,low (one day),3s,,Microsoft Band 2,wrist,handcrafted,low,no,"biorthogonal wavelet decomposition (detail of coefficient sub-band 2, Bior 1.3)",window,no,yes,10 patients 20 non-patients?
486_486-0-1-Exp-2-Bior1-3-A2,621,486|486.0.1 / Exp 2 Bior1.3 A2,486,486.0.1 / Exp 2 Bior1.3 A2,PPG,everyday activities,low (one day),dl,30,30,0.8230875014240396,converted EER,70.2,0.7020000000000001,0.7020000000000001,,included; accuracy missing and EER is a valid percentage,,,no reported uncertainty,,0,No parenthesized uncertainty was reported in the selected accuracy/EER field.,0.7020000000000001,0.8568399175204071,,,0,0,0,0,0,1,0,0,dl,FF-NN,,everyday activities,low (one day),3s,,Microsoft Band 2,wrist,handcrafted,low,no,"biorthogonal wavelet decomposition (approximation of coefficient sub-band 2, Bior 1.3)",window,no,yes,10 patients 20 non-patients?
486_486-0-1-Exp-2-Bior1-3-D3,622,486|486.0.1 / Exp 2 Bior1.3 D3,486,486.0.1 / Exp 2 Bior1.3 D3,PPG,everyday activities,low (one day),dl,30,30,0.8230875014240396,converted EER,83.21000000000001,0.8321000000000001,0.8321000000000001,,included; accuracy missing and EER is a valid percentage,,,no reported uncertainty,,0,No parenthesized uncertainty was reported in the selected accuracy/EER field.,0.8321000000000001,1.6005840618228895,,,0,0,0,0,0,1,0,0,dl,FF-NN,,everyday activities,low (one day),3s,,Microsoft Band 2,wrist,handcrafted,low,no,"biorthogonal wavelet decomposition (detail of coefficient sub-band 3, Bior 1.3)",window,no,yes,10 patients 20 non-patients?
486_486-0-1-Exp-2-Bior1-3-A3,623,486|486.0.1 / Exp 2 Bior1.3 A3,486,486.0.1 / Exp 2 Bior1.3 A3,PPG,everyday activities,low (one day),dl,30,30,0.8230875014240396,converted EER,83.44,0.8344,0.8344,,included; accuracy missing and EER is a valid percentage,,,no reported uncertainty,,0,No parenthesized uncertainty was reported in the selected accuracy/EER field.,0.8344,1.6171376617354036,,,0,0,0,0,0,1,0,0,dl,FF-NN,,everyday activities,low (one day),3s,,Microsoft Band 2,wrist,handcrafted,low,no,"biorthogonal wavelet decomposition (approximation of coefficient sub-band 3, Bior 1.3)",window,no,yes,10 patients 20 non-patients?
486_486-0-1-Exp-2-Bior1-5-D1,624,486|486.0.1 / Exp 2 Bior1.5 D1,486,486.0.1 / Exp 2 Bior1.5 D1,PPG,everyday activities,low (one day),dl,30,30,0.8230875014240396,converted EER,67.67,0.6767,0.6767,,included; accuracy missing and EER is a valid percentage,,,no reported uncertainty,,0,No parenthesized uncertainty was reported in the selected accuracy/EER field.,0.6767,0.7386473585067922,,,0,0,0,0,0,1,0,0,dl,FF-NN,,everyday activities,low (one day),3s,,Microsoft Band 2,wrist,handcrafted,low,no,"biorthogonal wavelet decomposition (detail of coefficient sub-band 1, Bior 1.5)",window,no,yes,10 patients 20 non-patients?
486_486-0-1-Exp-2-Bior1-5-A1,625,486|486.0.1 / Exp 2 Bior1.5 A1,486,486.0.1 / Exp 2 Bior1.5 A1,PPG,everyday activities,low (one day),dl,30,30,0.8230875014240396,converted EER,68.58,0.6858,0.6858,,included; accuracy missing and EER is a valid percentage,,,no reported uncertainty,,0,No parenthesized uncertainty was reported in the selected accuracy/EER field.,0.6858,0.7805563142072991,,,0,0,0,0,0,1,0,0,dl,FF-NN,,everyday activities,low (one day),3s,,Microsoft Band 2,wrist,handcrafted,low,no,"biorthogonal wavelet decomposition (approximation of coefficient sub-band 1, Bior 1.5)",window,no,yes,10 patients 20 non-patients?
486_486-0-1-Exp-2-Bior1-5-D2,626,486|486.0.1 / Exp 2 Bior1.5 D2,486,486.0.1 / Exp 2 Bior1.5 D2,PPG,everyday activities,low (one day),dl,30,30,0.8230875014240396,converted EER,66.68,0.6668000000000001,0.6668000000000001,,included; accuracy missing and EER is a valid percentage,,,no reported uncertainty,,0,No parenthesized uncertainty was reported in the selected accuracy/EER field.,0.6668000000000001,0.6937472405839517,,,0,0,0,0,0,1,0,0,dl,FF-NN,,everyday activities,low (one day),3s,,Microsoft Band 2,wrist,handcrafted,low,no,"biorthogonal wavelet decomposition (detail of coefficient sub-band 2, Bior 1.5)",window,no,yes,10 patients 20 non-patients?
486_486-0-1-Exp-2-Bior1-5-A2,627,486|486.0.1 / Exp 2 Bior1.5 A2,486,486.0.1 / Exp 2 Bior1.5 A2,PPG,everyday activities,low (one day),dl,30,30,0.8230875014240396,converted EER,66.78999999999999,0.6678999999999999,0.6678999999999999,,included; accuracy missing and EER is a valid percentage,,,no reported uncertainty,,0,No parenthesized uncertainty was reported in the selected accuracy/EER field.,0.6678999999999999,0.698702333348889,,,0,0,0,0,0,1,0,0,dl,FF-NN,,everyday activities,low (one day),3s,,Microsoft Band 2,wrist,handcrafted,low,no,"biorthogonal wavelet decomposition (approximation of coefficient sub-band 2, Bior 1.5)",window,no,yes,10 patients 20 non-patients?
486_486-0-1-Exp-2-Bior1-5-D3,628,486|486.0.1 / Exp 2 Bior1.5 D3,486,486.0.1 / Exp 2 Bior1.5 D3,PPG,everyday activities,low (one day),dl,30,30,0.8230875014240396,converted EER,82.44,0.8244,0.8244,,included; accuracy missing and EER is a valid percentage,,,no reported uncertainty,,0,No parenthesized uncertainty was reported in the selected accuracy/EER field.,0.8244,1.5464471678152878,,,0,0,0,0,0,1,0,0,dl,FF-NN,,everyday activities,low (one day),3s,,Microsoft Band 2,wrist,handcrafted,low,no,"biorthogonal wavelet decomposition (detail of coefficient sub-band 3, Bior 1.5)",window,no,yes,10 patients 20 non-patients?
486_486-0-1-Exp-2-Bior1-5-A3,629,486|486.0.1 / Exp 2 Bior1.5 A3,486,486.0.1 / Exp 2 Bior1.5 A3,PPG,everyday activities,low (one day),dl,30,30,0.8230875014240396,converted EER,82.8,0.828,0.828,,included; accuracy missing and EER is a valid percentage,,,no reported uncertainty,,0,No parenthesized uncertainty was reported in the selected accuracy/EER field.,0.828,1.5715186775718064,,,0,0,0,0,0,1,0,0,dl,FF-NN,,everyday activities,low (one day),3s,,Microsoft Band 2,wrist,handcrafted,low,no,"biorthogonal wavelet decomposition (approximation of coefficient sub-band 3, Bior 1.5)",window,no,yes,10 patients 20 non-patients?
486_486-0-1-Exp-2-Bior2-2-D1,630,486|486.0.1 / Exp 2 Bior2.2 D1,486,486.0.1 / Exp 2 Bior2.2 D1,PPG,everyday activities,low (one day),dl,30,30,0.8230875014240396,converted EER,68.21000000000001,0.6821,0.6821,,included; accuracy missing and EER is a valid percentage,,,no reported uncertainty,,0,No parenthesized uncertainty was reported in the selected accuracy/EER field.,0.6821,0.7634394067439169,,,0,0,0,0,0,1,0,0,dl,FF-NN,,everyday activities,low (one day),3s,,Microsoft Band 2,wrist,handcrafted,low,no,"biorthogonal wavelet decomposition (detail of coefficient sub-band 1, Bior 2.2)",window,no,yes,10 patients 20 non-patients?
486_486-0-1-Exp-2-Bior2-2-A1,631,486|486.0.1 / Exp 2 Bior2.2 A1,486,486.0.1 / Exp 2 Bior2.2 A1,PPG,everyday activities,low (one day),dl,30,30,0.8230875014240396,converted EER,68.88,0.6888,0.6888,,included; accuracy missing and EER is a valid percentage,,,no reported uncertainty,,0,No parenthesized uncertainty was reported in the selected accuracy/EER field.,0.6888,0.7945151608092843,,,0,0,0,0,0,1,0,0,dl,FF-NN,,everyday activities,low (one day),3s,,Microsoft Band 2,wrist,handcrafted,low,no,"biorthogonal wavelet decomposition (approximation of coefficient sub-band 1, Bior 2.2)",window,no,yes,10 patients 20 non-patients?
486_486-0-1-Exp-2-Bior2-2-D2,632,486|486.0.1 / Exp 2 Bior2.2 D2,486,486.0.1 / Exp 2 Bior2.2 D2,PPG,everyday activities,low (one day),dl,30,30,0.8230875014240396,converted EER,65.5,0.655,0.655,,included; accuracy missing and EER is a valid percentage,,,no reported uncertainty,,0,No parenthesized uncertainty was reported in the selected accuracy/EER field.,0.655,0.6410908186038923,,,0,0,0,0,0,1,0,0,dl,FF-NN,,everyday activities,low (one day),3s,,Microsoft Band 2,wrist,handcrafted,low,no,"biorthogonal wavelet decomposition (detail of coefficient sub-band 2, Bior 2.2)",window,no,yes,10 patients 20 non-patients?
486_486-0-1-Exp-2-Bior2-2-A2,633,486|486.0.1 / Exp 2 Bior2.2 A2,486,486.0.1 / Exp 2 Bior2.2 A2,PPG,everyday activities,low (one day),dl,30,30,0.8230875014240396,converted EER,67.00999999999999,0.6700999999999999,0.6700999999999999,,included; accuracy missing and EER is a valid percentage,,,no reported uncertainty,,0,No parenthesized uncertainty was reported in the selected accuracy/EER field.,0.6700999999999999,0.7086373767445889,,,0,0,0,0,0,1,0,0,dl,FF-NN,,everyday activities,low (one day),3s,,Microsoft Band 2,wrist,handcrafted,low,no,"biorthogonal wavelet decomposition (approximation of coefficient sub-band 2, Bior 2.2)",window,no,yes,10 patients 20 non-patients?
486_486-0-1-Exp-2-Bior2-2-D3,634,486|486.0.1 / Exp 2 Bior2.2 D3,486,486.0.1 / Exp 2 Bior2.2 D3,PPG,everyday activities,low (one day),dl,30,30,0.8230875014240396,converted EER,79.31,0.7931,0.7931,,included; accuracy missing and EER is a valid percentage,,,no reported uncertainty,,0,No parenthesized uncertainty was reported in the selected accuracy/EER field.,0.7931,1.3437137323377768,,,0,0,0,0,0,1,0,0,dl,FF-NN,,everyday activities,low (one day),3s,,Microsoft Band 2,wrist,handcrafted,low,no,"biorthogonal wavelet decomposition (detail of coefficient sub-band 3, Bior 2.2)",window,no,yes,10 patients 20 non-patients?
486_486-0-1-Exp-2-Bior2-2-A3,635,486|486.0.1 / Exp 2 Bior2.2 A3,486,486.0.1 / Exp 2 Bior2.2 A3,PPG,everyday activities,low (one day),dl,30,30,0.8230875014240396,converted EER,78.31,0.7831,0.7831,,included; accuracy missing and EER is a valid percentage,,,no reported uncertainty,,0,No parenthesized uncertainty was reported in the selected accuracy/EER field.,0.7831,1.2838239839240635,,,0,0,0,0,0,1,0,0,dl,FF-NN,,everyday activities,low (one day),3s,,Microsoft Band 2,wrist,handcrafted,low,no,"biorthogonal wavelet decomposition (approximation of coefficient sub-band 3, Bior 2.2)",window,no,yes,10 patients 20 non-patients?
486_486-0-1-Exp-2-Bior2-4-D1,636,486|486.0.1 / Exp 2 Bior2.4 D1,486,486.0.1 / Exp 2 Bior2.4 D1,PPG,everyday activities,low (one day),dl,30,30,0.8230875014240396,converted EER,67.41,0.6740999999999999,0.6740999999999999,,included; accuracy missing and EER is a valid percentage,,,no reported uncertainty,,0,No parenthesized uncertainty was reported in the selected accuracy/EER field.,0.6740999999999999,0.726787882015877,,,0,0,0,0,0,1,0,0,dl,FF-NN,,everyday activities,low (one day),3s,,Microsoft Band 2,wrist,handcrafted,low,no,"biorthogonal wavelet decomposition (detail of coefficient sub-band 1, Bior 2.4)",window,no,yes,10 patients 20 non-patients?
486_486-0-1-Exp-2-Bior2-4-A1,637,486|486.0.1 / Exp 2 Bior2.4 A1,486,486.0.1 / Exp 2 Bior2.4 A1,PPG,everyday activities,low (one day),dl,30,30,0.8230875014240396,converted EER,68.45,0.6845,0.6845,,included; accuracy missing and EER is a valid percentage,,,no reported uncertainty,,0,No parenthesized uncertainty was reported in the selected accuracy/EER field.,0.6845,0.7745299627472357,,,0,0,0,0,0,1,0,0,dl,FF-NN,,everyday activities,low (one day),3s,,Microsoft Band 2,wrist,handcrafted,low,no,"biorthogonal wavelet decomposition (approximation of coefficient sub-band 1, Bior 2.4)",window,no,yes,10 patients 20 non-patients?
486_486-0-1-Exp-2-Bior2-4-D2,638,486|486.0.1 / Exp 2 Bior2.4 D2,486,486.0.1 / Exp 2 Bior2.4 D2,PPG,everyday activities,low (one day),dl,30,30,0.8230875014240396,converted EER,67.94,0.6794,0.6794,,included; accuracy missing and EER is a valid percentage,,,no reported uncertainty,,0,No parenthesized uncertainty was reported in the selected accuracy/EER field.,0.6794,0.751015815551031,,,0,0,0,0,0,1,0,0,dl,FF-NN,,everyday activities,low (one day),3s,,Microsoft Band 2,wrist,handcrafted,low,no,"biorthogonal wavelet decomposition (detail of coefficient sub-band 2, Bior 2.4)",window,no,yes,10 patients 20 non-patients?
486_486-0-1-Exp-2-Bior2-4-A2,639,486|486.0.1 / Exp 2 Bior2.4 A2,486,486.0.1 / Exp 2 Bior2.4 A2,PPG,everyday activities,low (one day),dl,30,30,0.8230875014240396,converted EER,68.13,0.6812999999999999,0.6812999999999999,,included; accuracy missing and EER is a valid percentage,,,no reported uncertainty,,0,No parenthesized uncertainty was reported in the selected accuracy/EER field.,0.6812999999999999,0.7597525163563313,,,0,0,0,0,0,1,0,0,dl,FF-NN,,everyday activities,low (one day),3s,,Microsoft Band 2,wrist,handcrafted,low,no,"biorthogonal wavelet decomposition (approximation of coefficient sub-band 2, Bior 2.4)",window,no,yes,10 patients 20 non-patients?
486_486-0-1-Exp-2-Bior2-4-D3,640,486|486.0.1 / Exp 2 Bior2.4 D3,486,486.0.1 / Exp 2 Bior2.4 D3,PPG,everyday activities,low (one day),dl,30,30,0.8230875014240396,converted EER,79.98,0.7998000000000001,0.7998000000000001,,included; accuracy missing and EER is a valid percentage,,,no reported uncertainty,,0,No parenthesized uncertainty was reported in the selected accuracy/EER field.,0.7998000000000001,1.3850448295315982,,,0,0,0,0,0,1,0,0,dl,FF-NN,,everyday activities,low (one day),3s,,Microsoft Band 2,wrist,handcrafted,low,no,"biorthogonal wavelet decomposition (detail of coefficient sub-band 3, Bior 2.4)",window,no,yes,10 patients 20 non-patients?
486_486-0-1-Exp-2-Bior2-4-A3,641,486|486.0.1 / Exp 2 Bior2.4 A3,486,486.0.1 / Exp 2 Bior2.4 A3,PPG,everyday activities,low (one day),dl,30,30,0.8230875014240396,converted EER,79.05,0.7905,0.7905,,included; accuracy missing and EER is a valid percentage,,,no reported uncertainty,,0,No parenthesized uncertainty was reported in the selected accuracy/EER field.,0.7905,1.3279419172873341,,,0,0,0,0,0,1,0,0,dl,FF-NN,,everyday activities,low (one day),3s,,Microsoft Band 2,wrist,handcrafted,low,no,"biorthogonal wavelet decomposition (approximation of coefficient sub-band 3, Bior 2.4)",window,no,yes,10 patients 20 non-patients?
486_486-0-1-Exp-2-Bior2-6-D1,642,486|486.0.1 / Exp 2 Bior2.6 D1,486,486.0.1 / Exp 2 Bior2.6 D1,PPG,everyday activities,low (one day),dl,30,30,0.8230875014240396,converted EER,69.13,0.6912999999999999,0.6912999999999999,,included; accuracy missing and EER is a valid percentage,,,no reported uncertainty,,0,No parenthesized uncertainty was reported in the selected accuracy/EER field.,0.6912999999999999,0.8062039514431053,,,0,0,0,0,0,1,0,0,dl,FF-NN,,everyday activities,low (one day),3s,,Microsoft Band 2,wrist,handcrafted,low,no,"biorthogonal wavelet decomposition (detail of coefficient sub-band 1, Bior 2.6)",window,no,yes,10 patients 20 non-patients?
486_486-0-1-Exp-2-Bior2-6-A1,643,486|486.0.1 / Exp 2 Bior2.6 A1,486,486.0.1 / Exp 2 Bior2.6 A1,PPG,everyday activities,low (one day),dl,30,30,0.8230875014240396,converted EER,68.56,0.6856,0.6856,,included; accuracy missing and EER is a valid percentage,,,no reported uncertainty,,0,No parenthesized uncertainty was reported in the selected accuracy/EER field.,0.6856,0.7796283067285185,,,0,0,0,0,0,1,0,0,dl,FF-NN,,everyday activities,low (one day),3s,,Microsoft Band 2,wrist,handcrafted,low,no,"biorthogonal wavelet decomposition (approximation of coefficient sub-band 1, Bior 2.6)",window,no,yes,10 patients 20 non-patients?
486_486-0-1-Exp-2-Bior2-6-D2,644,486|486.0.1 / Exp 2 Bior2.6 D2,486,486.0.1 / Exp 2 Bior2.6 D2,PPG,everyday activities,low (one day),dl,30,30,0.8230875014240396,converted EER,67.68,0.6768000000000001,0.6768000000000001,,included; accuracy missing and EER is a valid percentage,,,no reported uncertainty,,0,No parenthesized uncertainty was reported in the selected accuracy/EER field.,0.6768000000000001,0.7391044816450735,,,0,0,0,0,0,1,0,0,dl,FF-NN,,everyday activities,low (one day),3s,,Microsoft Band 2,wrist,handcrafted,low,no,"biorthogonal wavelet decomposition (detail of coefficient sub-band 2, Bior 2.6)",window,no,yes,10 patients 20 non-patients?
486_486-0-1-Exp-2-Bior2-6-A2,645,486|486.0.1 / Exp 2 Bior2.6 A2,486,486.0.1 / Exp 2 Bior2.6 A2,PPG,everyday activities,low (one day),dl,30,30,0.8230875014240396,converted EER,65.45,0.6545000000000001,0.6545000000000001,,included; accuracy missing and EER is a valid percentage,,,no reported uncertainty,,0,No parenthesized uncertainty was reported in the selected accuracy/EER field.,0.6545000000000001,0.6388789421422304,,,0,0,0,0,0,1,0,0,dl,FF-NN,,everyday activities,low (one day),3s,,Microsoft Band 2,wrist,handcrafted,low,no,"biorthogonal wavelet decomposition (approximation of coefficient sub-band 2, Bior 2.6)",window,no,yes,10 patients 20 non-patients?
486_486-0-1-Exp-2-Bior2-6-D3,646,486|486.0.1 / Exp 2 Bior2.6 D3,486,486.0.1 / Exp 2 Bior2.6 D3,PPG,everyday activities,low (one day),dl,30,30,0.8230875014240396,converted EER,78.53,0.7853,0.7853,,included; accuracy missing and EER is a valid percentage,,,no reported uncertainty,,0,No parenthesized uncertainty was reported in the selected accuracy/EER field.,0.7853,1.2968241054960936,,,0,0,0,0,0,1,0,0,dl,FF-NN,,everyday activities,low (one day),3s,,Microsoft Band 2,wrist,handcrafted,low,no,"biorthogonal wavelet decomposition (detail of coefficient sub-band 3, Bior 2.6)",window,no,yes,10 patients 20 non-patients?
486_486-0-1-Exp-2-Bior2-6-A3,647,486|486.0.1 / Exp 2 Bior2.6 A3,486,486.0.1 / Exp 2 Bior2.6 A3,PPG,everyday activities,low (one day),dl,30,30,0.8230875014240396,converted EER,80.06,0.8006,0.8006,,included; accuracy missing and EER is a valid percentage,,,no reported uncertainty,,0,No parenthesized uncertainty was reported in the selected accuracy/EER field.,0.8006,1.3900485890307352,,,0,0,0,0,0,1,0,0,dl,FF-NN,,everyday activities,low (one day),3s,,Microsoft Band 2,wrist,handcrafted,low,no,"biorthogonal wavelet decomposition (approximation of coefficient sub-band 3, Bior 2.6)",window,no,yes,10 patients 20 non-patients?
486_486-0-1-Exp-2-Bior2-8-D1,648,486|486.0.1 / Exp 2 Bior2.8 D1,486,486.0.1 / Exp 2 Bior2.8 D1,PPG,everyday activities,low (one day),dl,30,30,0.8230875014240396,converted EER,69.17,0.6917,0.6917,,included; accuracy missing and EER is a valid percentage,,,no reported uncertainty,,0,No parenthesized uncertainty was reported in the selected accuracy/EER field.,0.6917,0.8080790007144343,,,0,0,0,0,0,1,0,0,dl,FF-NN,,everyday activities,low (one day),3s,,Microsoft Band 2,wrist,handcrafted,low,no,"biorthogonal wavelet decomposition (detail of coefficient sub-band 1, Bior 2.8)",window,no,yes,10 patients 20 non-patients?
486_486-0-1-Exp-2-Bior2-8-A1,649,486|486.0.1 / Exp 2 Bior2.8 A1,486,486.0.1 / Exp 2 Bior2.8 A1,PPG,everyday activities,low (one day),dl,30,30,0.8230875014240396,converted EER,69.61,0.6960999999999999,0.6960999999999999,,included; accuracy missing and EER is a valid percentage,,,no reported uncertainty,,0,No parenthesized uncertainty was reported in the selected accuracy/EER field.,0.6960999999999999,0.8287946282518731,,,0,0,0,0,0,1,0,0,dl,FF-NN,,everyday activities,low (one day),3s,,Microsoft Band 2,wrist,handcrafted,low,no,"biorthogonal wavelet decomposition (approximation of coefficient sub-band 1, Bior 2.8)",window,no,yes,10 patients 20 non-patients?
486_486-0-1-Exp-2-Bior2-8-D2,650,486|486.0.1 / Exp 2 Bior2.8 D2,486,486.0.1 / Exp 2 Bior2.8 D2,PPG,everyday activities,low (one day),dl,30,30,0.8230875014240396,converted EER,67.34,0.6734,0.6734,,included; accuracy missing and EER is a valid percentage,,,no reported uncertainty,,0,No parenthesized uncertainty was reported in the selected accuracy/EER field.,0.6734,0.7236033261906093,,,0,0,0,0,0,1,0,0,dl,FF-NN,,everyday activities,low (one day),3s,,Microsoft Band 2,wrist,handcrafted,low,no,"biorthogonal wavelet decomposition (detail of coefficient sub-band 2, Bior 2.8)",window,no,yes,10 users 20 non-users?
486_486-0-1-Exp-2-Bior2-8-A2,651,486|486.0.1 / Exp 2 Bior2.8 A2,486,486.0.1 / Exp 2 Bior2.8 A2,PPG,everyday activities,low (one day),dl,30,30,0.8230875014240396,converted EER,70.19,0.7019,0.7019,,included; accuracy missing and EER is a valid percentage,,,no reported uncertainty,,0,No parenthesized uncertainty was reported in the selected accuracy/EER field.,0.7019,0.8563619430523499,,,0,0,0,0,0,1,0,0,dl,FF-NN,,everyday activities,low (one day),3s,,Microsoft Band 2,wrist,handcrafted,low,no,"biorthogonal wavelet decomposition (approximation of coefficient sub-band 2, Bior 2.8)",window,no,yes,10 patients 20 non-patients?
486_486-0-1-Exp-2-Bior2-8-D3,652,486|486.0.1 / Exp 2 Bior2.8 D3,486,486.0.1 / Exp 2 Bior2.8 D3,PPG,everyday activities,low (one day),dl,30,30,0.8230875014240396,converted EER,79.21000000000001,0.7921,0.7921,,included; accuracy missing and EER is a valid percentage,,,no reported uncertainty,,0,No parenthesized uncertainty was reported in the selected accuracy/EER field.,0.7921,1.337630451606267,,,0,0,0,0,0,1,0,0,dl,FF-NN,,everyday activities,low (one day),3s,,Microsoft Band 2,wrist,handcrafted,low,no,"biorthogonal wavelet decomposition (detail of coefficient sub-band 3, Bior 2.8)",window,no,yes,10 patients 20 non-patients?
486_486-0-1-Exp-2-Bior2-8-A3,653,486|486.0.1 / Exp 2 Bior2.8 A3,486,486.0.1 / Exp 2 Bior2.8 A3,PPG,everyday activities,low (one day),dl,30,30,0.8230875014240396,converted EER,79.56,0.7956,0.7956,,included; accuracy missing and EER is a valid percentage,,,no reported uncertainty,,0,No parenthesized uncertainty was reported in the selected accuracy/EER field.,0.7956,1.3590176886502676,,,0,0,0,0,0,1,0,0,dl,FF-NN,,everyday activities,low (one day),3s,,Microsoft Band 2,wrist,handcrafted,low,no,"biorthogonal wavelet decomposition (approximation of coefficient sub-band 3, Bior 2.8)",window,no,yes,10 patients 20 non-patients?
486_486-0-1-Exp-2-Bior3-1-D1,654,486|486.0.1 / Exp 2 Bior3.1 D1,486,486.0.1 / Exp 2 Bior3.1 D1,PPG,everyday activities,low (one day),dl,30,30,0.8230875014240396,converted EER,67.84,0.6784,0.6784,,included; accuracy missing and EER is a valid percentage,,,no reported uncertainty,,0,No parenthesized uncertainty was reported in the selected accuracy/EER field.,0.6784,0.7464285471728821,,,0,0,0,0,0,1,0,0,dl,FF-NN,,everyday activities,low (one day),3s,,Microsoft Band 2,wrist,handcrafted,low,no,"biorthogonal wavelet decomposition (detail of coefficient sub-band 1, Bior 3.1)",window,no,yes,10 patients 20 non-patients?
486_486-0-1-Exp-2-Bior3-1-A1,655,486|486.0.1 / Exp 2 Bior3.1 A1,486,486.0.1 / Exp 2 Bior3.1 A1,PPG,everyday activities,low (one day),dl,30,30,0.8230875014240396,converted EER,68.6,0.6859999999999999,0.6859999999999999,,included; accuracy missing and EER is a valid percentage,,,no reported uncertainty,,0,No parenthesized uncertainty was reported in the selected accuracy/EER field.,0.6859999999999999,0.7814846418176316,,,0,0,0,0,0,1,0,0,dl,FF-NN,,everyday activities,low (one day),3s,,Microsoft Band 2,wrist,handcrafted,low,no,"biorthogonal wavelet decomposition (approximation of coefficient sub-band 1, Bior 3.1)",window,no,yes,10 patients 20 non-patients?
486_486-0-1-Exp-2-Bior3-1-D2,656,486|486.0.1 / Exp 2 Bior3.1 D2,486,486.0.1 / Exp 2 Bior3.1 D2,PPG,everyday activities,low (one day),dl,30,30,0.8230875014240396,converted EER,66.33,0.6633,0.6633,,included; accuracy missing and EER is a valid percentage,,,no reported uncertainty,,0,No parenthesized uncertainty was reported in the selected accuracy/EER field.,0.6633,0.6780350503644815,,,0,0,0,0,0,1,0,0,dl,FF-NN,,everyday activities,low (one day),3s,,Microsoft Band 2,wrist,handcrafted,low,no,"biorthogonal wavelet decomposition (detail of coefficient sub-band 2, Bior 3.1)",window,no,yes,10 patients 20 non-patients?
486_486-0-1-Exp-2-Bior3-1-A2,657,486|486.0.1 / Exp 2 Bior3.1 A2,486,486.0.1 / Exp 2 Bior3.1 A2,PPG,everyday activities,low (one day),dl,30,30,0.8230875014240396,converted EER,68.42,0.6842,0.6842,,included; accuracy missing and EER is a valid percentage,,,no reported uncertainty,,0,No parenthesized uncertainty was reported in the selected accuracy/EER field.,0.6842,0.7731411707219628,,,0,0,0,0,0,1,0,0,dl,FF-NN,,everyday activities,low (one day),3s,,Microsoft Band 2,wrist,handcrafted,low,no,"biorthogonal wavelet decomposition (approximation of coefficient sub-band 2, Bior 3.1)",window,no,yes,10 patients 20 non-patients?
486_486-0-1-Exp-2-Bior3-1-D3,658,486|486.0.1 / Exp 2 Bior3.1 D3,486,486.0.1 / Exp 2 Bior3.1 D3,PPG,everyday activities,low (one day),dl,30,30,0.8230875014240396,converted EER,70.18,0.7018000000000001,0.7018000000000001,,included; accuracy missing and EER is a valid percentage,,,no reported uncertainty,,0,No parenthesized uncertainty was reported in the selected accuracy/EER field.,0.7018000000000001,0.8558840608184771,,,0,0,0,0,0,1,0,0,dl,FF-NN,,everyday activities,low (one day),3s,,Microsoft Band 2,wrist,handcrafted,low,no,"biorthogonal wavelet decomposition (detail of coefficient sub-band 3, Bior 3.1)",window,no,yes,10 patients 20 non-patients?
486_486-0-1-Exp-2-Bior3-1-A3,659,486|486.0.1 / Exp 2 Bior3.1 A3,486,486.0.1 / Exp 2 Bior3.1 A3,PPG,everyday activities,low (one day),dl,30,30,0.8230875014240396,converted EER,70.3,0.703,0.703,,included; accuracy missing and EER is a valid percentage,,,no reported uncertainty,,0,No parenthesized uncertainty was reported in the selected accuracy/EER field.,0.703,0.861624753007965,,,0,0,0,0,0,1,0,0,dl,FF-NN,,everyday activities,low (one day),3s,,Microsoft Band 2,wrist,handcrafted,low,no,"biorthogonal wavelet decomposition (approximation of coefficient sub-band 3, Bior 3.1)",window,no,yes,10 patients 20 non-patients?
486_486-0-1-Exp-2-Bior3-3-D1,660,486|486.0.1 / Exp 2 Bior3.3 D1,486,486.0.1 / Exp 2 Bior3.3 D1,PPG,everyday activities,low (one day),dl,30,30,0.8230875014240396,converted EER,68.9,0.6890000000000001,0.6890000000000001,,included; accuracy missing and EER is a valid percentage,,,no reported uncertainty,,0,No parenthesized uncertainty was reported in the selected accuracy/EER field.,0.6890000000000001,0.7954483588344248,,,0,0,0,0,0,1,0,0,dl,FF-NN,,everyday activities,low (one day),3s,,Microsoft Band 2,wrist,handcrafted,low,no,"biorthogonal wavelet decomposition (detail of coefficient sub-band 1, Bior 3.3)",window,no,yes,10 patients 20 non-patients?
486_486-0-1-Exp-2-Bior3-3-A1,661,486|486.0.1 / Exp 2 Bior3.3 A1,486,486.0.1 / Exp 2 Bior3.3 A1,PPG,everyday activities,low (one day),dl,30,30,0.8230875014240396,converted EER,66.36,0.6636,0.6636,,included; accuracy missing and EER is a valid percentage,,,no reported uncertainty,,0,No parenthesized uncertainty was reported in the selected accuracy/EER field.,0.6636,0.6793786302174963,,,0,0,0,0,0,1,0,0,dl,FF-NN,,everyday activities,low (one day),3s,,Microsoft Band 2,wrist,handcrafted,low,no,"biorthogonal wavelet decomposition (approximation of coefficient sub-band 1, Bior 3.3)",window,no,yes,10 patients 20 non-patients?
486_486-0-1-Exp-2-Bior3-3-D2,662,486|486.0.1 / Exp 2 Bior3.3 D2,486,486.0.1 / Exp 2 Bior3.3 D2,PPG,everyday activities,low (one day),dl,30,30,0.8230875014240396,converted EER,66.25999999999999,0.6625999999999999,0.6625999999999999,,included; accuracy missing and EER is a valid percentage,,,no reported uncertainty,,0,No parenthesized uncertainty was reported in the selected accuracy/EER field.,0.6625999999999999,0.6749023197539269,,,0,0,0,0,0,1,0,0,dl,FF-NN,,everyday activities,low (one day),3s,,Microsoft Band 2,wrist,handcrafted,low,no,"biorthogonal wavelet decomposition (detail of coefficient sub-band 2, Bior 3.3)",window,no,yes,10 patients 20 non-patients?
486_486-0-1-Exp-2-Bior3-3-A2,663,486|486.0.1 / Exp 2 Bior3.3 A2,486,486.0.1 / Exp 2 Bior3.3 A2,PPG,everyday activities,low (one day),dl,30,30,0.8230875014240396,converted EER,67.82,0.6781999999999999,0.6781999999999999,,included; accuracy missing and EER is a valid percentage,,,no reported uncertainty,,0,No parenthesized uncertainty was reported in the selected accuracy/EER field.,0.6781999999999999,0.7455119951332551,,,0,0,0,0,0,1,0,0,dl,FF-NN,,everyday activities,low (one day),3s,,Microsoft Band 2,wrist,handcrafted,low,no,"biorthogonal wavelet decomposition (approximation of coefficient sub-band 2, Bior 3.3)",window,no,yes,10 patients 20 non-patients?
486_486-0-1-Exp-2-Bior3-3-D3,664,486|486.0.1 / Exp 2 Bior3.3 D3,486,486.0.1 / Exp 2 Bior3.3 D3,PPG,everyday activities,low (one day),dl,30,30,0.8230875014240396,converted EER,67.18,0.6718000000000001,0.6718000000000001,,included; accuracy missing and EER is a valid percentage,,,no reported uncertainty,,0,No parenthesized uncertainty was reported in the selected accuracy/EER field.,0.6718000000000001,0.7163374985222022,,,0,0,0,0,0,1,0,0,dl,FF-NN,,everyday activities,low (one day),3s,,Microsoft Band 2,wrist,handcrafted,low,no,"biorthogonal wavelet decomposition (detail of coefficient sub-band 3, Bior 3.3)",window,no,yes,10 patients 20 non-patients?
486_486-0-1-Exp-2-Bior3-3-A3,665,486|486.0.1 / Exp 2 Bior3.3 A3,486,486.0.1 / Exp 2 Bior3.3 A3,PPG,everyday activities,low (one day),dl,30,30,0.8230875014240396,converted EER,68.1,0.6809999999999999,0.6809999999999999,,included; accuracy missing and EER is a valid percentage,,,no reported uncertainty,,0,No parenthesized uncertainty was reported in the selected accuracy/EER field.,0.6809999999999999,0.7583712033646676,,,0,0,0,0,0,1,0,0,dl,FF-NN,,everyday activities,low (one day),3s,,Microsoft Band 2,wrist,handcrafted,low,no,"biorthogonal wavelet decomposition (approximation of coefficient sub-band 3, Bior 3.3)",window,no,yes,10 patients 20 non-patients?
486_486-0-1-Exp-2-Bior3-5-D1,666,486|486.0.1 / Exp 2 Bior3.5 D1,486,486.0.1 / Exp 2 Bior3.5 D1,PPG,everyday activities,low (one day),dl,30,30,0.8230875014240396,converted EER,67.35,0.6735,0.6735,,included; accuracy missing and EER is a valid percentage,,,no reported uncertainty,,0,No parenthesized uncertainty was reported in the selected accuracy/EER field.,0.6735,0.7240580471339328,,,0,0,0,0,0,1,0,0,dl,FF-NN,,everyday activities,low (one day),3s,,Microsoft Band 2,wrist,handcrafted,low,no,"biorthogonal wavelet decomposition (detail of coefficient sub-band 1, Bior 3.5)",window,no,yes,10 patients 20 non-patients?
486_486-0-1-Exp-2-Bior3-5-A1,667,486|486.0.1 / Exp 2 Bior3.5 A1,486,486.0.1 / Exp 2 Bior3.5 A1,PPG,everyday activities,low (one day),dl,30,30,0.8230875014240396,converted EER,68.6,0.6859999999999999,0.6859999999999999,,included; accuracy missing and EER is a valid percentage,,,no reported uncertainty,,0,No parenthesized uncertainty was reported in the selected accuracy/EER field.,0.6859999999999999,0.7814846418176316,,,0,0,0,0,0,1,0,0,dl,FF-NN,,everyday activities,low (one day),3s,,Microsoft Band 2,wrist,handcrafted,low,no,"biorthogonal wavelet decomposition (approximation of coefficient sub-band 1, Bior 3.5)",window,no,yes,10 patients 20 non-patients?
486_486-0-1-Exp-2-Bior3-5-D2,668,486|486.0.1 / Exp 2 Bior3.5 D2,486,486.0.1 / Exp 2 Bior3.5 D2,PPG,everyday activities,low (one day),dl,30,30,0.8230875014240396,converted EER,65.56,0.6556000000000001,0.6556000000000001,,included; accuracy missing and EER is a valid percentage,,,no reported uncertainty,,0,No parenthesized uncertainty was reported in the selected accuracy/EER field.,0.6556000000000001,0.6437470743160992,,,0,0,0,0,0,1,0,0,dl,FF-NN,,everyday activities,low (one day),3s,,Microsoft Band 2,wrist,handcrafted,low,no,"biorthogonal wavelet decomposition (detail of coefficient sub-band 2, Bior 3.5)",window,no,yes,10 patients 20 non-patients?
486_486-0-1-Exp-2-Bior3-5-A2,669,486|486.0.1 / Exp 2 Bior3.5 A2,486,486.0.1 / Exp 2 Bior3.5 A2,PPG,everyday activities,low (one day),dl,30,30,0.8230875014240396,converted EER,68.37,0.6837000000000001,0.6837000000000001,,included; accuracy missing and EER is a valid percentage,,,no reported uncertainty,,0,No parenthesized uncertainty was reported in the selected accuracy/EER field.,0.6837000000000001,0.7708280946081455,,,0,0,0,0,0,1,0,0,dl,FF-NN,,everyday activities,low (one day),3s,,Microsoft Band 2,wrist,handcrafted,low,no,"biorthogonal wavelet decomposition (approximation of coefficient sub-band 2, Bior 3.5)",window,no,yes,10 patients 20 non-patients?
486_486-0-1-Exp-2-Bior3-5-D3,670,486|486.0.1 / Exp 2 Bior3.5 D3,486,486.0.1 / Exp 2 Bior3.5 D3,PPG,everyday activities,low (one day),dl,30,30,0.8230875014240396,converted EER,68.89,0.6889,0.6889,,included; accuracy missing and EER is a valid percentage,,,no reported uncertainty,,0,No parenthesized uncertainty was reported in the selected accuracy/EER field.,0.6889,0.7949817186955587,,,0,0,0,0,0,1,0,0,dl,FF-NN,,everyday activities,low (one day),3s,,Microsoft Band 2,wrist,handcrafted,low,no,"biorthogonal wavelet decomposition (detail of coefficient sub-band 3, Bior 3.5)",window,no,yes,10 patients 20 non-patients?
486_486-0-1-Exp-2-Bior3-5-A3,671,486|486.0.1 / Exp 2 Bior3.5 A3,486,486.0.1 / Exp 2 Bior3.5 A3,PPG,everyday activities,low (one day),dl,30,30,0.8230875014240396,converted EER,65.68,0.6568,0.6568,,included; accuracy missing and EER is a valid percentage,,,no reported uncertainty,,0,No parenthesized uncertainty was reported in the selected accuracy/EER field.,0.6568,0.6490661905244114,,,0,0,0,0,0,1,0,0,dl,FF-NN,,everyday activities,low (one day),3s,,Microsoft Band 2,wrist,handcrafted,low,no,"biorthogonal wavelet decomposition (approximation of coefficient sub-band 3, Bior 3.5)",window,no,yes,10 patients 20 non-patients?
486_486-0-1-Exp-2-Bior3-7-D1,672,486|486.0.1 / Exp 2 Bior3.7 D1,486,486.0.1 / Exp 2 Bior3.7 D1,PPG,everyday activities,low (one day),dl,30,30,0.8230875014240396,converted EER,67.27000000000001,0.6727000000000001,0.6727000000000001,,included; accuracy missing and EER is a valid percentage,,,no reported uncertainty,,0,No parenthesized uncertainty was reported in the selected accuracy/EER field.,0.6727000000000001,0.7204222835244256,,,0,0,0,0,0,1,0,0,dl,FF-NN,,everyday activities,low (one day),3s,,Microsoft Band 2,wrist,handcrafted,low,no,"biorthogonal wavelet decomposition (detail of coefficient sub-band 1, Bior 3.7)",window,no,yes,10 patients 20 non-patients?
486_486-0-1-Exp-2-Bior3-7-A1,673,486|486.0.1 / Exp 2 Bior3.7 A1,486,486.0.1 / Exp 2 Bior3.7 A1,PPG,everyday activities,low (one day),dl,30,30,0.8230875014240396,converted EER,67.1,0.6709999999999999,0.6709999999999999,,included; accuracy missing and EER is a valid percentage,,,no reported uncertainty,,0,No parenthesized uncertainty was reported in the selected accuracy/EER field.,0.6709999999999999,0.7127113862063096,,,0,0,0,0,0,1,0,0,dl,FF-NN,,everyday activities,low (one day),3s,,Microsoft Band 2,wrist,handcrafted,low,no,"biorthogonal wavelet decomposition (approximation of coefficient sub-band 1, Bior 3.7)",window,no,yes,10 patients 20 non-patients?
486_486-0-1-Exp-2-Bior3-7-D2,674,486|486.0.1 / Exp 2 Bior3.7 D2,486,486.0.1 / Exp 2 Bior3.7 D2,PPG,everyday activities,low (one day),dl,30,30,0.8230875014240396,converted EER,69.92,0.6992,0.6992,,included; accuracy missing and EER is a valid percentage,,,no reported uncertainty,,0,No parenthesized uncertainty was reported in the selected accuracy/EER field.,0.6992,0.843491232265641,,,0,0,0,0,0,1,0,0,dl,FF-NN,,everyday activities,low (one day),3s,,Microsoft Band 2,wrist,handcrafted,low,no,"biorthogonal wavelet decomposition (detail of coefficient sub-band 2, Bior 3.7)",window,no,yes,10 patients 20 non-patients?
486_486-0-1-Exp-2-Bior3-7-A2,675,486|486.0.1 / Exp 2 Bior3.7 A2,486,486.0.1 / Exp 2 Bior3.7 A2,PPG,everyday activities,low (one day),dl,30,30,0.8230875014240396,converted EER,66.33,0.6633,0.6633,,included; accuracy missing and EER is a valid percentage,,,no reported uncertainty,,0,No parenthesized uncertainty was reported in the selected accuracy/EER field.,0.6633,0.6780350503644815,,,0,0,0,0,0,1,0,0,dl,FF-NN,,everyday activities,low (one day),3s,,Microsoft Band 2,wrist,handcrafted,low,no,"biorthogonal wavelet decomposition (approximation of coefficient sub-band 2, Bior 3.7)",window,no,yes,10 patients 20 non-patients?
486_486-0-1-Exp-2-Bior3-7-D3,676,486|486.0.1 / Exp 2 Bior3.7 D3,486,486.0.1 / Exp 2 Bior3.7 D3,PPG,everyday activities,low (one day),dl,30,30,0.8230875014240396,converted EER,71.48,0.7148,0.7148,,included; accuracy missing and EER is a valid percentage,,,no reported uncertainty,,0,No parenthesized uncertainty was reported in the selected accuracy/EER field.,0.7148,0.9188120947451321,,,0,0,0,0,0,1,0,0,dl,FF-NN,,everyday activities,low (one day),3s,,Microsoft Band 2,wrist,handcrafted,low,no,"biorthogonal wavelet decomposition (detail of coefficient sub-band 3, Bior 3.7)",window,no,yes,10 patients 20 non-patients?
486_486-0-1-Exp-2-Bior3-7-A3,677,486|486.0.1 / Exp 2 Bior3.7 A3,486,486.0.1 / Exp 2 Bior3.7 A3,PPG,everyday activities,low (one day),dl,30,30,0.8230875014240396,converted EER,71.05,0.7105,0.7105,,included; accuracy missing and EER is a valid percentage,,,no reported uncertainty,,0,No parenthesized uncertainty was reported in the selected accuracy/EER field.,0.7105,0.8978136505241056,,,0,0,0,0,0,1,0,0,dl,FF-NN,,everyday activities,low (one day),3s,,Microsoft Band 2,wrist,handcrafted,low,no,"biorthogonal wavelet decomposition (approximation of coefficient sub-band 3, Bior 3.7)",window,no,yes,10 patients 20 non-patients?
486_486-0-1-Exp-2-Bior3-9-D1,678,486|486.0.1 / Exp 2 Bior3.9 D1,486,486.0.1 / Exp 2 Bior3.9 D1,PPG,everyday activities,low (one day),dl,30,30,0.8230875014240396,converted EER,66.59,0.6659,0.6659,,included; accuracy missing and EER is a valid percentage,,,no reported uncertainty,,0,No parenthesized uncertainty was reported in the selected accuracy/EER field.,0.6659,0.6896991597538661,,,0,0,0,0,0,1,0,0,dl,FF-NN,,everyday activities,low (one day),3s,,Microsoft Band 2,wrist,handcrafted,low,no,"biorthogonal wavelet decomposition (detail of coefficient sub-band 1, Bior 3.9)",window,no,yes,10 patients 20 non-patients?
486_486-0-1-Exp-2-Bior3-9-A1,679,486|486.0.1 / Exp 2 Bior3.9 A1,486,486.0.1 / Exp 2 Bior3.9 A1,PPG,everyday activities,low (one day),dl,30,30,0.8230875014240396,converted EER,70.01,0.7001000000000001,0.7001000000000001,,included; accuracy missing and EER is a valid percentage,,,no reported uncertainty,,0,No parenthesized uncertainty was reported in the selected accuracy/EER field.,0.7001000000000001,0.8477740962281887,,,0,0,0,0,0,1,0,0,dl,FF-NN,,everyday activities,low (one day),3s,,Microsoft Band 2,wrist,handcrafted,low,no,"biorthogonal wavelet decomposition (approximation of coefficient sub-band 1, Bior 3.9)",window,no,yes,10 patients 20 non-patients?
486_486-0-1-Exp-2-Bior3-9-D2,680,486|486.0.1 / Exp 2 Bior3.9 D2,486,486.0.1 / Exp 2 Bior3.9 D2,PPG,everyday activities,low (one day),dl,30,30,0.8230875014240396,converted EER,66.9,0.669,0.669,,included; accuracy missing and EER is a valid percentage,,,no reported uncertainty,,0,No parenthesized uncertainty was reported in the selected accuracy/EER field.,0.669,0.7036656847511656,,,0,0,0,0,0,1,0,0,dl,FF-NN,,everyday activities,low (one day),3s,,Microsoft Band 2,wrist,handcrafted,low,no,"biorthogonal wavelet decomposition (detail of coefficient sub-band 2, Bior 3.9)",window,no,yes,10 patients 20 non-patients?
486_486-0-1-Exp-2-Bior3-9-A2,681,486|486.0.1 / Exp 2 Bior3.9 A2,486,486.0.1 / Exp 2 Bior3.9 A2,PPG,everyday activities,low (one day),dl,30,30,0.8230875014240396,converted EER,68.19,0.6819,0.6819,,included; accuracy missing and EER is a valid percentage,,,no reported uncertainty,,0,No parenthesized uncertainty was reported in the selected accuracy/EER field.,0.6819,0.7625172207715085,,,0,0,0,0,0,1,0,0,dl,FF-NN,,everyday activities,low (one day),3s,,Microsoft Band 2,wrist,handcrafted,low,no,"biorthogonal wavelet decomposition (approximation of coefficient sub-band 2, Bior 3.9)",window,no,yes,10 patients 20 non-patients?
486_486-0-1-Exp-2-Bior3-9-D3,682,486|486.0.1 / Exp 2 Bior3.9 D3,486,486.0.1 / Exp 2 Bior3.9 D3,PPG,everyday activities,low (one day),dl,30,30,0.8230875014240396,converted EER,71.5,0.715,0.715,,included; accuracy missing and EER is a valid percentage,,,no reported uncertainty,,0,No parenthesized uncertainty was reported in the selected accuracy/EER field.,0.715,0.919793362425357,,,0,0,0,0,0,1,0,0,dl,FF-NN,,everyday activities,low (one day),3s,,Microsoft Band 2,wrist,handcrafted,low,no,"biorthogonal wavelet decomposition (detail of coefficient sub-band 3, Bior 3.9)",window,no,yes,10 patients 20 non-patients?
486_486-0-1-Exp-2-Bior3-9-A3,683,486|486.0.1 / Exp 2 Bior3.9 A3,486,486.0.1 / Exp 2 Bior3.9 A3,PPG,everyday activities,low (one day),dl,30,30,0.8230875014240396,converted EER,69.33,0.6933,0.6933,,included; accuracy missing and EER is a valid percentage,,,no reported uncertainty,,0,No parenthesized uncertainty was reported in the selected accuracy/EER field.,0.6933,0.815592734828239,,,0,0,0,0,0,1,0,0,dl,FF-NN,,everyday activities,low (one day),3s,,Microsoft Band 2,wrist,handcrafted,low,no,"biorthogonal wavelet decomposition (approximation of coefficient sub-band 3, Bior 3.9)",window,no,yes,10 patients 20 non-patients?
486_486-0-1-Exp-2-Bior4-4-D1,684,486|486.0.1 / Exp 2 Bior4.4 D1,486,486.0.1 / Exp 2 Bior4.4 D1,PPG,everyday activities,low (one day),dl,30,30,0.8230875014240396,converted EER,68.15,0.6815000000000001,0.6815000000000001,,included; accuracy missing and EER is a valid percentage,,,no reported uncertainty,,0,No parenthesized uncertainty was reported in the selected accuracy/EER field.,0.6815000000000001,0.7606737761243697,,,0,0,0,0,0,1,0,0,dl,FF-NN,,everyday activities,low (one day),3s,,Microsoft Band 2,wrist,handcrafted,low,no,"biorthogonal wavelet decomposition (detail of coefficient sub-band 1, Bior 4.4)",window,no,yes,10 patients 20 non-patients?
486_486-0-1-Exp-2-Bior4-4-A1,685,486|486.0.1 / Exp 2 Bior4.4 A1,486,486.0.1 / Exp 2 Bior4.4 A1,PPG,everyday activities,low (one day),dl,30,30,0.8230875014240396,converted EER,70.97,0.7097,0.7097,,included; accuracy missing and EER is a valid percentage,,,no reported uncertainty,,0,No parenthesized uncertainty was reported in the selected accuracy/EER field.,0.7097,0.8939274745003531,,,0,0,0,0,0,1,0,0,dl,FF-NN,,everyday activities,low (one day),3s,,Microsoft Band 2,wrist,handcrafted,low,no,"biorthogonal wavelet decomposition (approximation of coefficient sub-band 1, Bior 4.4)",window,no,yes,10 patients 20 non-patients?
486_486-0-1-Exp-2-Bior4-4-D2,686,486|486.0.1 / Exp 2 Bior4.4 D2,486,486.0.1 / Exp 2 Bior4.4 D2,PPG,everyday activities,low (one day),dl,30,30,0.8230875014240396,converted EER,62.43,0.6243,0.6243,,included; accuracy missing and EER is a valid percentage,,,no reported uncertainty,,0,No parenthesized uncertainty was reported in the selected accuracy/EER field.,0.6243,0.507840069487775,,,0,0,0,0,0,1,0,0,dl,FF-NN,,everyday activities,low (one day),3s,,Microsoft Band 2,wrist,handcrafted,low,no,"biorthogonal wavelet decomposition (detail of coefficient sub-band 2, Bior 4.4)",window,no,yes,10 patients 20 non-patients?
486_486-0-1-Exp-2-Bior4-4-A2,687,486|486.0.1 / Exp 2 Bior4.4 A2,486,486.0.1 / Exp 2 Bior4.4 A2,PPG,everyday activities,low (one day),dl,30,30,0.8230875014240396,converted EER,65.14,0.6514,0.6514,,included; accuracy missing and EER is a valid percentage,,,no reported uncertainty,,0,No parenthesized uncertainty was reported in the selected accuracy/EER field.,0.6514,0.6251987597562125,,,0,0,0,0,0,1,0,0,dl,FF-NN,,everyday activities,low (one day),3s,,Microsoft Band 2,wrist,handcrafted,low,no,"biorthogonal wavelet decomposition (approximation of coefficient sub-band 2, Bior 4.4)",window,no,yes,10 patients 20 non-patients?
486_486-0-1-Exp-2-Bior4-4-D3,688,486|486.0.1 / Exp 2 Bior4.4 D3,486,486.0.1 / Exp 2 Bior4.4 D3,PPG,everyday activities,low (one day),dl,30,30,0.8230875014240396,converted EER,63.46,0.6346,0.6346,,included; accuracy missing and EER is a valid percentage,,,no reported uncertainty,,0,No parenthesized uncertainty was reported in the selected accuracy/EER field.,0.6346,0.5520022352051891,,,0,0,0,0,0,1,0,0,dl,FF-NN,,everyday activities,low (one day),3s,,Microsoft Band 2,wrist,handcrafted,low,no,"biorthogonal wavelet decomposition (detail of coefficient sub-band 3, Bior 4.4)",window,no,yes,10 patients 20 non-patients?
486_486-0-1-Exp-2-Bior4-4-A3,689,486|486.0.1 / Exp 2 Bior4.4 A3,486,486.0.1 / Exp 2 Bior4.4 A3,PPG,everyday activities,low (one day),dl,30,30,0.8230875014240396,converted EER,62.84,0.6284000000000001,0.6284000000000001,,included; accuracy missing and EER is a valid percentage,,,no reported uncertainty,,0,No parenthesized uncertainty was reported in the selected accuracy/EER field.,0.6284000000000001,0.5253588994417829,,,0,0,0,0,0,1,0,0,dl,FF-NN,,everyday activities,low (one day),3s,,Microsoft Band 2,wrist,handcrafted,low,no,"biorthogonal wavelet decomposition (approximation of coefficient sub-band 3, Bior 4.4)",window,no,yes,10 patients 20 non-patients?
486_486-0-1-Exp-2-Bior5-5-D1,690,486|486.0.1 / Exp 2 Bior5.5 D1,486,486.0.1 / Exp 2 Bior5.5 D1,PPG,everyday activities,low (one day),dl,30,30,0.8230875014240396,converted EER,68.39,0.6839,0.6839,,included; accuracy missing and EER is a valid percentage,,,no reported uncertainty,,0,No parenthesized uncertainty was reported in the selected accuracy/EER field.,0.6839,0.7717530888824781,,,0,0,0,0,0,1,0,0,dl,FF-NN,,everyday activities,low (one day),3s,,Microsoft Band 2,wrist,handcrafted,low,no,"biorthogonal wavelet decomposition (detail of coefficient sub-band 1, Bior 5.5)",window,no,yes,10 patients 20 non-patients?
486_486-0-1-Exp-2-Bior5-5-A1,691,486|486.0.1 / Exp 2 Bior5.5 A1,486,486.0.1 / Exp 2 Bior5.5 A1,PPG,everyday activities,low (one day),dl,30,30,0.8230875014240396,converted EER,68.13,0.6812999999999999,0.6812999999999999,,included; accuracy missing and EER is a valid percentage,,,no reported uncertainty,,0,No parenthesized uncertainty was reported in the selected accuracy/EER field.,0.6812999999999999,0.7597525163563313,,,0,0,0,0,0,1,0,0,dl,FF-NN,,everyday activities,low (one day),3s,,Microsoft Band 2,wrist,handcrafted,low,no,"biorthogonal wavelet decomposition (approximation of coefficient sub-band 1, Bior 5.5)",window,no,yes,10 patients 20 non-patients?
486_486-0-1-Exp-2-Bior5-5-D2,692,486|486.0.1 / Exp 2 Bior5.5 D2,486,486.0.1 / Exp 2 Bior5.5 D2,PPG,everyday activities,low (one day),dl,30,30,0.8230875014240396,converted EER,66.33,0.6633,0.6633,,included; accuracy missing and EER is a valid percentage,,,no reported uncertainty,,0,No parenthesized uncertainty was reported in the selected accuracy/EER field.,0.6633,0.6780350503644815,,,0,0,0,0,0,1,0,0,dl,FF-NN,,everyday activities,low (one day),3s,,Microsoft Band 2,wrist,handcrafted,low,no,"biorthogonal wavelet decomposition (detail of coefficient sub-band 2, Bior 5.5)",window,no,yes,10 patients 20 non-patients?
486_486-0-1-Exp-2-Bior5-5-A2,693,486|486.0.1 / Exp 2 Bior5.5 A2,486,486.0.1 / Exp 2 Bior5.5 A2,PPG,everyday activities,low (one day),dl,30,30,0.8230875014240396,converted EER,65.95,0.6595,0.6595,,included; accuracy missing and EER is a valid percentage,,,no reported uncertainty,,0,No parenthesized uncertainty was reported in the selected accuracy/EER field.,0.6595,0.6610668465678021,,,0,0,0,0,0,1,0,0,dl,FF-NN,,everyday activities,low (one day),3s,,Microsoft Band 2,wrist,handcrafted,low,no,"biorthogonal wavelet decomposition (approximation of coefficient sub-band 2, Bior 5.5)",window,no,yes,10 patients 20 non-patients?
486_486-0-1-Exp-2-Bior5-5-D3,694,486|486.0.1 / Exp 2 Bior5.5 D3,486,486.0.1 / Exp 2 Bior5.5 D3,PPG,everyday activities,low (one day),dl,30,30,0.8230875014240396,converted EER,64.07,0.6406999999999999,0.6406999999999999,,included; accuracy missing and EER is a valid percentage,,,no reported uncertainty,,0,No parenthesized uncertainty was reported in the selected accuracy/EER field.,0.6406999999999999,0.5784036345255025,,,0,0,0,0,0,1,0,0,dl,FF-NN,,everyday activities,low (one day),3s,,Microsoft Band 2,wrist,handcrafted,low,no,"biorthogonal wavelet decomposition (detail of coefficient sub-band 3, Bior 5.5)",window,no,yes,10 patients 20 non-patients?
486_486-0-1-Exp-2-Bior5-5-A3,695,486|486.0.1 / Exp 2 Bior5.5 A3,486,486.0.1 / Exp 2 Bior5.5 A3,PPG,everyday activities,low (one day),dl,30,30,0.8230875014240396,converted EER,60.99,0.6099,0.6099,,included; accuracy missing and EER is a valid percentage,,,no reported uncertainty,,0,No parenthesized uncertainty was reported in the selected accuracy/EER field.,0.6099,0.4468918927897998,,,0,0,0,0,0,1,0,0,dl,FF-NN,,everyday activities,low (one day),3s,,Microsoft Band 2,wrist,handcrafted,low,no,"biorthogonal wavelet decomposition (approximation of coefficient sub-band 3, Bior 5.5)",window,no,yes,10 patients 20 non-patients?
486_486-0-1-Exp-2-Bior6-8-D1,696,486|486.0.1 / Exp 2 Bior6.8 D1,486,486.0.1 / Exp 2 Bior6.8 D1,PPG,everyday activities,low (one day),dl,30,30,0.8230875014240396,converted EER,64.78,0.6478,0.6478,,included; accuracy missing and EER is a valid percentage,,,no reported uncertainty,,0,No parenthesized uncertainty was reported in the selected accuracy/EER field.,0.6478,0.6093828106751233,,,0,0,0,0,0,1,0,0,dl,FF-NN,,everyday activities,low (one day),3s,,Microsoft Band 2,wrist,handcrafted,low,no,"biorthogonal wavelet decomposition (detail of coefficient sub-band 1, Bior 6.8)",window,no,yes,10 patients 20 non-patients?
486_486-0-1-Exp-2-Bior6-8-A1,697,486|486.0.1 / Exp 2 Bior6.8 A1,486,486.0.1 / Exp 2 Bior6.8 A1,PPG,everyday activities,low (one day),dl,30,30,0.8230875014240396,converted EER,66.93,0.6693000000000001,0.6693000000000001,,included; accuracy missing and EER is a valid percentage,,,no reported uncertainty,,0,No parenthesized uncertainty was reported in the selected accuracy/EER field.,0.6693000000000001,0.7050207701188499,,,0,0,0,0,0,1,0,0,dl,FF-NN,,everyday activities,low (one day),3s,,Microsoft Band 2,wrist,handcrafted,low,no,"biorthogonal wavelet decomposition (approximation of coefficient sub-band 1, Bior 6.8)",window,no,yes,10 patients 20 non-patients?
486_486-0-1-Exp-2-Bior6-8-D2,698,486|486.0.1 / Exp 2 Bior6.8 D2,486,486.0.1 / Exp 2 Bior6.8 D2,PPG,everyday activities,low (one day),dl,30,30,0.8230875014240396,converted EER,66.41,0.6640999999999999,0.6640999999999999,,included; accuracy missing and EER is a valid percentage,,,no reported uncertainty,,0,No parenthesized uncertainty was reported in the selected accuracy/EER field.,0.6640999999999999,0.6816192439284205,,,0,0,0,0,0,1,0,0,dl,FF-NN,,everyday activities,low (one day),3s,,Microsoft Band 2,wrist,handcrafted,low,no,"biorthogonal wavelet decomposition (detail of coefficient sub-band 2, Bior 6.8)",window,no,yes,10 patients 20 non-patients?
486_486-0-1-Exp-2-Bior6-8-A2,699,486|486.0.1 / Exp 2 Bior6.8 A2,486,486.0.1 / Exp 2 Bior6.8 A2,PPG,everyday activities,low (one day),dl,30,30,0.8230875014240396,converted EER,69.06,0.6906,0.6906,,included; accuracy missing and EER is a valid percentage,,,no reported uncertainty,,0,No parenthesized uncertainty was reported in the selected accuracy/EER field.,0.6906,0.8029258468169262,,,0,0,0,0,0,1,0,0,dl,FF-NN,,everyday activities,low (one day),3s,,Microsoft Band 2,wrist,handcrafted,low,no,"biorthogonal wavelet decomposition (approximation of coefficient sub-band 2, Bior 6.8)",window,no,yes,10 patients 20 non-patients?
486_486-0-1-Exp-2-Bior6-8-D3,700,486|486.0.1 / Exp 2 Bior6.8 D3,486,486.0.1 / Exp 2 Bior6.8 D3,PPG,everyday activities,low (one day),dl,30,30,0.8230875014240396,converted EER,62.6,0.626,0.626,,included; accuracy missing and EER is a valid percentage,,,no reported uncertainty,,0,No parenthesized uncertainty was reported in the selected accuracy/EER field.,0.626,0.5150945736855667,,,0,0,0,0,0,1,0,0,dl,FF-NN,,everyday activities,low (one day),3s,,Microsoft Band 2,wrist,handcrafted,low,no,"biorthogonal wavelet decomposition (detail of coefficient sub-band 3, Bior 6.8)",window,no,yes,10 patients 20 non-patients?
486_486-0-1-Exp-2-Bior6-8-A3,701,486|486.0.1 / Exp 2 Bior6.8 A3,486,486.0.1 / Exp 2 Bior6.8 A3,PPG,everyday activities,low (one day),dl,30,30,0.8230875014240396,converted EER,62.1,0.621,0.621,,included; accuracy missing and EER is a valid percentage,,,no reported uncertainty,,0,No parenthesized uncertainty was reported in the selected accuracy/EER field.,0.621,0.49379487685105233,,,0,0,0,0,0,1,0,0,dl,FF-NN,,everyday activities,low (one day),3s,,Microsoft Band 2,wrist,handcrafted,low,no,"biorthogonal wavelet decomposition (approximation of coefficient sub-band 3, Bior 6.8)",window,no,yes,10 patients 20 non-patients?
486_486-0-1-Exp-3-Bior1-1-Approx-Coefficient-Fusion,702,486|486.0.1 / Exp 3 Bior1.1 Approx. Coefficient Fusion,486,486.0.1 / Exp 3 Bior1.1 Approx. Coefficient Fusion,PPG,everyday activities,low (one day),dl,30,30,0.8230875014240396,converted EER,86,0.86,0.86,,included; accuracy missing and EER is a valid percentage,,,no reported uncertainty,,0,No parenthesized uncertainty was reported in the selected accuracy/EER field.,0.86,1.815289966638249,,,0,0,0,0,0,1,0,0,dl,FF-NN,,everyday activities,low (one day),3s,,Microsoft Band 2,wrist,handcrafted,medium,no,"biorthogonal wavelet decomposition (approximation of coefficient, Bior 1.1)",window,no,yes,10 patients 20 non-patients?
486_486-0-1-Exp-3-Bior1-1-Coefficient-Fusion,703,486|486.0.1 / Exp 3 Bior1.1 Coefficient Fusion,486,486.0.1 / Exp 3 Bior1.1 Coefficient Fusion,PPG,everyday activities,low (one day),dl,30,30,0.8230875014240396,converted EER,86.2,0.862,0.862,,included; accuracy missing and EER is a valid percentage,,,no reported uncertainty,,0,No parenthesized uncertainty was reported in the selected accuracy/EER field.,0.862,1.8320015855064884,,,0,0,0,0,0,1,0,0,dl,FF-NN,,everyday activities,low (one day),3s,,Microsoft Band 2,wrist,handcrafted,medium,no,"biorthogonal wavelet decomposition (detail of coefficient, Bior 1.1)",window,no,yes,10 patients 20 non-patients?
486_486-0-1-Exp-3-Bior1-3-Approx-Coefficient-Fusion,704,486|486.0.1 / Exp 3 Bior1.3 Approx. Coefficient Fusion,486,486.0.1 / Exp 3 Bior1.3 Approx. Coefficient Fusion,PPG,everyday activities,low (one day),dl,30,30,0.8230875014240396,converted EER,85.17,0.8517,0.8517,,included; accuracy missing and EER is a valid percentage,,,no reported uncertainty,,0,No parenthesized uncertainty was reported in the selected accuracy/EER field.,0.8517,1.747997103003149,,,0,0,0,0,0,1,0,0,dl,FF-NN,,everyday activities,low (one day),3s,,Microsoft Band 2,wrist,handcrafted,medium,no,"biorthogonal wavelet decomposition (approximation of coefficient, Bior 1.3)",window,no,yes,10 patients 20 non-patients?
486_486-0-1-Exp-3-Bior1-3-Coefficient-Fusion,705,486|486.0.1 / Exp 3 Bior1.3 Coefficient Fusion,486,486.0.1 / Exp 3 Bior1.3 Coefficient Fusion,PPG,everyday activities,low (one day),dl,30,30,0.8230875014240396,converted EER,85.11,0.8511,0.8511,,included; accuracy missing and EER is a valid percentage,,,no reported uncertainty,,0,No parenthesized uncertainty was reported in the selected accuracy/EER field.,0.8511,1.7432546907929518,,,0,0,0,0,0,1,0,0,dl,FF-NN,,everyday activities,low (one day),3s,,Microsoft Band 2,wrist,handcrafted,medium,no,"biorthogonal wavelet decomposition (detail of coefficient, Bior 1.3)",window,no,yes,10 patients 20 non-patients?
486_Approx,706,486|Approx,486,Approx,PPG,everyday activities,low (one day),dl,30,30,0.8230875014240396,converted EER,86.83,0.8683,0.8683,,included; accuracy missing and EER is a valid percentage,EER,7.14,converted subject-level SD,30,0,Single-user uploaded results support SD/sqrt(30) conversion for rows with parenthesized SDs.,0.8683,1.8860106683173636,0.013035796868622954,0.013035796868622954,0.11399400401628708,1,0.11399400401628708,1,0,1,0,0,dl,FF-NN,,everyday activities,low (one day),3s,,Microsoft Band 2,wrist,handcrafted,medium,no,biorthogonal wavelet decomposition (approximation of coefficient),window,no,yes,10 patients 20 non-patients?
486_Coef,707,486|Coef,486,Coef,PPG,everyday activities,low (one day),dl,30,30,0.8230875014240396,converted EER,87.58,0.8758,0.8758,,included; accuracy missing and EER is a valid percentage,EER,7.28,converted subject-level SD,30,0,Single-user uploaded results support SD/sqrt(30) conversion for rows with parenthesized SDs.,0.8758,1.9532445848679199,0.01329140072879203,0.01329140072879203,0.12219240571759771,1,0.12219240571759771,1,0,1,0,0,dl,FF-NN,,everyday activities,low (one day),3s,,Microsoft Band 2,wrist,handcrafted,medium,no,biorthogonal wavelet decomposition (detail of coefficient),window,no,yes,10 patients 20 non-patients?
382_382-0-1-HR-CNN,708,382|382.0.1 HR CNN,382,382.0.1 HR CNN,PPG,everyday activities,low (one day),dl,10,10,-1.0159385049485599,direct accuracy,60.3,0.603,0.603,,included,accuracy,1.4,trustworthy SE,,0,Reported user-level SE accepted directly.,0.603,0.41798091603999493,0.013999999999999999,0.013999999999999999,0.05848173072504814,1,0.05848173072504814,1,0,1,0,0,dl,CNN,no intruders,everyday activities,low (one day),10min,600 windows x 10 min,Fitbit Ionic,wrist,hybrid,medium,no,not described,window,no,no,no unseen imposters
382_382-0-1-HR-RNN,709,382|382.0.1 HR RNN,382,382.0.1 HR RNN,PPG,everyday activities,low (one day),dl_temp,10,10,-1.0159385049485599,direct accuracy,61.5,0.615,0.615,,included,accuracy,1.4,trustworthy SE,,0,Reported user-level SE accepted directly.,0.615,0.4683789335187336,0.013999999999999999,0.013999999999999999,0.05912786400591278,1,0.05912786400591278,1,0,1,0,0,dl_temp,RNN,no intruders,everyday activities,low (one day),10min,600 windows x 10 min,Fitbit Ionic,wrist,hybrid,medium,no,not described,window,no,no,no unseen imposters
382_382-0-1-HR-CRNN,710,382|382.0.1 HR CRNN,382,382.0.1 HR CRNN,PPG,everyday activities,low (one day),dl_temp,10,10,-1.0159385049485599,direct accuracy,60.3,0.603,0.603,,included,accuracy,1.9,trustworthy SE,,0,Reported user-level SE accepted directly.,0.603,0.41798091603999493,0.019,0.019,0.07936806312685105,1,0.07936806312685105,1,0,1,0,0,dl_temp,TCM/CNN+LSTM/CRNN,no intruders,everyday activities,low (one day),10min,600 windows x 10 min,Fitbit Ionic,wrist,hybrid,medium,no,not described,window,no,no,no unseen imposters
382_382-0-1-HRB-CNN,711,382|382.0.1 HRB CNN,382,382.0.1 HRB CNN,"PPG, microphone",everyday activities,low (one day),dl,10,10,-1.0159385049485599,direct accuracy,94.4,0.9440000000000001,0.9440000000000001,,included,accuracy,0.9,trustworthy SE,,0,Reported user-level SE accepted directly.,0.9440000000000001,2.8247744754103525,0.009000000000000001,0.009000000000000001,0.17024818401937064,1,0.17024818401937064,1,0,1,1,1,dl,CNN,no intruders,everyday activities,low (one day),10min,600 windows x 10 min,Fitbit Ionic + microphone,wrist,hybrid,medium,no,not described,window,no,no,no unseen imposters
382_382-0-1-HRB-RNN,712,382|382.0.1 HRB RNN,382,382.0.1 HRB RNN,"PPG, microphone",everyday activities,low (one day),dl_temp,10,10,-1.0159385049485599,direct accuracy,86.3,0.863,0.863,,included,accuracy,0.8,trustworthy SE,,0,Reported user-level SE accepted directly.,0.863,1.840433765255303,0.008,0.008,0.06766414899645609,1,0.06766414899645609,1,0,1,1,1,dl_temp,RNN,no intruders,everyday activities,low (one day),10min,600 windows x 10 min,Fitbit Ionic + microphone,wrist,hybrid,medium,no,not described,window,no,no,no unseen imposters
382_382-0-1-HRB-CRNN,713,382|382.0.1 HRB CRNN,382,382.0.1 HRB CRNN,"PPG, microphone",everyday activities,low (one day),dl_temp,10,10,-1.0159385049485599,direct accuracy,86,0.86,0.86,,included,accuracy,0.1,trustworthy SE,,0,Reported user-level SE accepted directly.,0.86,1.815289966638249,0.001,0.001,0.00830564784053156,1,0.00830564784053156,1,0,1,1,1,dl_temp,TCM/CNN+LSTM/CRNN,no intruders,everyday activities,low (one day),10min,600 windows x 10 min,Fitbit Ionic + microphone,wrist,hybrid,medium,no,not described,window,no,no,no unseen imposters
374_374-0-1,714,374|374.0.1,374,374.0.1,PPG,multiple conditions,low (one day),dl_temp,20,20,0.14435772006360537,direct accuracy,96,0.96,0.96,,included,accuracy,4,converted subject-level SD,20,0,Single-user uploaded results support SD/sqrt(20) conversion.,0.96,3.178053830347945,0.008944271909999158,0.008944271909999158,0.23292374765622786,1,0.23292374765622786,1,0,1,0,0,dl_temp,TCM/CNN+LSTM/CRNN,no intruders,multiple conditions,low (one day),8s,4 minutes (80%),own device,wrist,deep,,no,band-pass 4th order Butterworth filter (cut-off frequencies 0.1 – 18 Hz),window,yes,yes,no unseen imposters
266_15-15-20-15,715,266|15 15 20 15,266,15 15 20 15,PPG,multiple conditions,low (one day),dl_temp,12,12,-0.7107406768112912,direct accuracy,95,0.95,0.95,,included,,,no reported uncertainty,,0,No parenthesized uncertainty was reported in the selected accuracy/EER field.,0.95,2.9444389791664394,,,0,0,0,0,0,1,0,0,dl_temp,TCM/CNN+LSTM/CRNN,no intruders,multiple conditions,low (one day),,4 minutes (80%),own device,wrist,deep,,no,band-pass 4th order Butterworth filter (cut-off frequencies 0.1 – 18 Hz),none,yes,yes,no unseen imposters
266_15-15-30-15,716,266|15 15 30 15,266,15 15 30 15,PPG,multiple conditions,low (one day),dl_temp,12,12,-0.7107406768112912,direct accuracy,95,0.95,0.95,,included,,,no reported uncertainty,,0,No parenthesized uncertainty was reported in the selected accuracy/EER field.,0.95,2.9444389791664394,,,0,0,0,0,0,1,0,0,dl_temp,TCM/CNN+LSTM/CRNN,no intruders,multiple conditions,low (one day),,4 minutes (80%),own device,wrist,deep,,no,band-pass 4th order Butterworth filter (cut-off frequencies 0.1 – 18 Hz),none,yes,yes,no unseen imposters
266_15-15-40-15,717,266|15 15 40 15,266,15 15 40 15,PPG,multiple conditions,low (one day),dl_temp,12,12,-0.7107406768112912,direct accuracy,95,0.95,0.95,,included,,,no reported uncertainty,,0,No parenthesized uncertainty was reported in the selected accuracy/EER field.,0.95,2.9444389791664394,,,0,0,0,0,0,1,0,0,dl_temp,TCM/CNN+LSTM/CRNN,no intruders,multiple conditions,low (one day),,4 minutes (80%),own device,wrist,deep,,no,band-pass 4th order Butterworth filter (cut-off frequencies 0.1 – 18 Hz),none,yes,yes,no unseen imposters
266_15-15-50-15,718,266|15 15 50 15,266,15 15 50 15,PPG,multiple conditions,low (one day),dl_temp,12,12,-0.7107406768112912,direct accuracy,96,0.96,0.96,,included,,,no reported uncertainty,,0,No parenthesized uncertainty was reported in the selected accuracy/EER field.,0.96,3.178053830347945,,,0,0,0,0,0,1,0,0,dl_temp,TCM/CNN+LSTM/CRNN,no intruders,multiple conditions,low (one day),,4 minutes (80%),own device,wrist,deep,,no,band-pass 4th order Butterworth filter (cut-off frequencies 0.1 – 18 Hz),none,yes,yes,no unseen imposters
266_30-15-20-15,719,266|30 15 20 15,266,30 15 20 15,PPG,multiple conditions,low (one day),dl_temp,12,12,-0.7107406768112912,direct accuracy,95,0.95,0.95,,included,,,no reported uncertainty,,0,No parenthesized uncertainty was reported in the selected accuracy/EER field.,0.95,2.9444389791664394,,,0,0,0,0,0,1,0,0,dl_temp,TCM/CNN+LSTM/CRNN,no intruders,multiple conditions,low (one day),,4 minutes (80%),own device,wrist,deep,,no,band-pass 4th order Butterworth filter (cut-off frequencies 0.1 – 18 Hz),none,yes,yes,no unseen imposters
266_30-15-30-15,720,266|30 15 30 15,266,30 15 30 15,PPG,multiple conditions,low (one day),dl_temp,12,12,-0.7107406768112912,direct accuracy,95,0.95,0.95,,included,,,no reported uncertainty,,0,No parenthesized uncertainty was reported in the selected accuracy/EER field.,0.95,2.9444389791664394,,,0,0,0,0,0,1,0,0,dl_temp,TCM/CNN+LSTM/CRNN,no intruders,multiple conditions,low (one day),,4 minutes (80%),own device,wrist,deep,,no,band-pass 4th order Butterworth filter (cut-off frequencies 0.1 – 18 Hz),none,yes,yes,no unseen imposters
266_30-15-40-15,721,266|30 15 40 15,266,30 15 40 15,PPG,multiple conditions,low (one day),dl_temp,12,12,-0.7107406768112912,direct accuracy,96,0.96,0.96,,included,,,no reported uncertainty,,0,No parenthesized uncertainty was reported in the selected accuracy/EER field.,0.96,3.178053830347945,,,0,0,0,0,0,1,0,0,dl_temp,TCM/CNN+LSTM/CRNN,no intruders,multiple conditions,low (one day),,4 minutes (80%),own device,wrist,deep,,no,band-pass 4th order Butterworth filter (cut-off frequencies 0.1 – 18 Hz),none,yes,yes,no unseen imposters
266_30-15-50-15,722,266|30 15 50 15,266,30 15 50 15,PPG,multiple conditions,low (one day),dl_temp,12,12,-0.7107406768112912,direct accuracy,96,0.96,0.96,,included,,,no reported uncertainty,,0,No parenthesized uncertainty was reported in the selected accuracy/EER field.,0.96,3.178053830347945,,,0,0,0,0,0,1,0,0,dl_temp,TCM/CNN+LSTM/CRNN,no intruders,multiple conditions,low (one day),,4 minutes (80%),own device,wrist,deep,,no,band-pass 4th order Butterworth filter (cut-off frequencies 0.1 – 18 Hz),none,yes,yes,no unseen imposters
266_30-32-20-15,723,266|30 32 20 15,266,30 32 20 15,PPG,multiple conditions,low (one day),dl_temp,12,12,-0.7107406768112912,direct accuracy,95,0.95,0.95,,included,,,no reported uncertainty,,0,No parenthesized uncertainty was reported in the selected accuracy/EER field.,0.95,2.9444389791664394,,,0,0,0,0,0,1,0,0,dl_temp,TCM/CNN+LSTM/CRNN,no intruders,multiple conditions,low (one day),,4 minutes (80%),own device,wrist,deep,,no,band-pass 4th order Butterworth filter (cut-off frequencies 0.1 – 18 Hz),none,yes,yes,no unseen imposters
266_30-32-30-32,724,266|30 32 30 32,266,30 32 30 32,PPG,multiple conditions,low (one day),dl_temp,12,12,-0.7107406768112912,direct accuracy,96,0.96,0.96,,included,,,no reported uncertainty,,0,No parenthesized uncertainty was reported in the selected accuracy/EER field.,0.96,3.178053830347945,,,0,0,0,0,0,1,0,0,dl_temp,TCM/CNN+LSTM/CRNN,no intruders,multiple conditions,low (one day),,4 minutes (80%),own device,wrist,deep,,no,band-pass 4th order Butterworth filter (cut-off frequencies 0.1 – 18 Hz),none,yes,yes,no unseen imposters
266_30-32-40-32,725,266|30 32 40 32,266,30 32 40 32,PPG,multiple conditions,low (one day),dl_temp,12,12,-0.7107406768112912,direct accuracy,96,0.96,0.96,,included,,,no reported uncertainty,,0,No parenthesized uncertainty was reported in the selected accuracy/EER field.,0.96,3.178053830347945,,,0,0,0,0,0,1,0,0,dl_temp,TCM/CNN+LSTM/CRNN,no intruders,multiple conditions,low (one day),,4 minutes (80%),own device,wrist,deep,,no,band-pass 4th order Butterworth filter (cut-off frequencies 0.1 – 18 Hz),none,yes,yes,no unseen imposters
266_30-32-50-32,726,266|30 32 50 32,266,30 32 50 32,PPG,multiple conditions,low (one day),dl_temp,12,12,-0.7107406768112912,direct accuracy,96,0.96,0.96,,included,,,no reported uncertainty,,0,No parenthesized uncertainty was reported in the selected accuracy/EER field.,0.96,3.178053830347945,,,0,0,0,0,0,1,0,0,dl_temp,TCM/CNN+LSTM/CRNN,no intruders,multiple conditions,low (one day),,4 minutes (80%),own device,wrist,deep,,no,band-pass 4th order Butterworth filter (cut-off frequencies 0.1 – 18 Hz),none,yes,yes,no unseen imposters
