experiment_id,source_row,id,experience,modality,stable_key,algorithm,algorithm_family,algorithm_details,number_of_individuals,conditions,device,sampling_frequency,number_of_channels_electrodes,acquisition_time,duration,ECG,EDA,PPG,SCG,VHF,microphone,multimodal,age_and_gender_reported,device_location,permanence,authentication_time,enroll_time,internal_validation,external_validation,accuracy_raw,eer_raw,f1_raw,auc_raw,features_raw,feature_type,feature_dim,dim_reduction,noise_reduction,segmentation,segmentation_type,normalization,normalizationyn,filteringyn,accuracy_percent_raw_parsed,eer_percent_raw_parsed,outcome_source,outcome_percent,outcome_probability,boundary_epsilon,outcome_probability_corrected,outcome_logit,inclusion_status,exclusion_reason,outcome_decision_note,uncertainty_reported_source,uncertainty_reported_percent,se_provenance_category,se_conversion_denominator,se_probability_primary,se_logit_primary,include_se_primary,se_probability_sensitivity,se_logit_sensitivity,include_se_sensitivity,uncertainty_exclusion_flag,se_decision_note
28_,1,28,,PPG,28|,LSTM,dl_temp,Exponentially Weighted Moving Average (EWMA) Confidence unit,15,one condition,Empatica E4,64 Hz,,5-30 min,5-30 min,0,0,1,0,0,0,0,0,wrist,low (one day),64 PPG readings,5 min,time-based splitting,14 intruders,,4.8%,,,time series data (Automatic feature extraction via DL),deep,,no,none,none,none,batch normalization in source data set,yes,no,,4.8,converted EER,95.2,0.9520000000000001,,0.9520000000000001,2.987364023883476,included,,included; accuracy missing and EER is a valid percentage,,,no reported uncertainty,,,,0,,,0,0,No parenthesized uncertainty was reported in the selected accuracy/EER field.
36_Hexoskin-M50-NB,2,36,Hexoskin M50 NB,ECG,36|Hexoskin M50 NB,NB,Other algorithm,NB + Manhattan distance,13,multiple conditions,Hexoskin Hx1,256 Hz,3 electrodes,5-30 min,5-30 min,1,0,0,0,0,0,0,0,chest/torso,low (one day),4s,837 samples,"5-Fold CV, 3 intruders held out in each fold, 50/50 training/testing within fold",3 intruders,,24.62%,,,"Fiducial features, manhattan- and euclidian distances: Qamp, Ramp, Samp, Tamp, QQman, RRman, SSman, TTman, QQeuc, RReuc, SSeuc, TTeuc, Manhattan distances of QR, ST, RS, RT, QS, QT, RST, and QRS for 1/2/3 peaks",handcrafted,medium,no,"Downsampled to 200 Hz. third order band‐pass filter (0.5-45 Hz), mean filter for signal smoothing.",4‐s time windows and a 1‐s delay between windows,window,not described,no,yes,,24.62,converted EER,75.38,0.7537999999999999,,0.7537999999999999,1.1189828670826814,included,,included; accuracy missing and EER is a valid percentage,,,no reported uncertainty,,,,0,,,0,0,No parenthesized uncertainty was reported in the selected accuracy/EER field.
36_Hexoskin-M40-NB,3,36,Hexoskin M40 NB,ECG,36|Hexoskin M40 NB,NB,Other algorithm,NB + Manhattan distance,13,multiple conditions,Hexoskin Hx1,256 Hz,3 electrodes,5-30 min,5-30 min,1,0,0,0,0,0,0,0,chest/torso,low (one day),4s,1005 samples,"5-Fold CV, 3 intruders held out in each fold, 60/40 training/testing within fold",3 intruders,,21.09%,,,"Fiducial features, manhattan- and euclidian distances: Qamp, Ramp, Samp, Tamp, QQman, RRman, SSman, TTman, QQeuc, RReuc, SSeuc, TTeuc, Manhattan distances of QR, ST, RS, RT, QS, QT, RST, and QRS for 1/2/3 peaks",handcrafted,medium,no,"Downsampled to 200 Hz. third order band‐pass filter (0.5-45 Hz), mean filter for signal smoothing.",4‐s time windows and a 1‐s delay between windows,window,not described,no,yes,,21.09,converted EER,78.91,0.7890999999999999,,0.7890999999999999,1.3195089680422598,included,,included; accuracy missing and EER is a valid percentage,,,no reported uncertainty,,,,0,,,0,0,No parenthesized uncertainty was reported in the selected accuracy/EER field.
36_Hexoskin-M30-NB,4,36,Hexoskin M30 NB,ECG,36|Hexoskin M30 NB,NB,Other algorithm,NB + Manhattan distance,13,multiple conditions,Hexoskin Hx1,256 Hz,3 electrodes,5-30 min,5-30 min,1,0,0,0,0,0,0,0,chest/torso,low (one day),4s,1172 samples,"5-Fold CV, 3 intruders held out in each fold, 70/30 training/testing within fold",3 intruders,,18.27%,,,"Fiducial features, manhattan- and euclidian distances: Qamp, Ramp, Samp, Tamp, QQman, RRman, SSman, TTman, QQeuc, RReuc, SSeuc, TTeuc, Manhattan distances of QR, ST, RS, RT, QS, QT, RST, and QRS for 1/2/3 peaks",handcrafted,medium,no,"Downsampled to 200 Hz. third order band‐pass filter (0.5-45 Hz), mean filter for signal smoothing.",4‐s time windows and a 1‐s delay between windows,window,not described,no,yes,,18.27,converted EER,81.73,0.8173,,0.8173,1.4981607611381231,included,,included; accuracy missing and EER is a valid percentage,,,no reported uncertainty,,,,0,,,0,0,No parenthesized uncertainty was reported in the selected accuracy/EER field.
36_Hexoskin-E50-NB,5,36,Hexoskin E50 NB,ECG,36|Hexoskin E50 NB,NB,Other algorithm,NB + Euclidian distance,13,multiple conditions,Hexoskin Hx1,256 Hz,3 electrodes,5-30 min,5-30 min,1,0,0,0,0,0,0,0,chest/torso,low (one day),4s,837 samples,"5-Fold CV, 3 intruders held out in each fold, 50/50 training/testing within fold",3 intruders,,26.04%,,,"Fiducial features, manhattan- and euclidian distances: Qamp, Ramp, Samp, Tamp, QQman, RRman, SSman, TTman, QQeuc, RReuc, SSeuc, TTeuc, Manhattan distances of QR, ST, RS, RT, QS, QT, RST, and QRS for 1/2/3 peaks",handcrafted,medium,no,"Downsampled to 200 Hz. third order band‐pass filter (0.5-45 Hz), mean filter for signal smoothing.",4‐s time windows and a 1‐s delay between windows,window,not described,no,yes,,26.04,converted EER,73.96000000000001,0.7396,,0.7396,1.0438905891785557,included,,included; accuracy missing and EER is a valid percentage,,,no reported uncertainty,,,,0,,,0,0,No parenthesized uncertainty was reported in the selected accuracy/EER field.
36_Hexoskin-E40-NB,6,36,Hexoskin E40 NB,ECG,36|Hexoskin E40 NB,NB,Other algorithm,NB + Euclidian distance,13,multiple conditions,Hexoskin Hx1,256 Hz,3 electrodes,5-30 min,5-30 min,1,0,0,0,0,0,0,0,chest/torso,low (one day),4s,1005 samples,"5-Fold CV, 3 intruders held out in each fold, 60/40 training/testing within fold",3 intruders,,22.05%,,,"Fiducial features, manhattan- and euclidian distances: Qamp, Ramp, Samp, Tamp, QQman, RRman, SSman, TTman, QQeuc, RReuc, SSeuc, TTeuc, Manhattan distances of QR, ST, RS, RT, QS, QT, RST, and QRS for 1/2/3 peaks",handcrafted,medium,no,"Downsampled to 200 Hz. third order band‐pass filter (0.5-45 Hz), mean filter for signal smoothing.",4‐s time windows and a 1‐s delay between windows,window,not described,no,yes,,22.05,converted EER,77.95,0.7795000000000001,,0.7795000000000001,1.262754993610931,included,,included; accuracy missing and EER is a valid percentage,,,no reported uncertainty,,,,0,,,0,0,No parenthesized uncertainty was reported in the selected accuracy/EER field.
36_Hexoskin-E30-NB,7,36,Hexoskin E30 NB,ECG,36|Hexoskin E30 NB,NB,Other algorithm,NB + Euclidian distance,13,multiple conditions,Hexoskin Hx1,256 Hz,3 electrodes,5-30 min,5-30 min,1,0,0,0,0,0,0,0,chest/torso,low (one day),4s,1172 samples,"5-Fold CV, 3 intruders held out in each fold, 70/30 training/testing within fold",3 intruders,,20.38%,,,"Fiducial features, manhattan- and euclidian distances: Qamp, Ramp, Samp, Tamp, QQman, RRman, SSman, TTman, QQeuc, RReuc, SSeuc, TTeuc, Manhattan distances of QR, ST, RS, RT, QS, QT, RST, and QRS for 1/2/3 peaks",handcrafted,medium,no,"Downsampled to 200 Hz. third order band‐pass filter (0.5-45 Hz), mean filter for signal smoothing.",4‐s time windows and a 1‐s delay between windows,window,not described,no,yes,,20.38,converted EER,79.62,0.7962,,0.7962,1.3627112897775924,included,,included; accuracy missing and EER is a valid percentage,,,no reported uncertainty,,,,0,,,0,0,No parenthesized uncertainty was reported in the selected accuracy/EER field.
36_Hexoskin-M50-DT,8,36,Hexoskin M50 DT,ECG,36|Hexoskin M50 DT,DT,tree,DT + Manhattan distance,13,multiple conditions,Hexoskin Hx1,256 Hz,3 electrodes,5-30 min,5-30 min,1,0,0,0,0,0,0,0,chest/torso,low (one day),4s,837 samples,"5-Fold CV, 3 intruders held out in each fold, 50/50 training/testing within fold",3 intruders,,30.87%,,,"Fiducial features, manhattan- and euclidian distances: Qamp, Ramp, Samp, Tamp, QQman, RRman, SSman, TTman, QQeuc, RReuc, SSeuc, TTeuc, Manhattan distances of QR, ST, RS, RT, QS, QT, RST, and QRS for 1/2/3 peaks",handcrafted,medium,no,"Downsampled to 200 Hz. third order band‐pass filter (0.5-45 Hz), mean filter for signal smoothing.",4‐s time windows and a 1‐s delay between windows,window,not described,no,yes,,30.87,converted EER,69.13,0.6912999999999999,,0.6912999999999999,0.8062039514431053,included,,included; accuracy missing and EER is a valid percentage,,,no reported uncertainty,,,,0,,,0,0,No parenthesized uncertainty was reported in the selected accuracy/EER field.
36_Hexoskin-M40-DT,9,36,Hexoskin M40 DT,ECG,36|Hexoskin M40 DT,DT,tree,DT + Manhattan distance,13,multiple conditions,Hexoskin Hx1,256 Hz,3 electrodes,5-30 min,5-30 min,1,0,0,0,0,0,0,0,chest/torso,low (one day),4s,1005 samples,"5-Fold CV, 3 intruders held out in each fold, 60/40 training/testing within fold",3 intruders,,26.64%,,,"Fiducial features, manhattan- and euclidian distances: Qamp, Ramp, Samp, Tamp, QQman, RRman, SSman, TTman, QQeuc, RReuc, SSeuc, TTeuc, Manhattan distances of QR, ST, RS, RT, QS, QT, RST, and QRS for 1/2/3 peaks",handcrafted,medium,no,"Downsampled to 200 Hz. third order band‐pass filter (0.5-45 Hz), mean filter for signal smoothing.",4‐s time windows and a 1‐s delay between windows,window,not described,no,yes,,26.64,converted EER,73.36,0.7336,,0.7336,1.0129649822760212,included,,included; accuracy missing and EER is a valid percentage,,,no reported uncertainty,,,,0,,,0,0,No parenthesized uncertainty was reported in the selected accuracy/EER field.
36_Hexoskin-M30-DT,10,36,Hexoskin M30 DT,ECG,36|Hexoskin M30 DT,DT,tree,DT + Manhattan distance,13,multiple conditions,Hexoskin Hx1,256 Hz,3 electrodes,5-30 min,5-30 min,1,0,0,0,0,0,0,0,chest/torso,low (one day),4s,1172 samples,"5-Fold CV, 3 intruders held out in each fold, 70/30 training/testing within fold",3 intruders,,25.42%,,,"Fiducial features, manhattan- and euclidian distances: Qamp, Ramp, Samp, Tamp, QQman, RRman, SSman, TTman, QQeuc, RReuc, SSeuc, TTeuc, Manhattan distances of QR, ST, RS, RT, QS, QT, RST, and QRS for 1/2/3 peaks",handcrafted,medium,no,"Downsampled to 200 Hz. third order band‐pass filter (0.5-45 Hz), mean filter for signal smoothing.",4‐s time windows and a 1‐s delay between windows,window,not described,no,yes,,25.42,converted EER,74.58,0.7458,,0.7458,1.0763361089893668,included,,included; accuracy missing and EER is a valid percentage,,,no reported uncertainty,,,,0,,,0,0,No parenthesized uncertainty was reported in the selected accuracy/EER field.
36_Hexoskin-E50-DT,11,36,Hexoskin E50 DT,ECG,36|Hexoskin E50 DT,DT,tree,DT + Euclidian distance,13,multiple conditions,Hexoskin Hx1,256 Hz,3 electrodes,5-30 min,5-30 min,1,0,0,0,0,0,0,0,chest/torso,low (one day),4s,837 samples,"5-Fold CV, 3 intruders held out in each fold, 50/50 training/testing within fold",3 intruders,,31.67%,,,"Fiducial features, manhattan- and euclidian distances: Qamp, Ramp, Samp, Tamp, QQman, RRman, SSman, TTman, QQeuc, RReuc, SSeuc, TTeuc, Manhattan distances of QR, ST, RS, RT, QS, QT, RST, and QRS for 1/2/3 peaks",handcrafted,medium,no,"Downsampled to 200 Hz. third order band‐pass filter (0.5-45 Hz), mean filter for signal smoothing.",4‐s time windows and a 1‐s delay between windows,window,not described,no,yes,,31.67,converted EER,68.33,0.6833,,0.6833,0.7689790482421386,included,,included; accuracy missing and EER is a valid percentage,,,no reported uncertainty,,,,0,,,0,0,No parenthesized uncertainty was reported in the selected accuracy/EER field.
36_Hexoskin-E40-DT,12,36,Hexoskin E40 DT,ECG,36|Hexoskin E40 DT,DT,tree,DT + Euclidian distance,13,multiple conditions,Hexoskin Hx1,256 Hz,3 electrodes,5-30 min,5-30 min,1,0,0,0,0,0,0,0,chest/torso,low (one day),4s,1005 samples,"5-Fold CV, 3 intruders held out in each fold, 60/40 training/testing within fold",3 intruders,,29.33%,,,"Fiducial features, manhattan- and euclidian distances: Qamp, Ramp, Samp, Tamp, QQman, RRman, SSman, TTman, QQeuc, RReuc, SSeuc, TTeuc, Manhattan distances of QR, ST, RS, RT, QS, QT, RST, and QRS for 1/2/3 peaks",handcrafted,medium,no,"Downsampled to 200 Hz. third order band‐pass filter (0.5-45 Hz), mean filter for signal smoothing.",4‐s time windows and a 1‐s delay between windows,window,not described,no,yes,,29.33,converted EER,70.67,0.7067,,0.7067,0.8794102717134032,included,,included; accuracy missing and EER is a valid percentage,,,no reported uncertainty,,,,0,,,0,0,No parenthesized uncertainty was reported in the selected accuracy/EER field.
36_Hexoskin-E30-DT,13,36,Hexoskin E30 DT,ECG,36|Hexoskin E30 DT,DT,tree,DT + Euclidian distance,13,multiple conditions,Hexoskin Hx1,256 Hz,3 electrodes,5-30 min,5-30 min,1,0,0,0,0,0,0,0,chest/torso,low (one day),4s,1172 samples,"5-Fold CV, 3 intruders held out in each fold, 70/30 training/testing within fold",3 intruders,,26.41%,,,"Fiducial features, manhattan- and euclidian distances: Qamp, Ramp, Samp, Tamp, QQman, RRman, SSman, TTman, QQeuc, RReuc, SSeuc, TTeuc, Manhattan distances of QR, ST, RS, RT, QS, QT, RST, and QRS for 1/2/3 peaks",handcrafted,medium,no,"Downsampled to 200 Hz. third order band‐pass filter (0.5-45 Hz), mean filter for signal smoothing.",4‐s time windows and a 1‐s delay between windows,window,not described,no,yes,,26.41,converted EER,73.59,0.7359,,0.7359,1.0247664206294669,included,,included; accuracy missing and EER is a valid percentage,,,no reported uncertainty,,,,0,,,0,0,No parenthesized uncertainty was reported in the selected accuracy/EER field.
43_,14,43,,ECG,43|,CNN,dl,"binarized neural network (EABNN) using convolutional layer with binarized weights, max pooling and fully connected layers",47,,own device,40 kHz,not reported,,,1,0,0,0,0,0,0,0,wrist,,single heartbeat,?,not described,?,,2.11%,,,invariant features of “RR” intervals,handcrafted,,no,FIR bandpass filter to remove baseline wander and environmental noises. (ii) time-sharing re-configurable “QRS” peak detection engine (PDE),single beats,beat,serial FFT-based normalization / SFNE,yes,yes,,2.11,converted EER,97.89,0.9789,,0.9789,3.8371564517853636,included,,included; accuracy missing and EER is a valid percentage,,,no reported uncertainty,,,,0,,,0,0,No parenthesized uncertainty was reported in the selected accuracy/EER field.
55_Empatica-kNN-9-1,15,55,Empatica kNN 9/1,PPG,55|Empatica kNN 9/1,kNN,Other algorithm,,28,multiple conditions,Empatica E4,64 Hz,one channel (green),30-120 min,30-120 min,0,0,1,0,0,0,0,0,wrist,low (one day),2 min,90 min,nested: 10-fold CV within users + 10/90 split,no intruders,,19.43 (10.2),,,"Mean RR, STD RR, RMSSD, pNN50, HRV triangular index, TINN, SDSD, LF, HF, LF/HF, VLF",handcrafted,low,no,"points exceeding more than 20% of local average of 3 beats are excluded, then interpolation for missing data",non-overlapping 120s windows,window,not described,no,yes,,19.43,converted EER,80.57,0.8057,,0.8057,1.4223081083997557,included,,included; accuracy missing and EER is a valid percentage,EER,10.2,converted subject-level SD,28,0.019276188123470584,0.12313315059096488,1,0.019276188123470584,0.12313315059096488,1,0,Parenthesized value is a subject-level SD; SE recovered as SD/sqrt(28).
55_Empatica-RF-9-1,16,55,Empatica RF 9/1,PPG,55|Empatica RF 9/1,RF,tree,majority class subsampling,28,multiple conditions,Empatica E4,64 Hz,one channel (green),30-120 min,30-120 min,0,0,1,0,0,0,0,0,wrist,low (one day),2 min,90 min,nested: 10-fold CV within users + 10/90 split,no intruders,,6.77 (4.08),,,"Mean RR, STD RR, RMSSD, pNN50, HRV triangular index, TINN, SDSD, LF, HF, LF/HF, VLF",handcrafted,low,no,"points exceeding more than 20% of local average of 3 beats are excluded, then interpolation for missing data",non-overlapping 120s windows,window,not described,no,yes,,6.77,converted EER,93.23,0.9323,,0.9323,2.622568471384419,included,,included; accuracy missing and EER is a valid percentage,EER,4.08,converted subject-level SD,28,0.007710475249388235,0.12216218572527367,1,0.007710475249388235,0.12216218572527367,1,0,Parenthesized value is a subject-level SD; SE recovered as SD/sqrt(28).
55_Empatica-MLP-9-1,17,55,Empatica MLP 9/1,PPG,55|Empatica MLP 9/1,MLP,dl,"majority class subsampling, MLP with one hidden layer",28,multiple conditions,Empatica E4,64 Hz,one channel (green),30-120 min,30-120 min,0,0,1,0,0,0,0,0,wrist,low (one day),2 min,90 min,nested: 10-fold CV within users + 10/90 split,no intruders,,13.03 (8.73),,,"Mean RR, STD RR, RMSSD, pNN50, HRV triangular index, TINN, SDSD, LF, HF, LF/HF, VLF",handcrafted,low,no,"points exceeding more than 20% of local average of 3 beats are excluded, then interpolation for missing data",non-overlapping 120s windows,window,not described,no,yes,,13.03,converted EER,86.97,0.8697,,0.8697,1.8983088404649202,included,,included; accuracy missing and EER is a valid percentage,EER,8.73,converted subject-level SD,28,0.016498149246852768,0.14558657939010003,1,0.016498149246852768,0.14558657939010003,1,0,Parenthesized value is a subject-level SD; SE recovered as SD/sqrt(28).
55_Empatica-LR-9-1,18,55,Empatica LR 9/1,PPG,55|Empatica LR 9/1,LR,Other algorithm,majority class subsampling,28,multiple conditions,Empatica E4,64 Hz,one channel (green),30-120 min,30-120 min,0,0,1,0,0,0,0,0,wrist,low (one day),2 min,90 min,nested: 10-fold CV within users + 10/90 split,no intruders,,13.47 (6.87),,,"Mean RR, STD RR, RMSSD, pNN50, HRV triangular index, TINN, SDSD, LF, HF, LF/HF, VLF",handcrafted,low,no,"points exceeding more than 20% of local average of 3 beats are excluded, then interpolation for missing data",non-overlapping 120s windows,window,not described,no,yes,,13.47,converted EER,86.53,0.8653,,0.8653,1.8600261841963746,included,,included; accuracy missing and EER is a valid percentage,EER,6.87,converted subject-level SD,28,0.012983079647866956,0.11138928646232485,1,0.012983079647866956,0.11138928646232485,1,0,Parenthesized value is a subject-level SD; SE recovered as SD/sqrt(28).
55_Empatica-NB-9-1,19,55,Empatica NB 9/1,PPG,55|Empatica NB 9/1,NB,Other algorithm,majority class subsampling,28,multiple conditions,Empatica E4,64 Hz,one channel (green),30-120 min,30-120 min,0,0,1,0,0,0,0,0,wrist,low (one day),2 min,90 min,nested: 10-fold CV within users + 10/90 split,no intruders,,15.77 (5.78),,,"Mean RR, STD RR, RMSSD, pNN50, HRV triangular index, TINN, SDSD, LF, HF, LF/HF, VLF",handcrafted,low,no,"points exceeding more than 20% of local average of 3 beats are excluded, then interpolation for missing data",non-overlapping 120s windows,window,not described,no,yes,,15.77,converted EER,84.23,0.8423,,0.8423,1.6754417513523256,included,,included; accuracy missing and EER is a valid percentage,EER,5.78,converted subject-level SD,28,0.010923173269966667,0.08223379420291188,1,0.010923173269966667,0.08223379420291188,1,0,Parenthesized value is a subject-level SD; SE recovered as SD/sqrt(28).
55_S-kNN-9-1,20,55,S kNN 9/1,PPG,55|S kNN 9/1,kNN,Other algorithm,majority class subsampling,28,multiple conditions,Samsung Gear S,100hz,one channel (green),30-120 min,30-120 min,0,0,1,0,0,0,0,0,wrist,low (one day),2 min,90 min,nested: 10-fold CV within users + 10/90 split,no intruders,,4.84 (4),,,"Mean RR, STD RR, RMSSD, pNN50, HRV triangular index, TINN, SDSD, LF, HF, LF/HF, VLF",handcrafted,low,no,"points exceeding more than 20% of local average of 3 beats are excluded, then interpolation for missing data",non-overlapping 120s windows,window,not described,no,yes,,4.84,converted EER,95.16,0.9516,,0.9516,2.9786449647062168,included,,included; accuracy missing and EER is a valid percentage,EER,4,converted subject-level SD,28,0.0075592894601845435,0.16412743435554697,1,0.0075592894601845435,0.16412743435554697,1,0,Parenthesized value is a subject-level SD; SE recovered as SD/sqrt(28).
55_S-RF-9-1,21,55,S RF 9/1,PPG,55|S RF 9/1,RF,tree,majority class subsampling,28,multiple conditions,Samsung Gear S,100hz,one channel (green),30-120 min,30-120 min,0,0,1,0,0,0,0,0,wrist,low (one day),2 min,90 min,nested: 10-fold CV within users + 10/90 split,no intruders,,3.96 (1.38),,,"Mean RR, STD RR, RMSSD, pNN50, HRV triangular index, TINN, SDSD, LF, HF, LF/HF, VLF",handcrafted,low,no,"points exceeding more than 20% of local average of 3 beats are excluded, then interpolation for missing data",non-overlapping 120s windows,window,not described,no,yes,,3.96,converted EER,96.04,0.9604,,0.9604,3.188520746086664,included,,included; accuracy missing and EER is a valid percentage,EER,1.38,converted subject-level SD,28,0.0026079548637636674,0.0685729342509768,1,0.0026079548637636674,0.0685729342509768,1,0,Parenthesized value is a subject-level SD; SE recovered as SD/sqrt(28).
55_S-MLP-9-1,22,55,S MLP 9/1,PPG,55|S MLP 9/1,MLP,dl,"majority class subsampling, MLP with one hidden layer",28,multiple conditions,Samsung Gear S,100hz,one channel (green),30-120 min,30-120 min,0,0,1,0,0,0,0,0,wrist,low (one day),2 min,90 min,nested: 10-fold CV within users + 10/90 split,no intruders,,4.8 (0.707),,,"Mean RR, STD RR, RMSSD, pNN50, HRV triangular index, TINN, SDSD, LF, HF, LF/HF, VLF",handcrafted,low,no,"points exceeding more than 20% of local average of 3 beats are excluded, then interpolation for missing data",non-overlapping 120s windows,window,not described,no,yes,,4.8,converted EER,95.2,0.9520000000000001,,0.9520000000000001,2.987364023883476,included,,included; accuracy missing and EER is a valid percentage,EER,0.707,converted subject-level SD,28,0.001336104412087618,0.029238979606259187,1,0.001336104412087618,0.029238979606259187,1,0,Parenthesized value is a subject-level SD; SE recovered as SD/sqrt(28).
55_S-LR-9-1,23,55,S LR 9/1,PPG,55|S LR 9/1,LR,Other algorithm,majority class subsampling,28,multiple conditions,Samsung Gear S,100hz,one channel (green),30-120 min,30-120 min,0,0,1,0,0,0,0,0,wrist,low (one day),2 min,90 min,nested: 10-fold CV within users + 10/90 split,no intruders,,3.53 (0.666),,,"Mean RR, STD RR, RMSSD, pNN50, HRV triangular index, TINN, SDSD, LF, HF, LF/HF, VLF",handcrafted,low,no,"points exceeding more than 20% of local average of 3 beats are excluded, then interpolation for missing data",non-overlapping 120s windows,window,not described,no,yes,,3.53,converted EER,96.47,0.9647,,0.9647,3.3079342082372567,included,,included; accuracy missing and EER is a valid percentage,EER,0.666,converted subject-level SD,28,0.0012586216951207265,0.036959682313153656,1,0.0012586216951207265,0.036959682313153656,1,0,Parenthesized value is a subject-level SD; SE recovered as SD/sqrt(28).
55_S-NB-9-1,24,55,S NB 9/1,PPG,55|S NB 9/1,NB,Other algorithm,majority class subsampling,28,multiple conditions,Samsung Gear S,100hz,one channel (green),30-120 min,30-120 min,0,0,1,0,0,0,0,0,wrist,low (one day),2 min,90 min,nested: 10-fold CV within users + 10/90 split,no intruders,,7.71 (2.11),,,"Mean RR, STD RR, RMSSD, pNN50, HRV triangular index, TINN, SDSD, LF, HF, LF/HF, VLF",handcrafted,low,no,"points exceeding more than 20% of local average of 3 beats are excluded, then interpolation for missing data",non-overlapping 120s windows,window,not described,no,yes,,7.71,converted EER,92.29,0.9229,,0.9229,2.482417605702248,included,,included; accuracy missing and EER is a valid percentage,EER,2.11,converted subject-level SD,28,0.003987525190247347,0.05603952114299593,1,0.003987525190247347,0.05603952114299593,1,0,Parenthesized value is a subject-level SD; SE recovered as SD/sqrt(28).
55_S2-kNN-9-1,25,55,S2 kNN 9/1,PPG,55|S2 kNN 9/1,kNN,Other algorithm,majority class subsampling,28,multiple conditions,Samsung Gear S2,100hz,one channel (green),30-120 min,30-120 min,0,0,1,0,0,0,0,0,wrist,low (one day),2 min,90 min,nested: 10-fold CV within users + 10/90 split,no intruders,,30.86 (8.16),,,"Mean RR, STD RR, RMSSD, pNN50, HRV triangular index, TINN, SDSD, LF, HF, LF/HF, VLF",handcrafted,low,no,"points exceeding more than 20% of local average of 3 beats are excluded, then interpolation for missing data",non-overlapping 120s windows,window,not described,no,yes,,30.86,converted EER,69.14,0.6914,,0.6914,0.8066725875584637,included,,included; accuracy missing and EER is a valid percentage,EER,8.16,converted subject-level SD,28,0.01542095049877647,0.07227462485959092,1,0.01542095049877647,0.07227462485959092,1,0,Parenthesized value is a subject-level SD; SE recovered as SD/sqrt(28).
55_S2-RF-9-1,26,55,S2 RF 9/1,PPG,55|S2 RF 9/1,RF,tree,majority class subsampling,28,multiple conditions,Samsung Gear S2,100hz,one channel (green),30-120 min,30-120 min,0,0,1,0,0,0,0,0,wrist,low (one day),2 min,90 min,nested: 10-fold CV within users + 10/90 split,no intruders,,13.28 (6.54),,,"Mean RR, STD RR, RMSSD, pNN50, HRV triangular index, TINN, SDSD, LF, HF, LF/HF, VLF",handcrafted,low,no,"points exceeding more than 20% of local average of 3 beats are excluded, then interpolation for missing data",non-overlapping 120s windows,window,not described,no,yes,,13.28,converted EER,86.72,0.8672,,0.8672,1.8764253936430482,included,,included; accuracy missing and EER is a valid percentage,EER,6.54,converted subject-level SD,28,0.01235943826740173,0.10732017901577824,1,0.01235943826740173,0.10732017901577824,1,0,Parenthesized value is a subject-level SD; SE recovered as SD/sqrt(28).
55_S2-MLP-9-1,27,55,S2 MLP 9/1,PPG,55|S2 MLP 9/1,MLP,dl,"majority class subsampling, MLP with one hidden layer",28,multiple conditions,Samsung Gear S2,100hz,one channel (green),30-120 min,30-120 min,0,0,1,0,0,0,0,0,wrist,low (one day),2 min,90 min,nested: 10-fold CV within users + 10/90 split,no intruders,,21.36 (8.20),,,"Mean RR, STD RR, RMSSD, pNN50, HRV triangular index, TINN, SDSD, LF, HF, LF/HF, VLF",handcrafted,low,no,"points exceeding more than 20% of local average of 3 beats are excluded, then interpolation for missing data",non-overlapping 120s windows,window,not described,no,yes,,21.36,converted EER,78.64,0.7864,,0.7864,1.303360461746917,included,,included; accuracy missing and EER is a valid percentage,EER,8.2,converted subject-level SD,28,0.015496543393378314,0.09225503618500887,1,0.015496543393378314,0.09225503618500887,1,0,Parenthesized value is a subject-level SD; SE recovered as SD/sqrt(28).
55_S2-LR-9-1,28,55,S2 LR 9/1,PPG,55|S2 LR 9/1,LR,Other algorithm,majority class subsampling,28,multiple conditions,Samsung Gear S2,100hz,one channel (green),30-120 min,30-120 min,0,0,1,0,0,0,0,0,wrist,low (one day),2 min,90 min,nested: 10-fold CV within users + 10/90 split,no intruders,,20.86 (6.56),,,"Mean RR, STD RR, RMSSD, pNN50, HRV triangular index, TINN, SDSD, LF, HF, LF/HF, VLF",handcrafted,low,no,"points exceeding more than 20% of local average of 3 beats are excluded, then interpolation for missing data",non-overlapping 120s windows,window,not described,no,yes,,20.86,converted EER,79.14,0.7914,,0.7914,1.3333849863846519,included,,included; accuracy missing and EER is a valid percentage,EER,6.56,converted subject-level SD,28,0.012397234714702651,0.0750955969063323,1,0.012397234714702651,0.0750955969063323,1,0,Parenthesized value is a subject-level SD; SE recovered as SD/sqrt(28).
55_S2-NB-9-1,29,55,S2 NB 9/1,PPG,55|S2 NB 9/1,NB,Other algorithm,majority class subsampling,28,multiple conditions,Samsung Gear S2,100hz,one channel (green),30-120 min,30-120 min,0,0,1,0,0,0,0,0,wrist,low (one day),2 min,90 min,nested: 10-fold CV within users + 10/90 split,no intruders,,18.74 (7.18),,,"Mean RR, STD RR, RMSSD, pNN50, HRV triangular index, TINN, SDSD, LF, HF, LF/HF, VLF",handcrafted,low,no,"points exceeding more than 20% of local average of 3 beats are excluded, then interpolation for missing data",non-overlapping 120s windows,window,not described,no,yes,,18.74,converted EER,81.26,0.8126000000000001,,0.8126000000000001,1.4669936137493054,included,,included; accuracy missing and EER is a valid percentage,EER,7.18,converted subject-level SD,28,0.013568924581031256,0.0891043741240304,1,0.013568924581031256,0.0891043741240304,1,0,Parenthesized value is a subject-level SD; SE recovered as SD/sqrt(28).
55_Empatica-kNN-7-3,30,55,Empatica kNN 7/3,PPG,55|Empatica kNN 7/3,kNN,Other algorithm,majority class subsampling,28,multiple conditions,Empatica E4,64 Hz,one channel (green),30-120 min,30-120 min,0,0,1,0,0,0,0,0,wrist,low (one day),2 min,70 min,nested: 10-fold CV within users + 30/70 split,no intruders,,13.77%,,,"Mean RR, STD RR, RMSSD, pNN50, HRV triangular index, TINN, SDSD, LF, HF, LF/HF, VLF",handcrafted,low,no,"points exceeding more than 20% of local average of 3 beats are excluded, then interpolation for missing data",non-overlapping 120s windows,window,not described,no,yes,,13.77,converted EER,86.23,0.8623000000000001,,0.8623000000000001,1.8345258322236702,included,,included; accuracy missing and EER is a valid percentage,,,no reported uncertainty,,,,0,,,0,0,No parenthesized uncertainty was reported in the selected accuracy/EER field.
55_Empatica-RF-7-3,31,55,Empatica RF 7/3,PPG,55|Empatica RF 7/3,RF,tree,majority class subsampling,28,multiple conditions,Empatica E4,64 Hz,one channel (green),30-120 min,30-120 min,0,0,1,0,0,0,0,0,wrist,low (one day),2 min,70 min,nested: 10-fold CV within users + 30/70 split,no intruders,,11.26%,,,"Mean RR, STD RR, RMSSD, pNN50, HRV triangular index, TINN, SDSD, LF, HF, LF/HF, VLF",handcrafted,low,no,"points exceeding more than 20% of local average of 3 beats are excluded, then interpolation for missing data",non-overlapping 120s windows,window,not described,no,yes,,11.26,converted EER,88.74,0.8874,,0.8874,2.064454123239219,included,,included; accuracy missing and EER is a valid percentage,,,no reported uncertainty,,,,0,,,0,0,No parenthesized uncertainty was reported in the selected accuracy/EER field.
55_Empatica-MLP-7-3,32,55,Empatica MLP 7/3,PPG,55|Empatica MLP 7/3,MLP,dl,"majority class subsampling, MLP with one hidden layer",28,multiple conditions,Empatica E4,64 Hz,one channel (green),30-120 min,30-120 min,0,0,1,0,0,0,0,0,wrist,low (one day),2 min,70 min,nested: 10-fold CV within users + 30/70 split,no intruders,,14.26%,,,"Mean RR, STD RR, RMSSD, pNN50, HRV triangular index, TINN, SDSD, LF, HF, LF/HF, VLF",handcrafted,low,no,"points exceeding more than 20% of local average of 3 beats are excluded, then interpolation for missing data",non-overlapping 120s windows,window,not described,no,yes,,14.26,converted EER,85.74,0.8573999999999999,,0.8573999999999999,1.7938610461836808,included,,included; accuracy missing and EER is a valid percentage,,,no reported uncertainty,,,,0,,,0,0,No parenthesized uncertainty was reported in the selected accuracy/EER field.
55_Empatica-LR-7-3,33,55,Empatica LR 7/3,PPG,55|Empatica LR 7/3,LR,Other algorithm,majority class subsampling,28,multiple conditions,Empatica E4,64 Hz,one channel (green),30-120 min,30-120 min,0,0,1,0,0,0,0,0,wrist,low (one day),2 min,70 min,nested: 10-fold CV within users + 30/70 split,no intruders,,14.13%,,,"Mean RR, STD RR, RMSSD, pNN50, HRV triangular index, TINN, SDSD, LF, HF, LF/HF, VLF",handcrafted,low,no,"points exceeding more than 20% of local average of 3 beats are excluded, then interpolation for missing data",non-overlapping 120s windows,window,not described,no,yes,,14.13,converted EER,85.87,0.8587,,0.8587,1.8045343279879573,included,,included; accuracy missing and EER is a valid percentage,,,no reported uncertainty,,,,0,,,0,0,No parenthesized uncertainty was reported in the selected accuracy/EER field.
55_Empatica-NB-7-3,34,55,Empatica NB 7/3,PPG,55|Empatica NB 7/3,NB,Other algorithm,majority class subsampling,28,multiple conditions,Empatica E4,64 Hz,one channel (green),30-120 min,30-120 min,0,0,1,0,0,0,0,0,wrist,low (one day),2 min,70 min,nested: 10-fold CV within users + 30/70 split,no intruders,,16.21%,,,"Mean RR, STD RR, RMSSD, pNN50, HRV triangular index, TINN, SDSD, LF, HF, LF/HF, VLF",handcrafted,low,no,"points exceeding more than 20% of local average of 3 beats are excluded, then interpolation for missing data",non-overlapping 120s windows,window,not described,no,yes,,16.21,converted EER,83.78999999999999,0.8378999999999999,,0.8378999999999999,1.6426853328776094,included,,included; accuracy missing and EER is a valid percentage,,,no reported uncertainty,,,,0,,,0,0,No parenthesized uncertainty was reported in the selected accuracy/EER field.
55_S-kNN-7-3,35,55,S kNN 7/3,PPG,55|S kNN 7/3,kNN,Other algorithm,majority class subsampling,28,multiple conditions,Samsung Gear S,100hz,one channel (green),30-120 min,30-120 min,0,0,1,0,0,0,0,0,wrist,low (one day),2 min,70 min,nested: 10-fold CV within users + 30/70 split,no intruders,,3.18%,,,"Mean RR, STD RR, RMSSD, pNN50, HRV triangular index, TINN, SDSD, LF, HF, LF/HF, VLF",handcrafted,low,no,"points exceeding more than 20% of local average of 3 beats are excluded, then interpolation for missing data",non-overlapping 120s windows,window,not described,no,yes,,3.18,converted EER,96.82,0.9682,,0.9682,3.415972387719461,included,,included; accuracy missing and EER is a valid percentage,,,no reported uncertainty,,,,0,,,0,0,No parenthesized uncertainty was reported in the selected accuracy/EER field.
55_S-RF-7-3,36,55,S RF 7/3,PPG,55|S RF 7/3,RF,tree,majority class subsampling,28,multiple conditions,Samsung Gear S,100hz,one channel (green),30-120 min,30-120 min,0,0,1,0,0,0,0,0,wrist,low (one day),2 min,70 min,nested: 10-fold CV within users + 30/70 split,no intruders,,4.24%,,,"Mean RR, STD RR, RMSSD, pNN50, HRV triangular index, TINN, SDSD, LF, HF, LF/HF, VLF",handcrafted,low,no,"points exceeding more than 20% of local average of 3 beats are excluded, then interpolation for missing data",non-overlapping 120s windows,window,not described,no,yes,,4.24,converted EER,95.76,0.9576,,0.9576,3.1172817920058513,included,,included; accuracy missing and EER is a valid percentage,,,no reported uncertainty,,,,0,,,0,0,No parenthesized uncertainty was reported in the selected accuracy/EER field.
55_S-MLP-7-3,37,55,S MLP 7/3,PPG,55|S MLP 7/3,MLP,dl,"majority class subsampling, MLP with one hidden layer",28,multiple conditions,Samsung Gear S,100hz,one channel (green),30-120 min,30-120 min,0,0,1,0,0,0,0,0,wrist,low (one day),2 min,70 min,nested: 10-fold CV within users + 30/70 split,no intruders,,4.24%,,,"Mean RR, STD RR, RMSSD, pNN50, HRV triangular index, TINN, SDSD, LF, HF, LF/HF, VLF",handcrafted,low,no,"points exceeding more than 20% of local average of 3 beats are excluded, then interpolation for missing data",non-overlapping 120s windows,window,not described,no,yes,,4.24,converted EER,95.76,0.9576,,0.9576,3.1172817920058513,included,,included; accuracy missing and EER is a valid percentage,,,no reported uncertainty,,,,0,,,0,0,No parenthesized uncertainty was reported in the selected accuracy/EER field.
55_S-LR-7-3,38,55,S LR 7/3,PPG,55|S LR 7/3,LR,Other algorithm,majority class subsampling,28,multiple conditions,Samsung Gear S,100hz,one channel (green),30-120 min,30-120 min,0,0,1,0,0,0,0,0,wrist,low (one day),2 min,70 min,nested: 10-fold CV within users + 30/70 split,no intruders,,3.8%,,,"Mean RR, STD RR, RMSSD, pNN50, HRV triangular index, TINN, SDSD, LF, HF, LF/HF, VLF",handcrafted,low,no,"points exceeding more than 20% of local average of 3 beats are excluded, then interpolation for missing data",non-overlapping 120s windows,window,not described,no,yes,,3.8,converted EER,96.2,0.9620000000000001,,0.9620000000000001,3.231428290939323,included,,included; accuracy missing and EER is a valid percentage,,,no reported uncertainty,,,,0,,,0,0,No parenthesized uncertainty was reported in the selected accuracy/EER field.
55_S-NB-7-3,39,55,S NB 7/3,PPG,55|S NB 7/3,NB,Other algorithm,majority class subsampling,28,multiple conditions,Samsung Gear S,100hz,one channel (green),30-120 min,30-120 min,0,0,1,0,0,0,0,0,wrist,low (one day),2 min,70 min,nested: 10-fold CV within users + 30/70 split,no intruders,,3.92%,,,"Mean RR, STD RR, RMSSD, pNN50, HRV triangular index, TINN, SDSD, LF, HF, LF/HF, VLF",handcrafted,low,no,"points exceeding more than 20% of local average of 3 beats are excluded, then interpolation for missing data",non-overlapping 120s windows,window,not described,no,yes,,3.92,converted EER,96.08,0.9608,,0.9608,3.1990895239693566,included,,included; accuracy missing and EER is a valid percentage,,,no reported uncertainty,,,,0,,,0,0,No parenthesized uncertainty was reported in the selected accuracy/EER field.
55_S2-kNN-7-3,40,55,S2 kNN 7/3,PPG,55|S2 kNN 7/3,kNN,Other algorithm,majority class subsampling,28,multiple conditions,Samsung Gear S2,100hz,one channel (green),30-120 min,30-120 min,0,0,1,0,0,0,0,0,wrist,low (one day),2 min,70 min,nested: 10-fold CV within users + 30/70 split,no intruders,,18.01%,,,"Mean RR, STD RR, RMSSD, pNN50, HRV triangular index, TINN, SDSD, LF, HF, LF/HF, VLF",handcrafted,low,no,"points exceeding more than 20% of local average of 3 beats are excluded, then interpolation for missing data",non-overlapping 120s windows,window,not described,no,yes,,18.01,converted EER,81.99,0.8199,,0.8199,1.5156701294202213,included,,included; accuracy missing and EER is a valid percentage,,,no reported uncertainty,,,,0,,,0,0,No parenthesized uncertainty was reported in the selected accuracy/EER field.
55_S2-RF-7-3,41,55,S2 RF 7/3,PPG,55|S2 RF 7/3,RF,tree,majority class subsampling,28,multiple conditions,Samsung Gear S2,100hz,one channel (green),30-120 min,30-120 min,0,0,1,0,0,0,0,0,wrist,low (one day),2 min,70 min,nested: 10-fold CV within users + 30/70 split,no intruders,,21.06%,,,"Mean RR, STD RR, RMSSD, pNN50, HRV triangular index, TINN, SDSD, LF, HF, LF/HF, VLF",handcrafted,low,no,"points exceeding more than 20% of local average of 3 beats are excluded, then interpolation for missing data",non-overlapping 120s windows,window,not described,no,yes,,21.06,converted EER,78.94,0.7894,,0.7894,1.3213125635288716,included,,included; accuracy missing and EER is a valid percentage,,,no reported uncertainty,,,,0,,,0,0,No parenthesized uncertainty was reported in the selected accuracy/EER field.
55_S2-MLP-7-3,42,55,S2 MLP 7/3,PPG,55|S2 MLP 7/3,MLP,dl,"majority class subsampling, MLP with one hidden layer",28,multiple conditions,Samsung Gear S2,100hz,one channel (green),30-120 min,30-120 min,0,0,1,0,0,0,0,0,wrist,low (one day),2 min,70 min,nested: 10-fold CV within users + 30/70 split,no intruders,,21.06%,,,"Mean RR, STD RR, RMSSD, pNN50, HRV triangular index, TINN, SDSD, LF, HF, LF/HF, VLF",handcrafted,low,no,"points exceeding more than 20% of local average of 3 beats are excluded, then interpolation for missing data",non-overlapping 120s windows,window,not described,no,yes,,21.06,converted EER,78.94,0.7894,,0.7894,1.3213125635288716,included,,included; accuracy missing and EER is a valid percentage,,,no reported uncertainty,,,,0,,,0,0,No parenthesized uncertainty was reported in the selected accuracy/EER field.
55_S2-LR-7-3,43,55,S2 LR 7/3,PPG,55|S2 LR 7/3,LR,Other algorithm,majority class subsampling,28,multiple conditions,Samsung Gear S2,100hz,one channel (green),30-120 min,30-120 min,0,0,1,0,0,0,0,0,wrist,low (one day),2 min,70 min,nested: 10-fold CV within users + 30/70 split,no intruders,,19.26%,,,"Mean RR, STD RR, RMSSD, pNN50, HRV triangular index, TINN, SDSD, LF, HF, LF/HF, VLF",handcrafted,low,no,"points exceeding more than 20% of local average of 3 beats are excluded, then interpolation for missing data",non-overlapping 120s windows,window,not described,no,yes,,19.26,converted EER,80.74,0.8073999999999999,,0.8073999999999999,1.4332037090548146,included,,included; accuracy missing and EER is a valid percentage,,,no reported uncertainty,,,,0,,,0,0,No parenthesized uncertainty was reported in the selected accuracy/EER field.
55_S2-NB-7-3,44,55,S2 NB 7/3,PPG,55|S2 NB 7/3,NB,Other algorithm,majority class subsampling,28,multiple conditions,Samsung Gear S2,100hz,one channel (green),30-120 min,30-120 min,0,0,1,0,0,0,0,0,wrist,low (one day),2 min,70 min,nested: 10-fold CV within users + 30/70 split,no intruders,,19.81%,,,"Mean RR, STD RR, RMSSD, pNN50, HRV triangular index, TINN, SDSD, LF, HF, LF/HF, VLF",handcrafted,low,no,"points exceeding more than 20% of local average of 3 beats are excluded, then interpolation for missing data",non-overlapping 120s windows,window,not described,no,yes,,19.81,converted EER,80.19,0.8019,,0.8019,1.3982119581084773,included,,included; accuracy missing and EER is a valid percentage,,,no reported uncertainty,,,,0,,,0,0,No parenthesized uncertainty was reported in the selected accuracy/EER field.
75_SVM-AC-DCT,45,75,SVM AC/DCT,VHF,75|SVM AC/DCT,SVM,kernel,activity classification + SMOTE + SVM,13,multiple conditions,own device,1000 Hz,antenna,5-30 min,5-30 min,0,0,0,0,1,0,0,0,,low (one day),5 s,600 s,3-fold-CV,no intruders,,7.1 (6.3),,,20 autocorrelation (AC) and discrete cosine transform (DCT) features from I and Q waveforms,handcrafted,medium,yes,fourth-order Butterworth filter (1–40 Hz),non-overlapping 5s windows,window,not described,no,yes,,7.1,converted EER,92.9,0.929,,0.929,2.571428861772524,included,,included; accuracy missing and EER is a valid percentage,EER,6.3,"fold-level SD, not usable as SE",,,,0,,,0,1,"Parenthesized values are fold-level SDs over cross-validation folds, not user-level SEs."
75_RF-AC-DCT,46,75,RF AC/DCT,VHF,75|RF AC/DCT,RF,tree,activity classification + SMOTE + RF,13,multiple conditions,own device,1000 Hz,antenna,5-30 min,5-30 min,0,0,0,0,1,0,0,0,,low (one day),5 s,600 s,3-fold-CV,no intruders,,7.1 (5.3),,,20 autocorrelation (AC) and discrete cosine transform (DCT) features from I and Q waveforms,handcrafted,medium,yes,fourth-order Butterworth filter (1–40 Hz),non-overlapping 5s windows,window,not described,no,yes,,7.1,converted EER,92.9,0.929,,0.929,2.571428861772524,included,,included; accuracy missing and EER is a valid percentage,EER,5.3,"fold-level SD, not usable as SE",,,,0,,,0,1,"Parenthesized values are fold-level SDs over cross-validation folds, not user-level SEs."
75_XGB-AC-DCT,47,75,XGB AC/DCT,VHF,75|XGB AC/DCT,GBM,tree,activity classification + SMOTE + XGB,13,multiple conditions,own device,1000 Hz,antenna,5-30 min,5-30 min,0,0,0,0,1,0,0,0,,low (one day),5 s,600 s,3-fold-CV,no intruders,,7.1 (4.7),,,20 autocorrelation (AC) and discrete cosine transform (DCT) features from I and Q waveforms,handcrafted,medium,yes,fourth-order Butterworth filter (1–40 Hz),non-overlapping 5s windows,window,not described,no,yes,,7.1,converted EER,92.9,0.929,,0.929,2.571428861772524,included,,included; accuracy missing and EER is a valid percentage,EER,4.7,"fold-level SD, not usable as SE",,,,0,,,0,1,"Parenthesized values are fold-level SDs over cross-validation folds, not user-level SEs."
75_MLP-AC-DCT,48,75,MLP AC/DCT,VHF,75|MLP AC/DCT,MLP,dl,activity classification + SMOTE + MLP,13,multiple conditions,own device,1000 Hz,antenna,5-30 min,5-30 min,0,0,0,0,1,0,0,0,,low (one day),5 s,600 s,3-fold-CV,no intruders,,7 (5.4),,,20 autocorrelation (AC) and discrete cosine transform (DCT) features from I and Q waveforms,handcrafted,medium,yes,fourth-order Butterworth filter (1–40 Hz),non-overlapping 5s windows,window,not described,no,yes,,7,converted EER,93,0.93,,0.93,2.5866893440979433,included,,included; accuracy missing and EER is a valid percentage,EER,5.4,"fold-level SD, not usable as SE",,,,0,,,0,1,"Parenthesized values are fold-level SDs over cross-validation folds, not user-level SEs."
75_SVM-MFCC,49,75,SVM MFCC,VHF,75|SVM MFCC,SVM,kernel,activity classification + SMOTE + SVM,13,multiple conditions,own device,1000 Hz,antenna,5-30 min,5-30 min,0,0,0,0,1,0,0,0,,low (one day),5 s,600 s,3-fold-CV,no intruders,,14.5 (9.6,,,24 mel-frequency cepstrum coefficient (MFCC) features from I and Q waveforms,handcrafted,medium,yes,fourth-order Butterworth filter (1–40 Hz),non-overlapping 5s windows,window,not described,no,yes,,14.5,converted EER,85.5,0.855,,0.855,1.7743677265161857,included,,included; accuracy missing and EER is a valid percentage,EER,9.6,"fold-level SD, not usable as SE",,,,0,,,0,1,"Parenthesized values are fold-level SDs over cross-validation folds, not user-level SEs."
75_RF-MFCC,50,75,RF MFCC,VHF,75|RF MFCC,RF,tree,activity classification + SMOTE + RF,13,multiple conditions,own device,1000 Hz,antenna,5-30 min,5-30 min,0,0,0,0,1,0,0,0,,low (one day),5 s,600 s,3-fold-CV,no intruders,,11.4 (6.3),,,24 mel-frequency cepstrum coefficient (MFCC) features from I and Q waveforms,handcrafted,medium,yes,fourth-order Butterworth filter (1–40 Hz),non-overlapping 5s windows,window,not described,no,yes,,11.4,converted EER,88.6,0.8859999999999999,,0.8859999999999999,2.0505185022105845,included,,included; accuracy missing and EER is a valid percentage,EER,6.3,"fold-level SD, not usable as SE",,,,0,,,0,1,"Parenthesized values are fold-level SDs over cross-validation folds, not user-level SEs."
75_XGB-MFCC,51,75,XGB MFCC,VHF,75|XGB MFCC,GBM,tree,activity classification + SMOTE + XGB,13,multiple conditions,own device,1000 Hz,antenna,5-30 min,5-30 min,0,0,0,0,1,0,0,0,,low (one day),5 s,600 s,3-fold-CV,no intruders,,11.4 (6.5),,,24 mel-frequency cepstrum coefficient (MFCC) features from I and Q waveforms,handcrafted,medium,yes,fourth-order Butterworth filter (1–40 Hz),non-overlapping 5s windows,window,not described,no,yes,,11.4,converted EER,88.6,0.8859999999999999,,0.8859999999999999,2.0505185022105845,included,,included; accuracy missing and EER is a valid percentage,EER,6.5,"fold-level SD, not usable as SE",,,,0,,,0,1,"Parenthesized values are fold-level SDs over cross-validation folds, not user-level SEs."
75_MLP-MFCC,52,75,MLP MFCC,VHF,75|MLP MFCC,MLP,dl,activity classification + SMOTE + MLP,13,multiple conditions,own device,1000 Hz,antenna,5-30 min,5-30 min,0,0,0,0,1,0,0,0,,low (one day),5 s,600 s,3-fold-CV,no intruders,,12.3 (6.3),,,24 mel-frequency cepstrum coefficient (MFCC) features from I and Q waveforms,handcrafted,medium,yes,fourth-order Butterworth filter (1–40 Hz),non-overlapping 5s windows,window,not described,no,yes,,12.3,converted EER,87.7,0.877,,0.877,1.9643226369997655,included,,included; accuracy missing and EER is a valid percentage,EER,6.3,"fold-level SD, not usable as SE",,,,0,,,0,1,"Parenthesized values are fold-level SDs over cross-validation folds, not user-level SEs."
75_SVM-AC-DCT-MFCC,53,75,SVM AC/DCT+MFCC,VHF,75|SVM AC/DCT+MFCC,SVM,kernel,activity classification + SMOTE + SVM,13,multiple conditions,own device,1000 Hz,antenna,5-30 min,5-30 min,0,0,0,0,1,0,0,0,,low (one day),5 s,600 s,3-fold-CV,no intruders,,6.1 (4.4),,,"autocorrelation (AC), discrete cosine transform (DCT), and the mel-frequency cepstrum coefficient (MFCC); (20 AC/DCT and 24 MFCC features) from I and Q waveforms",handcrafted,medium,yes,fourth-order Butterworth filter (1–40 Hz),non-overlapping 5s windows,window,not described,no,yes,,6.1,converted EER,93.9,0.9390000000000001,,0.9390000000000001,2.7339416150349525,included,,included; accuracy missing and EER is a valid percentage,EER,4.4,"fold-level SD, not usable as SE",,,,0,,,0,1,"Parenthesized values are fold-level SDs over cross-validation folds, not user-level SEs."
75_RF-AC-DCT-MFCC,54,75,RF AC/DCT+MFCC,VHF,75|RF AC/DCT+MFCC,RF,tree,activity classification + SMOTE + RF,13,multiple conditions,own device,1000 Hz,antenna,5-30 min,5-30 min,0,0,0,0,1,0,0,0,,low (one day),5 s,600 s,3-fold-CV,no intruders,,6.3 (4.2),,,"autocorrelation (AC), discrete cosine transform (DCT), and the mel-frequency cepstrum coefficient (MFCC); (20 AC/DCT and 24 MFCC features) from I and Q waveforms",handcrafted,medium,yes,fourth-order Butterworth filter (1–40 Hz),non-overlapping 5s windows,window,not described,no,yes,,6.3,converted EER,93.7,0.937,,0.937,2.6995485558468904,included,,included; accuracy missing and EER is a valid percentage,EER,4.2,"fold-level SD, not usable as SE",,,,0,,,0,1,"Parenthesized values are fold-level SDs over cross-validation folds, not user-level SEs."
75_XGB-AC-DCT-MFCC,55,75,XGB AC/DCT+MFCC,VHF,75|XGB AC/DCT+MFCC,GBM,tree,activity classification + SMOTE + XGB,13,multiple conditions,own device,1000 Hz,antenna,5-30 min,5-30 min,0,0,0,0,1,0,0,0,,low (one day),5 s,600 s,3-fold-CV,no intruders,,7.6 (4),,,"autocorrelation (AC), discrete cosine transform (DCT), and the mel-frequency cepstrum coefficient (MFCC); (20 AC/DCT and 24 MFCC features) from I and Q waveforms",handcrafted,medium,yes,fourth-order Butterworth filter (1–40 Hz),non-overlapping 5s windows,window,not described,no,yes,,7.6,converted EER,92.4,0.924,,0.924,2.497978731355354,included,,included; accuracy missing and EER is a valid percentage,EER,4,"fold-level SD, not usable as SE",,,,0,,,0,1,"Parenthesized values are fold-level SDs over cross-validation folds, not user-level SEs."
75_MLP-AC-DCT-MFCC,56,75,MLP AC/DCT+MFCC,VHF,75|MLP AC/DCT+MFCC,MLP,dl,activity classification + SMOTE + MLP,13,multiple conditions,own device,1000 Hz,antenna,5-30 min,5-30 min,0,0,0,0,1,0,0,0,,low (one day),5 s,600 s,3-fold-CV,no intruders,,6.3 (4.5),,,"autocorrelation (AC), discrete cosine transform (DCT), and the mel-frequency cepstrum coefficient (MFCC); (20 AC/DCT and 24 MFCC features) from I and Q waveforms",handcrafted,medium,yes,fourth-order Butterworth filter (1–40 Hz),non-overlapping 5s windows,window,not described,no,yes,,6.3,converted EER,93.7,0.937,,0.937,2.6995485558468904,included,,included; accuracy missing and EER is a valid percentage,EER,4.5,"fold-level SD, not usable as SE",,,,0,,,0,1,"Parenthesized values are fold-level SDs over cross-validation folds, not user-level SEs."
75_SVM-rr,57,75,SVM rr,VHF,75|SVM rr,SVM,kernel,activity classification + SMOTE + SVM,13,one condition,own device,1000 Hz,antenna,5-30 min,5-30 min,0,0,0,0,1,0,0,0,,low (one day),5 s,300 s,3-fold-CV,no intruders,92.3 (6),6.1 (4.4),91.8 (7.1),96.9 (3.4),"autocorrelation (AC), discrete cosine transform (DCT), and the mel-frequency cepstrum coefficient (MFCC); (20 AC/DCT and 24 MFCC features) from I and Q waveforms",handcrafted,medium,yes,fourth-order Butterworth filter (1–40 Hz),non-overlapping 5s windows,window,not described,no,yes,92.3,6.1,direct accuracy,92.3,0.9229999999999999,,0.9229999999999999,2.4838238126491676,included,,included,accuracy,6,"fold-level SD, not usable as SE",,,,0,,,0,1,"Parenthesized values are fold-level SDs over cross-validation folds, not user-level SEs."
75_SVM-ww,58,75,SVM ww,VHF,75|SVM ww,SVM,kernel,activity classification + SMOTE + SVM,13,one condition,own device,1000 Hz,antenna,5-30 min,5-30 min,0,0,0,0,1,0,0,0,,low (one day),5 s,300 s,3-fold-CV,no intruders,90 (7.3),10.2 (7.6),89.9 (7.4),94.8 (6.1),"autocorrelation (AC), discrete cosine transform (DCT), and the mel-frequency cepstrum coefficient (MFCC); (20 AC/DCT and 24 MFCC features) from I and Q waveforms",handcrafted,medium,yes,fourth-order Butterworth filter (1–40 Hz),non-overlapping 5s windows,window,not described,no,yes,90,10.2,direct accuracy,90,0.9,,0.9,2.1972245773362196,included,,included,accuracy,7.3,"fold-level SD, not usable as SE",,,,0,,,0,1,"Parenthesized values are fold-level SDs over cross-validation folds, not user-level SEs."
75_SVM-rw,59,75,SVM rw,VHF,75|SVM rw,SVM,kernel,activity classification + SMOTE + SVM,13,multiple conditions,own device,1000 Hz,antenna,5-30 min,5-30 min,0,0,0,0,1,0,0,0,,low (one day),5 s,600 s,3-fold-CV,no intruders,74.4 (12.3),21.6 (14),71.9 (15),74.1 (13.7),"autocorrelation (AC), discrete cosine transform (DCT), and the mel-frequency cepstrum coefficient (MFCC); (20 AC/DCT and 24 MFCC features) from I and Q waveforms",handcrafted,medium,yes,fourth-order Butterworth filter (1–40 Hz),non-overlapping 5s windows,window,not described,no,yes,74.4,21.6,direct accuracy,74.4,0.7440000000000001,,0.7440000000000001,1.06686359035353,included,,included,accuracy,12.3,"fold-level SD, not usable as SE",,,,0,,,0,1,"Parenthesized values are fold-level SDs over cross-validation folds, not user-level SEs."
75_RF-rr,60,75,RF rr,VHF,75|RF rr,RF,tree,activity classification + SMOTE + RF,13,one condition,own device,1000 Hz,antenna,5-30 min,5-30 min,0,0,0,0,1,0,0,0,,low (one day),5 s,300 s,3-fold-CV,no intruders,82 (9),6.3 (4.2),79.9 (11.5),97.2 (3.6),"autocorrelation (AC), discrete cosine transform (DCT), and the mel-frequency cepstrum coefficient (MFCC); (20 AC/DCT and 24 MFCC features) from I and Q waveforms",handcrafted,medium,yes,fourth-order Butterworth filter (1–40 Hz),non-overlapping 5s windows,window,not described,no,yes,82,6.3,direct accuracy,82,0.82,,0.82,1.5163474893680882,included,,included,accuracy,9,"fold-level SD, not usable as SE",,,,0,,,0,1,"Parenthesized values are fold-level SDs over cross-validation folds, not user-level SEs."
75_RF-ww,61,75,RF ww,VHF,75|RF ww,RF,tree,activity classification + SMOTE + RF,13,one condition,own device,1000 Hz,antenna,5-30 min,5-30 min,0,0,0,0,1,0,0,0,,low (one day),5 s,300 s,3-fold-CV,no intruders,84.1 (8.8),9.6 (6.3),83 (10.2),95.5 (5.2),"autocorrelation (AC), discrete cosine transform (DCT), and the mel-frequency cepstrum coefficient (MFCC); (20 AC/DCT and 24 MFCC features) from I and Q waveforms",handcrafted,medium,yes,fourth-order Butterworth filter (1–40 Hz),non-overlapping 5s windows,window,not described,no,yes,84.1,9.6,direct accuracy,84.1,0.841,,0.841,1.6656874577527163,included,,included,accuracy,8.8,"fold-level SD, not usable as SE",,,,0,,,0,1,"Parenthesized values are fold-level SDs over cross-validation folds, not user-level SEs."
75_RF-rw,62,75,RF rw,VHF,75|RF rw,RF,tree,activity classification + SMOTE + RF,13,multiple conditions,own device,1000 Hz,antenna,5-30 min,5-30 min,0,0,0,0,1,0,0,0,,low (one day),5 s,600 s,3-fold-CV,no intruders,61.8 (10.4),21.7 (9.6),52.9 (15.4),61.7 (11.2),"autocorrelation (AC), discrete cosine transform (DCT), and the mel-frequency cepstrum coefficient (MFCC); (20 AC/DCT and 24 MFCC features) from I and Q waveforms",handcrafted,medium,yes,fourth-order Butterworth filter (1–40 Hz),non-overlapping 5s windows,window,not described,no,yes,61.8,21.7,direct accuracy,61.8,0.618,,0.618,0.48106784885111553,included,,included,accuracy,10.4,"fold-level SD, not usable as SE",,,,0,,,0,1,"Parenthesized values are fold-level SDs over cross-validation folds, not user-level SEs."
75_XGB-rr,63,75,XGB rr,VHF,75|XGB rr,GBM,tree,activity classification + SMOTE + XGB,13,one condition,own device,1000 Hz,antenna,5-30 min,5-30 min,0,0,0,0,1,0,0,0,,low (one day),5 s,300 s,3-fold-CV,no intruders,86.1 (7.6),7.6 (4.1),85 (9.1),96.6 (3.8),"autocorrelation (AC), discrete cosine transform (DCT), and the mel-frequency cepstrum coefficient (MFCC); (20 AC/DCT and 24 MFCC features) from I and Q waveforms",handcrafted,medium,yes,fourth-order Butterworth filter (1–40 Hz),non-overlapping 5s windows,window,not described,no,yes,86.1,7.6,direct accuracy,86.1,0.861,,0.861,1.823620571297039,included,,included,accuracy,7.6,"fold-level SD, not usable as SE",,,,0,,,0,1,"Parenthesized values are fold-level SDs over cross-validation folds, not user-level SEs."
75_XGB-ww,64,75,XGB ww,VHF,75|XGB ww,GBM,tree,activity classification + SMOTE + XGB,13,one condition,own device,1000 Hz,antenna,5-30 min,5-30 min,0,0,0,0,1,0,0,0,,low (one day),5 s,300 s,3-fold-CV,no intruders,85.5 (8.3),9.9 (5.9),84.8 (9.2),95.5 (4.7),"autocorrelation (AC), discrete cosine transform (DCT), and the mel-frequency cepstrum coefficient (MFCC); (20 AC/DCT and 24 MFCC features) from I and Q waveforms",handcrafted,medium,yes,fourth-order Butterworth filter (1–40 Hz),non-overlapping 5s windows,window,not described,no,yes,85.5,9.9,direct accuracy,85.5,0.855,,0.855,1.7743677265161857,included,,included,accuracy,8.3,"fold-level SD, not usable as SE",,,,0,,,0,1,"Parenthesized values are fold-level SDs over cross-validation folds, not user-level SEs."
75_XGB-rw,65,75,XGB rw,VHF,75|XGB rw,GBM,tree,activity classification + SMOTE + XGB,13,multiple conditions,own device,1000 Hz,antenna,5-30 min,5-30 min,0,0,0,0,1,0,0,0,,low (one day),5 s,600 s,3-fold-CV,no intruders,60.3 (8.6),23.7 (8.5),51.1 (13.2),61.5 (10.3),"autocorrelation (AC), discrete cosine transform (DCT), and the mel-frequency cepstrum coefficient (MFCC); (20 AC/DCT and 24 MFCC features) from I and Q waveforms",handcrafted,medium,yes,fourth-order Butterworth filter (1–40 Hz),non-overlapping 5s windows,window,not described,no,yes,60.3,23.7,direct accuracy,60.3,0.603,,0.603,0.41798091603999493,included,,included,accuracy,8.6,"fold-level SD, not usable as SE",,,,0,,,0,1,"Parenthesized values are fold-level SDs over cross-validation folds, not user-level SEs."
75_MLP-rr,66,75,MLP rr,VHF,75|MLP rr,MLP,dl,activity classification + SMOTE + MLP,13,one condition,own device,1000 Hz,antenna,5-30 min,5-30 min,0,0,0,0,1,0,0,0,,low (one day),5 s,300 s,3-fold-CV,no intruders,90.8 (6.9),6.3 (4.5),90.1 (8.2),97 (3.8),"autocorrelation (AC), discrete cosine transform (DCT), and the mel-frequency cepstrum coefficient (MFCC); (20 AC/DCT and 24 MFCC features) from I and Q waveforms",handcrafted,medium,yes,fourth-order Butterworth filter (1–40 Hz),non-overlapping 5s windows,window,not described,no,yes,90.8,6.3,direct accuracy,90.8,0.9079999999999999,,0.9079999999999999,2.289455801552252,included,,included,accuracy,6.9,"fold-level SD, not usable as SE",,,,0,,,0,1,"Parenthesized values are fold-level SDs over cross-validation folds, not user-level SEs."
75_MLP-ww,67,75,MLP ww,VHF,75|MLP ww,MLP,dl,activity classification + SMOTE + MLP,13,one condition,own device,1000 Hz,antenna,5-30 min,5-30 min,0,0,0,0,1,0,0,0,,low (one day),5 s,300 s,3-fold-CV,no intruders,87.6 (9),8.8 (7.2),87.1 (9.8),95.7 (5.1),"autocorrelation (AC), discrete cosine transform (DCT), and the mel-frequency cepstrum coefficient (MFCC); (20 AC/DCT and 24 MFCC features) from I and Q waveforms",handcrafted,medium,yes,fourth-order Butterworth filter (1–40 Hz),non-overlapping 5s windows,window,not described,no,yes,87.6,8.8,direct accuracy,87.6,0.8759999999999999,,0.8759999999999999,1.9550845253313536,included,,included,accuracy,9,"fold-level SD, not usable as SE",,,,0,,,0,1,"Parenthesized values are fold-level SDs over cross-validation folds, not user-level SEs."
75_MLP-rw,68,75,MLP rw,VHF,75|MLP rw,MLP,dl,activity classification + SMOTE + MLP,13,multiple conditions,own device,1000 Hz,antenna,5-30 min,5-30 min,0,0,0,0,1,0,0,0,,low (one day),5 s,600 s,3-fold-CV,no intruders,70.2 (14.3),24.9 (16.4),67 (17.4),79.7 (16.5),"autocorrelation (AC), discrete cosine transform (DCT), and the mel-frequency cepstrum coefficient (MFCC); (20 AC/DCT and 24 MFCC features) from I and Q waveforms",handcrafted,medium,yes,fourth-order Butterworth filter (1–40 Hz),non-overlapping 5s windows,window,not described,no,yes,70.2,24.9,direct accuracy,70.2,0.7020000000000001,,0.7020000000000001,0.8568399175204071,included,,included,accuracy,14.3,"fold-level SD, not usable as SE",,,,0,,,0,1,"Parenthesized values are fold-level SDs over cross-validation folds, not user-level SEs."
75_1D-CNN-rr,69,75,1D CNN rr,VHF,75|1D CNN rr,CNN,dl,"activity classification + SMOTE + 1D-CNN with Conv1D, MaxPool1D, ADAM optimizer and learning rate 0.001",13,one condition,own device,1000 Hz,antenna,5-30 min,5-30 min,0,0,0,0,1,0,0,0,,low (one day),5 s,300 s,3-fold-CV,no intruders,91 (8.2),7.5 (6.8),90.4 (9.9),95 (7.1),"autocorrelation (AC), discrete cosine transform (DCT), and the mel-frequency cepstrum coefficient (MFCC); (20 AC/DCT and 24 MFCC features) from I and Q waveforms",handcrafted,medium,yes,fourth-order Butterworth filter (1–40 Hz),non-overlapping 5s windows,window,not described,no,yes,91,7.5,direct accuracy,91,0.91,,0.91,2.313634929180631,included,,included,accuracy,8.2,"fold-level SD, not usable as SE",,,,0,,,0,1,"Parenthesized values are fold-level SDs over cross-validation folds, not user-level SEs."
75_1D-CNN-ww,70,75,1D CNN ww,VHF,75|1D CNN ww,CNN,dl,"activity classification + SMOTE + 1D-CNN with Conv1D, MaxPool1D, ADAM optimizer and learning rate 0.001",13,one condition,own device,1000 Hz,antenna,5-30 min,5-30 min,0,0,0,0,1,0,0,0,,low (one day),5 s,300 s,3-fold-CV,no intruders,82.6 (10.9),14.5 (9.7),81.6 (12.6),90.3 (9.3),"autocorrelation (AC), discrete cosine transform (DCT), and the mel-frequency cepstrum coefficient (MFCC); (20 AC/DCT and 24 MFCC features) from I and Q waveforms",handcrafted,medium,yes,fourth-order Butterworth filter (1–40 Hz),non-overlapping 5s windows,window,not described,no,yes,82.6,14.5,direct accuracy,82.6,0.826,,0.826,1.5575394743064488,included,,included,accuracy,10.9,"fold-level SD, not usable as SE",,,,0,,,0,1,"Parenthesized values are fold-level SDs over cross-validation folds, not user-level SEs."
75_1D-CNN-rw,71,75,1D CNN rw,VHF,75|1D CNN rw,CNN,dl,"activity classification + SMOTE + 1D-CNN with Conv1D, MaxPool1D, ADAM optimizer and learning rate 0.001",13,multiple conditions,own device,1000 Hz,antenna,5-30 min,5-30 min,0,0,0,0,1,0,0,0,,low (one day),5 s,600 s,3-fold-CV,no intruders,70.6 (13.9),25 (14.9),68 (16.2),79.4 (15.3),"autocorrelation (AC), discrete cosine transform (DCT), and the mel-frequency cepstrum coefficient (MFCC); (20 AC/DCT and 24 MFCC features) from I and Q waveforms",handcrafted,medium,yes,fourth-order Butterworth filter (1–40 Hz),non-overlapping 5s windows,window,not described,no,yes,70.6,25,direct accuracy,70.6,0.706,,0.706,0.8760354701545602,included,,included,accuracy,13.9,"fold-level SD, not usable as SE",,,,0,,,0,1,"Parenthesized values are fold-level SDs over cross-validation folds, not user-level SEs."
147_Right-Hand-Vertical-Sit,72,147,Right Hand Vertical Sit,SCG,147|Right Hand Vertical Sit,SVM,kernel,not provided,20,one condition,own device,150 Hz,one channel (green),up to 5 min,up to 5 min,0,0,0,1,0,0,0,0,wrist,low (one day),1 sec,126 sec,70/30 random split,no intruders,,45.0%,,,cleaned time series,handcrafted,,no,"Savitzky-Golay filter for low frequency noise, sixth-order Butterworth lowpass filter for high-frequency noise, common average referencing (CAR), data smoothing via interpolation with spline cubic curves at 750Hz",1-second windows centered on each detected heartbeat peak,window,"normalised, no further details",yes,yes,,45,converted EER,55,0.55,,0.55,0.2006706954621514,included,,included; accuracy missing and EER is a valid percentage,,,no reported uncertainty,,,,0,,,0,0,No parenthesized uncertainty was reported in the selected accuracy/EER field.
147_Right-Hand-Horizontal-Sit,73,147,Right Hand Horizontal Sit,SCG,147|Right Hand Horizontal Sit,SVM,kernel,not provided,20,one condition,own device,150 Hz,one channel (green),up to 5 min,up to 5 min,0,0,0,1,0,0,0,0,wrist,low (one day),1 sec,126 sec,70/30 random split,no intruders,,49.0%,,,cleaned time series,handcrafted,,no,"Savitzky-Golay filter for low frequency noise, sixth-order Butterworth lowpass filter for high-frequency noise, common average referencing (CAR), data smoothing via interpolation with spline cubic curves at 750Hz",1-second windows centered on each detected heartbeat peak,window,"normalised, no further details",yes,yes,,49,converted EER,51,0.51,,0.51,0.040005334613699206,included,,included; accuracy missing and EER is a valid percentage,,,no reported uncertainty,,,,0,,,0,0,No parenthesized uncertainty was reported in the selected accuracy/EER field.
147_Right-Hand-Dorsal-Ventral-Sit,74,147,Right Hand Dorsal-Ventral Sit,SCG,147|Right Hand Dorsal-Ventral Sit,SVM,kernel,not provided,20,one condition,own device,150 Hz,one channel (green),up to 5 min,up to 5 min,0,0,0,1,0,0,0,0,wrist,low (one day),1 sec,126 sec,70/30 random split,no intruders,,49.0%,,,cleaned time series,handcrafted,,no,"Savitzky-Golay filter for low frequency noise, sixth-order Butterworth lowpass filter for high-frequency noise, common average referencing (CAR), data smoothing via interpolation with spline cubic curves at 750Hz",1-second windows centered on each detected heartbeat peak,window,"normalised, no further details",yes,yes,,49,converted EER,51,0.51,,0.51,0.040005334613699206,included,,included; accuracy missing and EER is a valid percentage,,,no reported uncertainty,,,,0,,,0,0,No parenthesized uncertainty was reported in the selected accuracy/EER field.
147_Left-Hand-Vertical-Sit,75,147,Left Hand Vertical Sit,SCG,147|Left Hand Vertical Sit,SVM,kernel,not provided,20,one condition,own device,150 Hz,one channel (green),up to 5 min,up to 5 min,0,0,0,1,0,0,0,0,wrist,low (one day),1 sec,126 sec,70/30 random split,no intruders,,47.0%,,,cleaned time series,handcrafted,,no,"Savitzky-Golay filter for low frequency noise, sixth-order Butterworth lowpass filter for high-frequency noise, common average referencing (CAR), data smoothing via interpolation with spline cubic curves at 750Hz",1-second windows centered on each detected heartbeat peak,window,"normalised, no further details",yes,yes,,47,converted EER,53,0.53,,0.53,0.12014431184206341,included,,included; accuracy missing and EER is a valid percentage,,,no reported uncertainty,,,,0,,,0,0,No parenthesized uncertainty was reported in the selected accuracy/EER field.
147_Left-Hand-Horizontal-Sit,76,147,Left Hand Horizontal Sit,SCG,147|Left Hand Horizontal Sit,SVM,kernel,not provided,20,one condition,own device,150 Hz,one channel (green),up to 5 min,up to 5 min,0,0,0,1,0,0,0,0,wrist,low (one day),1 sec,126 sec,70/30 random split,no intruders,,48.0%,,,cleaned time series,handcrafted,,no,"Savitzky-Golay filter for low frequency noise, sixth-order Butterworth lowpass filter for high-frequency noise, common average referencing (CAR), data smoothing via interpolation with spline cubic curves at 750Hz",1-second windows centered on each detected heartbeat peak,window,"normalised, no further details",yes,yes,,48,converted EER,52,0.52,,0.52,0.08004270767353656,included,,included; accuracy missing and EER is a valid percentage,,,no reported uncertainty,,,,0,,,0,0,No parenthesized uncertainty was reported in the selected accuracy/EER field.
147_Left-Hand-Dorsal-Ventral-Sit,77,147,Left Hand Dorsal-Ventral Sit,SCG,147|Left Hand Dorsal-Ventral Sit,SVM,kernel,not provided,20,one condition,own device,150 Hz,one channel (green),up to 5 min,up to 5 min,0,0,0,1,0,0,0,0,wrist,low (one day),1 sec,126 sec,70/30 random split,no intruders,,46.0%,,,cleaned time series,handcrafted,,no,"Savitzky-Golay filter for low frequency noise, sixth-order Butterworth lowpass filter for high-frequency noise, common average referencing (CAR), data smoothing via interpolation with spline cubic curves at 750Hz",1-second windows centered on each detected heartbeat peak,window,"normalised, no further details",yes,yes,,46,converted EER,54,0.54,,0.54,0.16034265007517948,included,,included; accuracy missing and EER is a valid percentage,,,no reported uncertainty,,,,0,,,0,0,No parenthesized uncertainty was reported in the selected accuracy/EER field.
147_Left-Carotid-Vertical-Sit,78,147,Left Carotid Vertical Sit,SCG,147|Left Carotid Vertical Sit,SVM,kernel,not provided,20,one condition,own device,150 Hz,one channel (green),up to 5 min,up to 5 min,0,0,0,1,0,0,0,0,neck,low (one day),1 sec,126 sec,70/30 random split,no intruders,,43.0%,,,cleaned time series,handcrafted,,no,"Savitzky-Golay filter for low frequency noise, sixth-order Butterworth lowpass filter for high-frequency noise, common average referencing (CAR), data smoothing via interpolation with spline cubic curves at 750Hz",1-second windows centered on each detected heartbeat peak,window,"normalised, no further details",yes,yes,,43,converted EER,57,0.57,,0.57,0.2818511521409875,included,,included; accuracy missing and EER is a valid percentage,,,no reported uncertainty,,,,0,,,0,0,No parenthesized uncertainty was reported in the selected accuracy/EER field.
147_Left-Carotid-Horizontal-Sit,79,147,Left Carotid Horizontal Sit,SCG,147|Left Carotid Horizontal Sit,SVM,kernel,not provided,20,one condition,own device,150 Hz,one channel (green),up to 5 min,up to 5 min,0,0,0,1,0,0,0,0,neck,low (one day),1 sec,126 sec,70/30 random split,no intruders,,43.0%,,,cleaned time series,handcrafted,,no,"Savitzky-Golay filter for low frequency noise, sixth-order Butterworth lowpass filter for high-frequency noise, common average referencing (CAR), data smoothing via interpolation with spline cubic curves at 750Hz",1-second windows centered on each detected heartbeat peak,window,"normalised, no further details",yes,yes,,43,converted EER,57,0.57,,0.57,0.2818511521409875,included,,included; accuracy missing and EER is a valid percentage,,,no reported uncertainty,,,,0,,,0,0,No parenthesized uncertainty was reported in the selected accuracy/EER field.
147_Left-Carotid-Dorsal-Ventral-Sit,80,147,Left Carotid Dorsal-Ventral Sit,SCG,147|Left Carotid Dorsal-Ventral Sit,SVM,kernel,not provided,20,one condition,own device,150 Hz,one channel (green),up to 5 min,up to 5 min,0,0,0,1,0,0,0,0,neck,low (one day),1 sec,126 sec,70/30 random split,no intruders,,46.0%,,,cleaned time series,handcrafted,,no,"Savitzky-Golay filter for low frequency noise, sixth-order Butterworth lowpass filter for high-frequency noise, common average referencing (CAR), data smoothing via interpolation with spline cubic curves at 750Hz",1-second windows centered on each detected heartbeat peak,window,"normalised, no further details",yes,yes,,46,converted EER,54,0.54,,0.54,0.16034265007517948,included,,included; accuracy missing and EER is a valid percentage,,,no reported uncertainty,,,,0,,,0,0,No parenthesized uncertainty was reported in the selected accuracy/EER field.
147_Heart-Vertical-Sit,81,147,Heart Vertical Sit,SCG,147|Heart Vertical Sit,SVM,kernel,not provided,20,one condition,own device,150 Hz,one channel (green),up to 5 min,up to 5 min,0,0,0,1,0,0,0,0,chest/torso,low (one day),1 sec,126 sec,70/30 random split,no intruders,,28.0%,,,cleaned time series,handcrafted,,no,"Savitzky-Golay filter for low frequency noise, sixth-order Butterworth lowpass filter for high-frequency noise, common average referencing (CAR), data smoothing via interpolation with spline cubic curves at 750Hz",1-second windows centered on each detected heartbeat peak,window,"normalised, no further details",yes,yes,,28,converted EER,72,0.72,,0.72,0.9444616088408513,included,,included; accuracy missing and EER is a valid percentage,,,no reported uncertainty,,,,0,,,0,0,No parenthesized uncertainty was reported in the selected accuracy/EER field.
147_Heart-Horizontal-Sit,82,147,Heart Horizontal Sit,SCG,147|Heart Horizontal Sit,SVM,kernel,not provided,20,one condition,own device,150 Hz,one channel (green),up to 5 min,up to 5 min,0,0,0,1,0,0,0,0,chest/torso,low (one day),1 sec,126 sec,70/30 random split,no intruders,,37.0%,,,cleaned time series,handcrafted,,no,"Savitzky-Golay filter for low frequency noise, sixth-order Butterworth lowpass filter for high-frequency noise, common average referencing (CAR), data smoothing via interpolation with spline cubic curves at 750Hz",1-second windows centered on each detected heartbeat peak,window,"normalised, no further details",yes,yes,,37,converted EER,63,0.63,,0.63,0.5322168137473082,included,,included; accuracy missing and EER is a valid percentage,,,no reported uncertainty,,,,0,,,0,0,No parenthesized uncertainty was reported in the selected accuracy/EER field.
147_Heart-Dorsal-Ventral-Sit,83,147,Heart Dorsal-Ventral Sit,SCG,147|Heart Dorsal-Ventral Sit,SVM,kernel,not provided,20,one condition,own device,150 Hz,one channel (green),up to 5 min,up to 5 min,0,0,0,1,0,0,0,0,chest/torso,low (one day),1 sec,126 sec,70/30 random split,no intruders,,33.0%,,,cleaned time series,handcrafted,,no,"Savitzky-Golay filter for low frequency noise, sixth-order Butterworth lowpass filter for high-frequency noise, common average referencing (CAR), data smoothing via interpolation with spline cubic curves at 750Hz",1-second windows centered on each detected heartbeat peak,window,"normalised, no further details",yes,yes,,33,converted EER,67,0.67,,0.67,0.708185057924486,included,,included; accuracy missing and EER is a valid percentage,,,no reported uncertainty,,,,0,,,0,0,No parenthesized uncertainty was reported in the selected accuracy/EER field.
147_Sternum-Vertical-Sit,84,147,Sternum Vertical Sit,SCG,147|Sternum Vertical Sit,SVM,kernel,not provided,20,one condition,own device,150 Hz,one channel (green),up to 5 min,up to 5 min,0,0,0,1,0,0,0,0,chest/torso,low (one day),1 sec,126 sec,70/30 random split,no intruders,,27.0%,,,cleaned time series,handcrafted,,no,"Savitzky-Golay filter for low frequency noise, sixth-order Butterworth lowpass filter for high-frequency noise, common average referencing (CAR), data smoothing via interpolation with spline cubic curves at 750Hz",1-second windows centered on each detected heartbeat peak,window,"normalised, no further details",yes,yes,,27,converted EER,73,0.73,,0.73,0.9946225751440619,included,,included; accuracy missing and EER is a valid percentage,,,no reported uncertainty,,,,0,,,0,0,No parenthesized uncertainty was reported in the selected accuracy/EER field.
147_Sternum-Horizontal-Sit,85,147,Sternum Horizontal Sit,SCG,147|Sternum Horizontal Sit,SVM,kernel,not provided,20,one condition,own device,150 Hz,one channel (green),up to 5 min,up to 5 min,0,0,0,1,0,0,0,0,chest/torso,low (one day),1 sec,126 sec,70/30 random split,no intruders,,36.0%,,,cleaned time series,handcrafted,,no,"Savitzky-Golay filter for low frequency noise, sixth-order Butterworth lowpass filter for high-frequency noise, common average referencing (CAR), data smoothing via interpolation with spline cubic curves at 750Hz",1-second windows centered on each detected heartbeat peak,window,"normalised, no further details",yes,yes,,36,converted EER,64,0.64,,0.64,0.5753641449035619,included,,included; accuracy missing and EER is a valid percentage,,,no reported uncertainty,,,,0,,,0,0,No parenthesized uncertainty was reported in the selected accuracy/EER field.
147_Sternum-Dorsal-Ventral-Sit,86,147,Sternum Dorsal-Ventral Sit,SCG,147|Sternum Dorsal-Ventral Sit,SVM,kernel,not provided,20,one condition,own device,150 Hz,one channel (green),up to 5 min,up to 5 min,0,0,0,1,0,0,0,0,chest/torso,low (one day),1 sec,126 sec,70/30 random split,no intruders,,32.0%,,,cleaned time series,handcrafted,,no,"Savitzky-Golay filter for low frequency noise, sixth-order Butterworth lowpass filter for high-frequency noise, common average referencing (CAR), data smoothing via interpolation with spline cubic curves at 750Hz",1-second windows centered on each detected heartbeat peak,window,"normalised, no further details",yes,yes,,32,converted EER,68,0.68,,0.68,0.7537718023763803,included,,included; accuracy missing and EER is a valid percentage,,,no reported uncertainty,,,,0,,,0,0,No parenthesized uncertainty was reported in the selected accuracy/EER field.
147_Right-Hand-Vertical-Resilient-Sit,87,147,Right Hand Vertical Resilient Sit,SCG,147|Right Hand Vertical Resilient Sit,SVM,kernel,not provided,20,one condition,own device,150 Hz,one channel (green),up to 5 min,up to 5 min,0,0,0,1,0,0,0,0,wrist,low (one day),1 sec,126 sec,70/30 random split,no intruders,,14.0%,,,cleaned time series,handcrafted,,no,"Savitzky-Golay filter for low frequency noise, sixth-order Butterworth lowpass filter for high-frequency noise; removal of motion artifacts by averaging 5 consecutive data samples, common average referencing (CAR), data smoothing via interpolation with spline cubic curves at 750Hz",1-second windows centered on each detected heartbeat peak,window,"normalised, no further details",yes,yes,,14,converted EER,86,0.86,,0.86,1.815289966638249,included,,included; accuracy missing and EER is a valid percentage,,,no reported uncertainty,,,,0,,,0,0,No parenthesized uncertainty was reported in the selected accuracy/EER field.
147_Right-Hand-Horizontal-Resilient-Sit,88,147,Right Hand Horizontal Resilient Sit,SCG,147|Right Hand Horizontal Resilient Sit,SVM,kernel,not provided,20,one condition,own device,150 Hz,one channel (green),up to 5 min,up to 5 min,0,0,0,1,0,0,0,0,wrist,low (one day),1 sec,126 sec,70/30 random split,no intruders,,17.0%,,,cleaned time series,handcrafted,,no,"Savitzky-Golay filter for low frequency noise, sixth-order Butterworth lowpass filter for high-frequency noise; removal of motion artifacts by averaging 5 consecutive data samples, common average referencing (CAR), data smoothing via interpolation with spline cubic curves at 750Hz",1-second windows centered on each detected heartbeat peak,window,"normalised, no further details",yes,yes,,17,converted EER,83,0.83,,0.83,1.5856272637403817,included,,included; accuracy missing and EER is a valid percentage,,,no reported uncertainty,,,,0,,,0,0,No parenthesized uncertainty was reported in the selected accuracy/EER field.
147_Right-Hand-Dorsal-Ventral-Resilient-Sit,89,147,Right Hand Dorsal-Ventral Resilient Sit,SCG,147|Right Hand Dorsal-Ventral Resilient Sit,SVM,kernel,not provided,20,one condition,own device,150 Hz,one channel (green),up to 5 min,up to 5 min,0,0,0,1,0,0,0,0,wrist,low (one day),1 sec,126 sec,70/30 random split,no intruders,,18.0%,,,cleaned time series,handcrafted,,no,"Savitzky-Golay filter for low frequency noise, sixth-order Butterworth lowpass filter for high-frequency noise; removal of motion artifacts by averaging 5 consecutive data samples, common average referencing (CAR), data smoothing via interpolation with spline cubic curves at 750Hz",1-second windows centered on each detected heartbeat peak,window,"normalised, no further details",yes,yes,,18,converted EER,82,0.82,,0.82,1.5163474893680882,included,,included; accuracy missing and EER is a valid percentage,,,no reported uncertainty,,,,0,,,0,0,No parenthesized uncertainty was reported in the selected accuracy/EER field.
147_Left-Hand-Vertical-Resilient-Sit,90,147,Left Hand Vertical Resilient Sit,SCG,147|Left Hand Vertical Resilient Sit,SVM,kernel,not provided,20,one condition,own device,150 Hz,one channel (green),up to 5 min,up to 5 min,0,0,0,1,0,0,0,0,wrist,low (one day),1 sec,126 sec,70/30 random split,no intruders,,16.0%,,,cleaned time series,handcrafted,,no,"Savitzky-Golay filter for low frequency noise, sixth-order Butterworth lowpass filter for high-frequency noise; removal of motion artifacts by averaging 5 consecutive data samples, common average referencing (CAR), data smoothing via interpolation with spline cubic curves at 750Hz",1-second windows centered on each detected heartbeat peak,window,"normalised, no further details",yes,yes,,16,converted EER,84,0.84,,0.84,1.6582280766035322,included,,included; accuracy missing and EER is a valid percentage,,,no reported uncertainty,,,,0,,,0,0,No parenthesized uncertainty was reported in the selected accuracy/EER field.
147_Left-Hand-Horizontal-Resilient-Sit,91,147,Left Hand Horizontal Resilient Sit,SCG,147|Left Hand Horizontal Resilient Sit,SVM,kernel,not provided,20,one condition,own device,150 Hz,one channel (green),up to 5 min,up to 5 min,0,0,0,1,0,0,0,0,wrist,low (one day),1 sec,126 sec,70/30 random split,no intruders,,17.0%,,,cleaned time series,handcrafted,,no,"Savitzky-Golay filter for low frequency noise, sixth-order Butterworth lowpass filter for high-frequency noise; removal of motion artifacts by averaging 5 consecutive data samples, common average referencing (CAR), data smoothing via interpolation with spline cubic curves at 750Hz",1-second windows centered on each detected heartbeat peak,window,"normalised, no further details",yes,yes,,17,converted EER,83,0.83,,0.83,1.5856272637403817,included,,included; accuracy missing and EER is a valid percentage,,,no reported uncertainty,,,,0,,,0,0,No parenthesized uncertainty was reported in the selected accuracy/EER field.
147_Left-Hand-Dorsal-Ventral-Resilient-Sit,92,147,Left Hand Dorsal-Ventral Resilient Sit,SCG,147|Left Hand Dorsal-Ventral Resilient Sit,SVM,kernel,not provided,20,one condition,own device,150 Hz,one channel (green),up to 5 min,up to 5 min,0,0,0,1,0,0,0,0,wrist,low (one day),1 sec,126 sec,70/30 random split,no intruders,,13.0%,,,cleaned time series,handcrafted,,no,"Savitzky-Golay filter for low frequency noise, sixth-order Butterworth lowpass filter for high-frequency noise; removal of motion artifacts by averaging 5 consecutive data samples, common average referencing (CAR), data smoothing via interpolation with spline cubic curves at 750Hz",1-second windows centered on each detected heartbeat peak,window,"normalised, no further details",yes,yes,,13,converted EER,87,0.87,,0.87,1.900958761193047,included,,included; accuracy missing and EER is a valid percentage,,,no reported uncertainty,,,,0,,,0,0,No parenthesized uncertainty was reported in the selected accuracy/EER field.
147_Left-Carotid-Vertical-Resilient-Sit,93,147,Left Carotid Vertical Resilient Sit,SCG,147|Left Carotid Vertical Resilient Sit,SVM,kernel,not provided,20,one condition,own device,150 Hz,one channel (green),up to 5 min,up to 5 min,0,0,0,1,0,0,0,0,neck,low (one day),1 sec,126 sec,70/30 random split,no intruders,,9.0%,,,cleaned time series,handcrafted,,no,"Savitzky-Golay filter for low frequency noise, sixth-order Butterworth lowpass filter for high-frequency noise; removal of motion artifacts by averaging 5 consecutive data samples, common average referencing (CAR), data smoothing via interpolation with spline cubic curves at 750Hz",1-second windows centered on each detected heartbeat peak,window,"normalised, no further details",yes,yes,,9,converted EER,91,0.91,,0.91,2.313634929180631,included,,included; accuracy missing and EER is a valid percentage,,,no reported uncertainty,,,,0,,,0,0,No parenthesized uncertainty was reported in the selected accuracy/EER field.
147_Left-Carotid-Horizontal-Resilient-Sit,94,147,Left Carotid Horizontal Resilient Sit,SCG,147|Left Carotid Horizontal Resilient Sit,SVM,kernel,not provided,20,one condition,own device,150 Hz,one channel (green),up to 5 min,up to 5 min,0,0,0,1,0,0,0,0,neck,low (one day),1 sec,126 sec,70/30 random split,no intruders,,13.0%,,,cleaned time series,handcrafted,,no,"Savitzky-Golay filter for low frequency noise, sixth-order Butterworth lowpass filter for high-frequency noise; removal of motion artifacts by averaging 5 consecutive data samples, common average referencing (CAR), data smoothing via interpolation with spline cubic curves at 750Hz",1-second windows centered on each detected heartbeat peak,window,"normalised, no further details",yes,yes,,13,converted EER,87,0.87,,0.87,1.900958761193047,included,,included; accuracy missing and EER is a valid percentage,,,no reported uncertainty,,,,0,,,0,0,No parenthesized uncertainty was reported in the selected accuracy/EER field.
147_Left-Carotid-Dorsal-Ventral-Resilient-Sit,95,147,Left Carotid Dorsal-Ventral Resilient Sit,SCG,147|Left Carotid Dorsal-Ventral Resilient Sit,SVM,kernel,not provided,20,one condition,own device,150 Hz,one channel (green),up to 5 min,up to 5 min,0,0,0,1,0,0,0,0,neck,low (one day),1 sec,126 sec,70/30 random split,no intruders,,12.0%,,,cleaned time series,handcrafted,,no,"Savitzky-Golay filter for low frequency noise, sixth-order Butterworth lowpass filter for high-frequency noise; removal of motion artifacts by averaging 5 consecutive data samples, common average referencing (CAR), data smoothing via interpolation with spline cubic curves at 750Hz",1-second windows centered on each detected heartbeat peak,window,"normalised, no further details",yes,yes,,12,converted EER,88,0.88,,0.88,1.9924301646902063,included,,included; accuracy missing and EER is a valid percentage,,,no reported uncertainty,,,,0,,,0,0,No parenthesized uncertainty was reported in the selected accuracy/EER field.
147_Heart-Vertical-Resilient-Sit,96,147,Heart Vertical Resilient Sit,SCG,147|Heart Vertical Resilient Sit,SVM,kernel,not provided,20,one condition,own device,150 Hz,one channel (green),up to 5 min,up to 5 min,0,0,0,1,0,0,0,0,chest/torso,low (one day),1 sec,126 sec,70/30 random split,no intruders,,1.0%,,,cleaned time series,handcrafted,,no,"Savitzky-Golay filter for low frequency noise, sixth-order Butterworth lowpass filter for high-frequency noise; removal of motion artifacts by averaging 5 consecutive data samples, common average referencing (CAR), data smoothing via interpolation with spline cubic curves at 750Hz",1-second windows centered on each detected heartbeat peak,window,"normalised, no further details",yes,yes,,1,converted EER,99,0.99,,0.99,4.595119850134589,included,,included; accuracy missing and EER is a valid percentage,,,no reported uncertainty,,,,0,,,0,0,No parenthesized uncertainty was reported in the selected accuracy/EER field.
147_Heart-Horizontal-Resilient-Sit,97,147,Heart Horizontal Resilient Sit,SCG,147|Heart Horizontal Resilient Sit,SVM,kernel,not provided,20,one condition,own device,150 Hz,one channel (green),up to 5 min,up to 5 min,0,0,0,1,0,0,0,0,chest/torso,low (one day),1 sec,126 sec,70/30 random split,no intruders,,5.0%,,,cleaned time series,handcrafted,,no,"Savitzky-Golay filter for low frequency noise, sixth-order Butterworth lowpass filter for high-frequency noise; removal of motion artifacts by averaging 5 consecutive data samples, common average referencing (CAR), data smoothing via interpolation with spline cubic curves at 750Hz",1-second windows centered on each detected heartbeat peak,window,"normalised, no further details",yes,yes,,5,converted EER,95,0.95,,0.95,2.9444389791664394,included,,included; accuracy missing and EER is a valid percentage,,,no reported uncertainty,,,,0,,,0,0,No parenthesized uncertainty was reported in the selected accuracy/EER field.
147_Heart-Dorsal-Ventral-Resilient-Sit,98,147,Heart Dorsal-Ventral Resilient Sit,SCG,147|Heart Dorsal-Ventral Resilient Sit,SVM,kernel,not provided,20,one condition,own device,150 Hz,one channel (green),up to 5 min,up to 5 min,0,0,0,1,0,0,0,0,chest/torso,low (one day),1 sec,126 sec,70/30 random split,no intruders,,2.0%,,,cleaned time series,handcrafted,,no,"Savitzky-Golay filter for low frequency noise, sixth-order Butterworth lowpass filter for high-frequency noise; removal of motion artifacts by averaging 5 consecutive data samples, common average referencing (CAR), data smoothing via interpolation with spline cubic curves at 750Hz",1-second windows centered on each detected heartbeat peak,window,"normalised, no further details",yes,yes,,2,converted EER,98,0.98,,0.98,3.8918202981106256,included,,included; accuracy missing and EER is a valid percentage,,,no reported uncertainty,,,,0,,,0,0,No parenthesized uncertainty was reported in the selected accuracy/EER field.
147_Sternum-Vertical-Resilient-Sit,99,147,Sternum Vertical Resilient Sit,SCG,147|Sternum Vertical Resilient Sit,SVM,kernel,not provided,20,one condition,own device,150 Hz,one channel (green),up to 5 min,up to 5 min,0,0,0,1,0,0,0,0,chest/torso,low (one day),1 sec,126 sec,70/30 random split,no intruders,,1.0%,,,cleaned time series,handcrafted,,no,"Savitzky-Golay filter for low frequency noise, sixth-order Butterworth lowpass filter for high-frequency noise; removal of motion artifacts by averaging 5 consecutive data samples, common average referencing (CAR), data smoothing via interpolation with spline cubic curves at 750Hz",1-second windows centered on each detected heartbeat peak,window,"normalised, no further details",yes,yes,,1,converted EER,99,0.99,,0.99,4.595119850134589,included,,included; accuracy missing and EER is a valid percentage,,,no reported uncertainty,,,,0,,,0,0,No parenthesized uncertainty was reported in the selected accuracy/EER field.
147_Sternum-Horizontal-Resilient-Sit,100,147,Sternum Horizontal Resilient Sit,SCG,147|Sternum Horizontal Resilient Sit,SVM,kernel,not provided,20,one condition,own device,150 Hz,one channel (green),up to 5 min,up to 5 min,0,0,0,1,0,0,0,0,chest/torso,low (one day),1 sec,126 sec,70/30 random split,no intruders,,4.0%,,,cleaned time series,handcrafted,,no,"Savitzky-Golay filter for low frequency noise, sixth-order Butterworth lowpass filter for high-frequency noise; removal of motion artifacts by averaging 5 consecutive data samples, common average referencing (CAR), data smoothing via interpolation with spline cubic curves at 750Hz",1-second windows centered on each detected heartbeat peak,window,"normalised, no further details",yes,yes,,4,converted EER,96,0.96,,0.96,3.178053830347945,included,,included; accuracy missing and EER is a valid percentage,,,no reported uncertainty,,,,0,,,0,0,No parenthesized uncertainty was reported in the selected accuracy/EER field.
147_Sternum-Dorsal-Ventral-Resilient-Sit,101,147,Sternum Dorsal-Ventral Resilient Sit,SCG,147|Sternum Dorsal-Ventral Resilient Sit,SVM,kernel,not provided,20,one condition,own device,150 Hz,one channel (green),up to 5 min,up to 5 min,0,0,0,1,0,0,0,0,chest/torso,low (one day),1 sec,126 sec,70/30 random split,no intruders,,1.0%,,,cleaned time series,handcrafted,,no,"Savitzky-Golay filter for low frequency noise, sixth-order Butterworth lowpass filter for high-frequency noise; removal of motion artifacts by averaging 5 consecutive data samples, common average referencing (CAR), data smoothing via interpolation with spline cubic curves at 750Hz",1-second windows centered on each detected heartbeat peak,window,"normalised, no further details",yes,yes,,1,converted EER,99,0.99,,0.99,4.595119850134589,included,,included; accuracy missing and EER is a valid percentage,,,no reported uncertainty,,,,0,,,0,0,No parenthesized uncertainty was reported in the selected accuracy/EER field.
147_Right-Hand-Vertical-Stand,102,147,Right Hand Vertical Stand,SCG,147|Right Hand Vertical Stand,SVM,kernel,not provided,20,one condition,own device,150 Hz,one channel (green),up to 5 min,up to 5 min,0,0,0,1,0,0,0,0,wrist,low (one day),1 sec,126 sec,70/30 random split,no intruders,,47.0%,,,cleaned time series,handcrafted,,no,"Savitzky-Golay filter for low frequency noise, sixth-order Butterworth lowpass filter for high-frequency noise, common average referencing (CAR), data smoothing via interpolation with spline cubic curves at 750Hz",1-second windows centered on each detected heartbeat peak,window,"normalised, no further details",yes,yes,,47,converted EER,53,0.53,,0.53,0.12014431184206341,included,,included; accuracy missing and EER is a valid percentage,,,no reported uncertainty,,,,0,,,0,0,No parenthesized uncertainty was reported in the selected accuracy/EER field.
147_Right-Hand-Horizontal-Stand,103,147,Right Hand Horizontal Stand,SCG,147|Right Hand Horizontal Stand,SVM,kernel,not provided,20,one condition,own device,150 Hz,one channel (green),up to 5 min,up to 5 min,0,0,0,1,0,0,0,0,wrist,low (one day),1 sec,126 sec,70/30 random split,no intruders,,47.0%,,,cleaned time series,handcrafted,,no,"Savitzky-Golay filter for low frequency noise, sixth-order Butterworth lowpass filter for high-frequency noise, common average referencing (CAR), data smoothing via interpolation with spline cubic curves at 750Hz",1-second windows centered on each detected heartbeat peak,window,"normalised, no further details",yes,yes,,47,converted EER,53,0.53,,0.53,0.12014431184206341,included,,included; accuracy missing and EER is a valid percentage,,,no reported uncertainty,,,,0,,,0,0,No parenthesized uncertainty was reported in the selected accuracy/EER field.
147_Right-Hand-Dorsal-Ventral-Stand,104,147,Right Hand Dorsal-Ventral Stand,SCG,147|Right Hand Dorsal-Ventral Stand,SVM,kernel,not provided,20,one condition,own device,150 Hz,one channel (green),up to 5 min,up to 5 min,0,0,0,1,0,0,0,0,wrist,low (one day),1 sec,126 sec,70/30 random split,no intruders,,47.0%,,,cleaned time series,handcrafted,,no,"Savitzky-Golay filter for low frequency noise, sixth-order Butterworth lowpass filter for high-frequency noise, common average referencing (CAR), data smoothing via interpolation with spline cubic curves at 750Hz",1-second windows centered on each detected heartbeat peak,window,"normalised, no further details",yes,yes,,47,converted EER,53,0.53,,0.53,0.12014431184206341,included,,included; accuracy missing and EER is a valid percentage,,,no reported uncertainty,,,,0,,,0,0,No parenthesized uncertainty was reported in the selected accuracy/EER field.
147_Left-Hand-Vertical-Stand,105,147,Left Hand Vertical Stand,SCG,147|Left Hand Vertical Stand,SVM,kernel,not provided,20,one condition,own device,150 Hz,one channel (green),up to 5 min,up to 5 min,0,0,0,1,0,0,0,0,wrist,low (one day),1 sec,126 sec,70/30 random split,no intruders,,47.0%,,,cleaned time series,handcrafted,,no,"Savitzky-Golay filter for low frequency noise, sixth-order Butterworth lowpass filter for high-frequency noise, common average referencing (CAR), data smoothing via interpolation with spline cubic curves at 750Hz",1-second windows centered on each detected heartbeat peak,window,"normalised, no further details",yes,yes,,47,converted EER,53,0.53,,0.53,0.12014431184206341,included,,included; accuracy missing and EER is a valid percentage,,,no reported uncertainty,,,,0,,,0,0,No parenthesized uncertainty was reported in the selected accuracy/EER field.
147_Left-Hand-Horizontal-Stand,106,147,Left Hand Horizontal Stand,SCG,147|Left Hand Horizontal Stand,SVM,kernel,not provided,20,one condition,own device,150 Hz,one channel (green),up to 5 min,up to 5 min,0,0,0,1,0,0,0,0,wrist,low (one day),1 sec,126 sec,70/30 random split,no intruders,,48.0%,,,cleaned time series,handcrafted,,no,"Savitzky-Golay filter for low frequency noise, sixth-order Butterworth lowpass filter for high-frequency noise, common average referencing (CAR), data smoothing via interpolation with spline cubic curves at 750Hz",1-second windows centered on each detected heartbeat peak,window,"normalised, no further details",yes,yes,,48,converted EER,52,0.52,,0.52,0.08004270767353656,included,,included; accuracy missing and EER is a valid percentage,,,no reported uncertainty,,,,0,,,0,0,No parenthesized uncertainty was reported in the selected accuracy/EER field.
147_Left-Hand-Dorsal-Ventral-Stand,107,147,Left Hand Dorsal-Ventral Stand,SCG,147|Left Hand Dorsal-Ventral Stand,SVM,kernel,not provided,20,one condition,own device,150 Hz,one channel (green),up to 5 min,up to 5 min,0,0,0,1,0,0,0,0,wrist,low (one day),1 sec,126 sec,70/30 random split,no intruders,,47.0%,,,cleaned time series,handcrafted,,no,"Savitzky-Golay filter for low frequency noise, sixth-order Butterworth lowpass filter for high-frequency noise, common average referencing (CAR), data smoothing via interpolation with spline cubic curves at 750Hz",1-second windows centered on each detected heartbeat peak,window,"normalised, no further details",yes,yes,,47,converted EER,53,0.53,,0.53,0.12014431184206341,included,,included; accuracy missing and EER is a valid percentage,,,no reported uncertainty,,,,0,,,0,0,No parenthesized uncertainty was reported in the selected accuracy/EER field.
147_Left-Carotid-Vertical-Stand,108,147,Left Carotid Vertical Stand,SCG,147|Left Carotid Vertical Stand,SVM,kernel,not provided,20,one condition,own device,150 Hz,one channel (green),up to 5 min,up to 5 min,0,0,0,1,0,0,0,0,neck,low (one day),1 sec,126 sec,70/30 random split,no intruders,,40.0%,,,cleaned time series,handcrafted,,no,"Savitzky-Golay filter for low frequency noise, sixth-order Butterworth lowpass filter for high-frequency noise, common average referencing (CAR), data smoothing via interpolation with spline cubic curves at 750Hz",1-second windows centered on each detected heartbeat peak,window,"normalised, no further details",yes,yes,,40,converted EER,60,0.6,,0.6,0.4054651081081642,included,,included; accuracy missing and EER is a valid percentage,,,no reported uncertainty,,,,0,,,0,0,No parenthesized uncertainty was reported in the selected accuracy/EER field.
147_Left-Carotid-Horizontal-Stand,109,147,Left Carotid Horizontal Stand,SCG,147|Left Carotid Horizontal Stand,SVM,kernel,not provided,20,one condition,own device,150 Hz,one channel (green),up to 5 min,up to 5 min,0,0,0,1,0,0,0,0,neck,low (one day),1 sec,126 sec,70/30 random split,no intruders,,47.0%,,,cleaned time series,handcrafted,,no,"Savitzky-Golay filter for low frequency noise, sixth-order Butterworth lowpass filter for high-frequency noise, common average referencing (CAR), data smoothing via interpolation with spline cubic curves at 750Hz",1-second windows centered on each detected heartbeat peak,window,"normalised, no further details",yes,yes,,47,converted EER,53,0.53,,0.53,0.12014431184206341,included,,included; accuracy missing and EER is a valid percentage,,,no reported uncertainty,,,,0,,,0,0,No parenthesized uncertainty was reported in the selected accuracy/EER field.
147_Left-Carotid-Dorsal-Ventral-Stand,110,147,Left Carotid Dorsal-Ventral Stand,SCG,147|Left Carotid Dorsal-Ventral Stand,SVM,kernel,not provided,20,one condition,own device,150 Hz,one channel (green),up to 5 min,up to 5 min,0,0,0,1,0,0,0,0,neck,low (one day),1 sec,126 sec,70/30 random split,no intruders,,45.0%,,,cleaned time series,handcrafted,,no,"Savitzky-Golay filter for low frequency noise, sixth-order Butterworth lowpass filter for high-frequency noise, common average referencing (CAR), data smoothing via interpolation with spline cubic curves at 750Hz",1-second windows centered on each detected heartbeat peak,window,"normalised, no further details",yes,yes,,45,converted EER,55,0.55,,0.55,0.2006706954621514,included,,included; accuracy missing and EER is a valid percentage,,,no reported uncertainty,,,,0,,,0,0,No parenthesized uncertainty was reported in the selected accuracy/EER field.
147_Heart-Vertical-Stand,111,147,Heart Vertical Stand,SCG,147|Heart Vertical Stand,SVM,kernel,not provided,20,one condition,own device,150 Hz,one channel (green),up to 5 min,up to 5 min,0,0,0,1,0,0,0,0,chest/torso,low (one day),1 sec,126 sec,70/30 random split,no intruders,,28.0%,,,cleaned time series,handcrafted,,no,"Savitzky-Golay filter for low frequency noise, sixth-order Butterworth lowpass filter for high-frequency noise, common average referencing (CAR), data smoothing via interpolation with spline cubic curves at 750Hz",1-second windows centered on each detected heartbeat peak,window,"normalised, no further details",yes,yes,,28,converted EER,72,0.72,,0.72,0.9444616088408513,included,,included; accuracy missing and EER is a valid percentage,,,no reported uncertainty,,,,0,,,0,0,No parenthesized uncertainty was reported in the selected accuracy/EER field.
147_Heart-Horizontal-Stand,112,147,Heart Horizontal Stand,SCG,147|Heart Horizontal Stand,SVM,kernel,not provided,20,one condition,own device,150 Hz,one channel (green),up to 5 min,up to 5 min,0,0,0,1,0,0,0,0,chest/torso,low (one day),1 sec,126 sec,70/30 random split,no intruders,,35.0%,,,cleaned time series,handcrafted,,no,"Savitzky-Golay filter for low frequency noise, sixth-order Butterworth lowpass filter for high-frequency noise, common average referencing (CAR), data smoothing via interpolation with spline cubic curves at 750Hz",1-second windows centered on each detected heartbeat peak,window,"normalised, no further details",yes,yes,,35,converted EER,65,0.65,,0.65,0.6190392084062236,included,,included; accuracy missing and EER is a valid percentage,,,no reported uncertainty,,,,0,,,0,0,No parenthesized uncertainty was reported in the selected accuracy/EER field.
147_Heart-Dorsal-Ventral-Stand,113,147,Heart Dorsal-Ventral Stand,SCG,147|Heart Dorsal-Ventral Stand,SVM,kernel,not provided,20,one condition,own device,150 Hz,one channel (green),up to 5 min,up to 5 min,0,0,0,1,0,0,0,0,chest/torso,low (one day),1 sec,126 sec,70/30 random split,no intruders,,26.0%,,,cleaned time series,handcrafted,,no,"Savitzky-Golay filter for low frequency noise, sixth-order Butterworth lowpass filter for high-frequency noise, common average referencing (CAR), data smoothing via interpolation with spline cubic curves at 750Hz",1-second windows centered on each detected heartbeat peak,window,"normalised, no further details",yes,yes,,26,converted EER,74,0.74,,0.74,1.0459685551826876,included,,included; accuracy missing and EER is a valid percentage,,,no reported uncertainty,,,,0,,,0,0,No parenthesized uncertainty was reported in the selected accuracy/EER field.
147_Sternum-Vertical-Stand,114,147,Sternum Vertical Stand,SCG,147|Sternum Vertical Stand,SVM,kernel,not provided,20,one condition,own device,150 Hz,one channel (green),up to 5 min,up to 5 min,0,0,0,1,0,0,0,0,chest/torso,low (one day),1 sec,126 sec,70/30 random split,no intruders,,28.0%,,,cleaned time series,handcrafted,,no,"Savitzky-Golay filter for low frequency noise, sixth-order Butterworth lowpass filter for high-frequency noise, common average referencing (CAR), data smoothing via interpolation with spline cubic curves at 750Hz",1-second windows centered on each detected heartbeat peak,window,"normalised, no further details",yes,yes,,28,converted EER,72,0.72,,0.72,0.9444616088408513,included,,included; accuracy missing and EER is a valid percentage,,,no reported uncertainty,,,,0,,,0,0,No parenthesized uncertainty was reported in the selected accuracy/EER field.
147_Sternum-Horizontal-Stand,115,147,Sternum Horizontal Stand,SCG,147|Sternum Horizontal Stand,SVM,kernel,not provided,20,one condition,own device,150 Hz,one channel (green),up to 5 min,up to 5 min,0,0,0,1,0,0,0,0,chest/torso,low (one day),1 sec,126 sec,70/30 random split,no intruders,,33.0%,,,cleaned time series,handcrafted,,no,"Savitzky-Golay filter for low frequency noise, sixth-order Butterworth lowpass filter for high-frequency noise, common average referencing (CAR), data smoothing via interpolation with spline cubic curves at 750Hz",1-second windows centered on each detected heartbeat peak,window,"normalised, no further details",yes,yes,,33,converted EER,67,0.67,,0.67,0.708185057924486,included,,included; accuracy missing and EER is a valid percentage,,,no reported uncertainty,,,,0,,,0,0,No parenthesized uncertainty was reported in the selected accuracy/EER field.
147_Sternum-Dorsal-Ventral-Stand,116,147,Sternum Dorsal-Ventral Stand,SCG,147|Sternum Dorsal-Ventral Stand,SVM,kernel,not provided,20,one condition,own device,150 Hz,one channel (green),up to 5 min,up to 5 min,0,0,0,1,0,0,0,0,chest/torso,low (one day),1 sec,126 sec,70/30 random split,no intruders,,28.0%,,,cleaned time series,handcrafted,,no,"Savitzky-Golay filter for low frequency noise, sixth-order Butterworth lowpass filter for high-frequency noise, common average referencing (CAR), data smoothing via interpolation with spline cubic curves at 750Hz",1-second windows centered on each detected heartbeat peak,window,"normalised, no further details",yes,yes,,28,converted EER,72,0.72,,0.72,0.9444616088408513,included,,included; accuracy missing and EER is a valid percentage,,,no reported uncertainty,,,,0,,,0,0,No parenthesized uncertainty was reported in the selected accuracy/EER field.
147_Right-Hand-Vertical-Resilient-Stand,117,147,Right Hand Vertical Resilient Stand,SCG,147|Right Hand Vertical Resilient Stand,SVM,kernel,not provided,20,one condition,own device,150 Hz,one channel (green),up to 5 min,up to 5 min,0,0,0,1,0,0,0,0,wrist,low (one day),1 sec,126 sec,70/30 random split,no intruders,,15.0%,,,cleaned time series,handcrafted,,no,"Savitzky-Golay filter for low frequency noise, sixth-order Butterworth lowpass filter for high-frequency noise; removal of motion artifacts by averaging 5 consecutive data samples, common average referencing (CAR), data smoothing via interpolation with spline cubic curves at 750Hz",1-second windows centered on each detected heartbeat peak,window,"normalised, no further details",yes,yes,,15,converted EER,85,0.85,,0.85,1.7346010553881064,included,,included; accuracy missing and EER is a valid percentage,,,no reported uncertainty,,,,0,,,0,0,No parenthesized uncertainty was reported in the selected accuracy/EER field.
147_Right-Hand-Horizontal-Resilient-Stand,118,147,Right Hand Horizontal Resilient Stand,SCG,147|Right Hand Horizontal Resilient Stand,SVM,kernel,not provided,20,one condition,own device,150 Hz,one channel (green),up to 5 min,up to 5 min,0,0,0,1,0,0,0,0,wrist,low (one day),1 sec,126 sec,70/30 random split,no intruders,,19.0%,,,cleaned time series,handcrafted,,no,"Savitzky-Golay filter for low frequency noise, sixth-order Butterworth lowpass filter for high-frequency noise; removal of motion artifacts by averaging 5 consecutive data samples, common average referencing (CAR), data smoothing via interpolation with spline cubic curves at 750Hz",1-second windows centered on each detected heartbeat peak,window,"normalised, no further details",yes,yes,,19,converted EER,81,0.81,,0.81,1.4500101755059986,included,,included; accuracy missing and EER is a valid percentage,,,no reported uncertainty,,,,0,,,0,0,No parenthesized uncertainty was reported in the selected accuracy/EER field.
147_Right-Hand-Dorsal-Ventral-Resilient-Stand,119,147,Right Hand Dorsal-Ventral Resilient Stand,SCG,147|Right Hand Dorsal-Ventral Resilient Stand,SVM,kernel,not provided,20,one condition,own device,150 Hz,one channel (green),up to 5 min,up to 5 min,0,0,0,1,0,0,0,0,wrist,low (one day),1 sec,126 sec,70/30 random split,no intruders,,15.0%,,,cleaned time series,handcrafted,,no,"Savitzky-Golay filter for low frequency noise, sixth-order Butterworth lowpass filter for high-frequency noise; removal of motion artifacts by averaging 5 consecutive data samples, common average referencing (CAR), data smoothing via interpolation with spline cubic curves at 750Hz",1-second windows centered on each detected heartbeat peak,window,"normalised, no further details",yes,yes,,15,converted EER,85,0.85,,0.85,1.7346010553881064,included,,included; accuracy missing and EER is a valid percentage,,,no reported uncertainty,,,,0,,,0,0,No parenthesized uncertainty was reported in the selected accuracy/EER field.
147_Left-Hand-Vertical-Resilient-Stand,120,147,Left Hand Vertical Resilient Stand,SCG,147|Left Hand Vertical Resilient Stand,SVM,kernel,not provided,20,one condition,own device,150 Hz,one channel (green),up to 5 min,up to 5 min,0,0,0,1,0,0,0,0,wrist,low (one day),1 sec,126 sec,70/30 random split,no intruders,,13.0%,,,cleaned time series,handcrafted,,no,"Savitzky-Golay filter for low frequency noise, sixth-order Butterworth lowpass filter for high-frequency noise; removal of motion artifacts by averaging 5 consecutive data samples, common average referencing (CAR), data smoothing via interpolation with spline cubic curves at 750Hz",1-second windows centered on each detected heartbeat peak,window,"normalised, no further details",yes,yes,,13,converted EER,87,0.87,,0.87,1.900958761193047,included,,included; accuracy missing and EER is a valid percentage,,,no reported uncertainty,,,,0,,,0,0,No parenthesized uncertainty was reported in the selected accuracy/EER field.
147_Left-Hand-Horizontal-Resilient-Stand,121,147,Left Hand Horizontal Resilient Stand,SCG,147|Left Hand Horizontal Resilient Stand,SVM,kernel,not provided,20,one condition,own device,150 Hz,one channel (green),up to 5 min,up to 5 min,0,0,0,1,0,0,0,0,wrist,low (one day),1 sec,126 sec,70/30 random split,no intruders,,18.0%,,,cleaned time series,handcrafted,,no,"Savitzky-Golay filter for low frequency noise, sixth-order Butterworth lowpass filter for high-frequency noise; removal of motion artifacts by averaging 5 consecutive data samples, common average referencing (CAR), data smoothing via interpolation with spline cubic curves at 750Hz",1-second windows centered on each detected heartbeat peak,window,"normalised, no further details",yes,yes,,18,converted EER,82,0.82,,0.82,1.5163474893680882,included,,included; accuracy missing and EER is a valid percentage,,,no reported uncertainty,,,,0,,,0,0,No parenthesized uncertainty was reported in the selected accuracy/EER field.
147_Left-Hand-Dorsal-Ventral-Resilient-Stand,122,147,Left Hand Dorsal-Ventral Resilient Stand,SCG,147|Left Hand Dorsal-Ventral Resilient Stand,SVM,kernel,not provided,20,one condition,own device,150 Hz,one channel (green),up to 5 min,up to 5 min,0,0,0,1,0,0,0,0,wrist,low (one day),1 sec,126 sec,70/30 random split,no intruders,,20.0%,,,cleaned time series,handcrafted,,no,"Savitzky-Golay filter for low frequency noise, sixth-order Butterworth lowpass filter for high-frequency noise; removal of motion artifacts by averaging 5 consecutive data samples, common average referencing (CAR), data smoothing via interpolation with spline cubic curves at 750Hz",1-second windows centered on each detected heartbeat peak,window,"normalised, no further details",yes,yes,,20,converted EER,80,0.8,,0.8,1.3862943611198908,included,,included; accuracy missing and EER is a valid percentage,,,no reported uncertainty,,,,0,,,0,0,No parenthesized uncertainty was reported in the selected accuracy/EER field.
147_Left-Carotid-Vertical-Resilient-Stand,123,147,Left Carotid Vertical Resilient Stand,SCG,147|Left Carotid Vertical Resilient Stand,SVM,kernel,not provided,20,one condition,own device,150 Hz,one channel (green),up to 5 min,up to 5 min,0,0,0,1,0,0,0,0,neck,low (one day),1 sec,126 sec,70/30 random split,no intruders,,6.0%,,,cleaned time series,handcrafted,,no,"Savitzky-Golay filter for low frequency noise, sixth-order Butterworth lowpass filter for high-frequency noise; removal of motion artifacts by averaging 5 consecutive data samples, common average referencing (CAR), data smoothing via interpolation with spline cubic curves at 750Hz",1-second windows centered on each detected heartbeat peak,window,"normalised, no further details",yes,yes,,6,converted EER,94,0.94,,0.94,2.751535313041948,included,,included; accuracy missing and EER is a valid percentage,,,no reported uncertainty,,,,0,,,0,0,No parenthesized uncertainty was reported in the selected accuracy/EER field.
147_Left-Carotid-Horizontal-Resilient-Stand,124,147,Left Carotid Horizontal Resilient Stand,SCG,147|Left Carotid Horizontal Resilient Stand,SVM,kernel,not provided,20,one condition,own device,150 Hz,one channel (green),up to 5 min,up to 5 min,0,0,0,1,0,0,0,0,neck,low (one day),1 sec,126 sec,70/30 random split,no intruders,,15.0%,,,cleaned time series,handcrafted,,no,"Savitzky-Golay filter for low frequency noise, sixth-order Butterworth lowpass filter for high-frequency noise; removal of motion artifacts by averaging 5 consecutive data samples, common average referencing (CAR), data smoothing via interpolation with spline cubic curves at 750Hz",1-second windows centered on each detected heartbeat peak,window,"normalised, no further details",yes,yes,,15,converted EER,85,0.85,,0.85,1.7346010553881064,included,,included; accuracy missing and EER is a valid percentage,,,no reported uncertainty,,,,0,,,0,0,No parenthesized uncertainty was reported in the selected accuracy/EER field.
147_Left-Carotid-Dorsal-Ventral-Resilient-Stand,125,147,Left Carotid Dorsal-Ventral Resilient Stand,SCG,147|Left Carotid Dorsal-Ventral Resilient Stand,SVM,kernel,not provided,20,one condition,own device,150 Hz,one channel (green),up to 5 min,up to 5 min,0,0,0,1,0,0,0,0,neck,low (one day),1 sec,126 sec,70/30 random split,no intruders,,14.0%,,,cleaned time series,handcrafted,,no,"Savitzky-Golay filter for low frequency noise, sixth-order Butterworth lowpass filter for high-frequency noise; removal of motion artifacts by averaging 5 consecutive data samples, common average referencing (CAR), data smoothing via interpolation with spline cubic curves at 750Hz",1-second windows centered on each detected heartbeat peak,window,"normalised, no further details",yes,yes,,14,converted EER,86,0.86,,0.86,1.815289966638249,included,,included; accuracy missing and EER is a valid percentage,,,no reported uncertainty,,,,0,,,0,0,No parenthesized uncertainty was reported in the selected accuracy/EER field.
147_Heart-Vertical-Resilient-Stand,126,147,Heart Vertical Resilient Stand,SCG,147|Heart Vertical Resilient Stand,SVM,kernel,not provided,20,one condition,own device,150 Hz,one channel (green),up to 5 min,up to 5 min,0,0,0,1,0,0,0,0,chest/torso,low (one day),1 sec,126 sec,70/30 random split,no intruders,,1.0%,,,cleaned time series,handcrafted,,no,"Savitzky-Golay filter for low frequency noise, sixth-order Butterworth lowpass filter for high-frequency noise; removal of motion artifacts by averaging 5 consecutive data samples, common average referencing (CAR), data smoothing via interpolation with spline cubic curves at 750Hz",1-second windows centered on each detected heartbeat peak,window,"normalised, no further details",yes,yes,,1,converted EER,99,0.99,,0.99,4.595119850134589,included,,included; accuracy missing and EER is a valid percentage,,,no reported uncertainty,,,,0,,,0,0,No parenthesized uncertainty was reported in the selected accuracy/EER field.
147_Heart-Horizontal-Resilient-Stand,127,147,Heart Horizontal Resilient Stand,SCG,147|Heart Horizontal Resilient Stand,SVM,kernel,not provided,20,one condition,own device,150 Hz,one channel (green),up to 5 min,up to 5 min,0,0,0,1,0,0,0,0,chest/torso,low (one day),1 sec,126 sec,70/30 random split,no intruders,,0.3%,,,cleaned time series,handcrafted,,no,"Savitzky-Golay filter for low frequency noise, sixth-order Butterworth lowpass filter for high-frequency noise; removal of motion artifacts by averaging 5 consecutive data samples, common average referencing (CAR), data smoothing via interpolation with spline cubic curves at 750Hz",1-second windows centered on each detected heartbeat peak,window,"normalised, no further details",yes,yes,,0.3,converted EER,99.7,0.997,,0.997,5.806138481293727,included,,included; accuracy missing and EER is a valid percentage,,,no reported uncertainty,,,,0,,,0,0,No parenthesized uncertainty was reported in the selected accuracy/EER field.
147_Heart-Dorsal-Ventral-Resilient-Stand,128,147,Heart Dorsal-Ventral Resilient Stand,SCG,147|Heart Dorsal-Ventral Resilient Stand,SVM,kernel,not provided,20,one condition,own device,150 Hz,one channel (green),up to 5 min,up to 5 min,0,0,0,1,0,0,0,0,chest/torso,low (one day),1 sec,126 sec,70/30 random split,no intruders,,0.1%,,,cleaned time series,handcrafted,,no,"Savitzky-Golay filter for low frequency noise, sixth-order Butterworth lowpass filter for high-frequency noise; removal of motion artifacts by averaging 5 consecutive data samples, common average referencing (CAR), data smoothing via interpolation with spline cubic curves at 750Hz",1-second windows centered on each detected heartbeat peak,window,"normalised, no further details",yes,yes,,0.1,converted EER,99.9,0.9990000000000001,,0.9990000000000001,6.906754778648664,included,,included; accuracy missing and EER is a valid percentage,,,no reported uncertainty,,,,0,,,0,0,No parenthesized uncertainty was reported in the selected accuracy/EER field.
147_Sternum-Vertical-Resilient-Stand,129,147,Sternum Vertical Resilient Stand,SCG,147|Sternum Vertical Resilient Stand,SVM,kernel,not provided,20,one condition,own device,150 Hz,one channel (green),up to 5 min,up to 5 min,0,0,0,1,0,0,0,0,chest/torso,low (one day),1 sec,126 sec,70/30 random split,no intruders,,0.3%,,,cleaned time series,handcrafted,,no,"Savitzky-Golay filter for low frequency noise, sixth-order Butterworth lowpass filter for high-frequency noise; removal of motion artifacts by averaging 5 consecutive data samples, common average referencing (CAR), data smoothing via interpolation with spline cubic curves at 750Hz",1-second windows centered on each detected heartbeat peak,window,"normalised, no further details",yes,yes,,0.3,converted EER,99.7,0.997,,0.997,5.806138481293727,included,,included; accuracy missing and EER is a valid percentage,,,no reported uncertainty,,,,0,,,0,0,No parenthesized uncertainty was reported in the selected accuracy/EER field.
147_Sternum-Horizontal-Resilient-Stand,130,147,Sternum Horizontal Resilient Stand,SCG,147|Sternum Horizontal Resilient Stand,SVM,kernel,not provided,20,one condition,own device,150 Hz,one channel (green),up to 5 min,up to 5 min,0,0,0,1,0,0,0,0,chest/torso,low (one day),1 sec,126 sec,70/30 random split,no intruders,,0.6%,,,cleaned time series,handcrafted,,no,"Savitzky-Golay filter for low frequency noise, sixth-order Butterworth lowpass filter for high-frequency noise; removal of motion artifacts by averaging 5 consecutive data samples, common average referencing (CAR), data smoothing via interpolation with spline cubic curves at 750Hz",1-second windows centered on each detected heartbeat peak,window,"normalised, no further details",yes,yes,,0.6,converted EER,99.4,0.9940000000000001,,0.9940000000000001,5.109977737428537,included,,included; accuracy missing and EER is a valid percentage,,,no reported uncertainty,,,,0,,,0,0,No parenthesized uncertainty was reported in the selected accuracy/EER field.
147_Sternum-Dorsal-Ventral-Resilient-Stand,131,147,Sternum Dorsal-Ventral Resilient Stand,SCG,147|Sternum Dorsal-Ventral Resilient Stand,SVM,kernel,not provided,20,one condition,own device,150 Hz,one channel (green),up to 5 min,up to 5 min,0,0,0,1,0,0,0,0,chest/torso,low (one day),1 sec,126 sec,70/30 random split,no intruders,,0.3%,,,cleaned time series,handcrafted,,no,"Savitzky-Golay filter for low frequency noise, sixth-order Butterworth lowpass filter for high-frequency noise; removal of motion artifacts by averaging 5 consecutive data samples, common average referencing (CAR), data smoothing via interpolation with spline cubic curves at 750Hz",1-second windows centered on each detected heartbeat peak,window,"normalised, no further details",yes,yes,,0.3,converted EER,99.7,0.997,,0.997,5.806138481293727,included,,included; accuracy missing and EER is a valid percentage,,,no reported uncertainty,,,,0,,,0,0,No parenthesized uncertainty was reported in the selected accuracy/EER field.
147_Right-Hand-Vertical-Walk,132,147,Right Hand Vertical Walk,SCG,147|Right Hand Vertical Walk,SVM,kernel,not provided,20,one condition,own device,150 Hz,one channel (green),up to 5 min,up to 5 min,0,0,0,1,0,0,0,0,wrist,low (one day),1 sec,126 sec,70/30 random split,no intruders,,35.0%,,,cleaned time series,handcrafted,,no,"Savitzky-Golay filter for low frequency noise, sixth-order Butterworth lowpass filter for high-frequency noise, common average referencing (CAR), data smoothing via interpolation with spline cubic curves at 750Hz",1-second windows centered on each detected heartbeat peak,window,"normalised, no further details",yes,yes,,35,converted EER,65,0.65,,0.65,0.6190392084062236,included,,included; accuracy missing and EER is a valid percentage,,,no reported uncertainty,,,,0,,,0,0,No parenthesized uncertainty was reported in the selected accuracy/EER field.
147_Right-Hand-Horizontal-Walk,133,147,Right Hand Horizontal Walk,SCG,147|Right Hand Horizontal Walk,SVM,kernel,not provided,20,one condition,own device,150 Hz,one channel (green),up to 5 min,up to 5 min,0,0,0,1,0,0,0,0,wrist,low (one day),1 sec,126 sec,70/30 random split,no intruders,,50.0%,,,cleaned time series,handcrafted,,no,"Savitzky-Golay filter for low frequency noise, sixth-order Butterworth lowpass filter for high-frequency noise, common average referencing (CAR), data smoothing via interpolation with spline cubic curves at 750Hz",1-second windows centered on each detected heartbeat peak,window,"normalised, no further details",yes,yes,,50,converted EER,50,0.5,,0.5,0,included,,included; accuracy missing and EER is a valid percentage,,,no reported uncertainty,,,,0,,,0,0,No parenthesized uncertainty was reported in the selected accuracy/EER field.
147_Right-Hand-Dorsal-Ventral-Walk,134,147,Right Hand Dorsal-Ventral Walk,SCG,147|Right Hand Dorsal-Ventral Walk,SVM,kernel,not provided,20,one condition,own device,150 Hz,one channel (green),up to 5 min,up to 5 min,0,0,0,1,0,0,0,0,wrist,low (one day),1 sec,126 sec,70/30 random split,no intruders,,52.0%,,,cleaned time series,handcrafted,,no,"Savitzky-Golay filter for low frequency noise, sixth-order Butterworth lowpass filter for high-frequency noise, common average referencing (CAR), data smoothing via interpolation with spline cubic curves at 750Hz",1-second windows centered on each detected heartbeat peak,window,"normalised, no further details",yes,yes,,52,converted EER,48,0.48,,0.48,-0.0800427076735365,included,,included; accuracy missing and EER is a valid percentage,,,no reported uncertainty,,,,0,,,0,0,No parenthesized uncertainty was reported in the selected accuracy/EER field.
147_Left-Hand-Vertical-Walk,135,147,Left Hand Vertical Walk,SCG,147|Left Hand Vertical Walk,SVM,kernel,not provided,20,one condition,own device,150 Hz,one channel (green),up to 5 min,up to 5 min,0,0,0,1,0,0,0,0,wrist,low (one day),1 sec,126 sec,70/30 random split,no intruders,,52.0%,,,cleaned time series,handcrafted,,no,"Savitzky-Golay filter for low frequency noise, sixth-order Butterworth lowpass filter for high-frequency noise, common average referencing (CAR), data smoothing via interpolation with spline cubic curves at 750Hz",1-second windows centered on each detected heartbeat peak,window,"normalised, no further details",yes,yes,,52,converted EER,48,0.48,,0.48,-0.0800427076735365,included,,included; accuracy missing and EER is a valid percentage,,,no reported uncertainty,,,,0,,,0,0,No parenthesized uncertainty was reported in the selected accuracy/EER field.
147_Left-Hand-Horizontal-Walk,136,147,Left Hand Horizontal Walk,SCG,147|Left Hand Horizontal Walk,SVM,kernel,not provided,20,one condition,own device,150 Hz,one channel (green),up to 5 min,up to 5 min,0,0,0,1,0,0,0,0,wrist,low (one day),1 sec,126 sec,70/30 random split,no intruders,,51.0%,,,cleaned time series,handcrafted,,no,"Savitzky-Golay filter for low frequency noise, sixth-order Butterworth lowpass filter for high-frequency noise, common average referencing (CAR), data smoothing via interpolation with spline cubic curves at 750Hz",1-second windows centered on each detected heartbeat peak,window,"normalised, no further details",yes,yes,,51,converted EER,49,0.49,,0.49,-0.04000533461369925,included,,included; accuracy missing and EER is a valid percentage,,,no reported uncertainty,,,,0,,,0,0,No parenthesized uncertainty was reported in the selected accuracy/EER field.
147_Left-Hand-Dorsal-Ventral-Walk,137,147,Left Hand Dorsal-Ventral Walk,SCG,147|Left Hand Dorsal-Ventral Walk,SVM,kernel,not provided,20,one condition,own device,150 Hz,one channel (green),up to 5 min,up to 5 min,0,0,0,1,0,0,0,0,wrist,low (one day),1 sec,126 sec,70/30 random split,no intruders,,48.0%,,,cleaned time series,handcrafted,,no,"Savitzky-Golay filter for low frequency noise, sixth-order Butterworth lowpass filter for high-frequency noise, common average referencing (CAR), data smoothing via interpolation with spline cubic curves at 750Hz",1-second windows centered on each detected heartbeat peak,window,"normalised, no further details",yes,yes,,48,converted EER,52,0.52,,0.52,0.08004270767353656,included,,included; accuracy missing and EER is a valid percentage,,,no reported uncertainty,,,,0,,,0,0,No parenthesized uncertainty was reported in the selected accuracy/EER field.
147_Left-Carotid-Vertical-Walk,138,147,Left Carotid Vertical Walk,SCG,147|Left Carotid Vertical Walk,SVM,kernel,not provided,20,one condition,own device,150 Hz,one channel (green),up to 5 min,up to 5 min,0,0,0,1,0,0,0,0,neck,low (one day),1 sec,126 sec,70/30 random split,no intruders,,49.0%,,,cleaned time series,handcrafted,,no,"Savitzky-Golay filter for low frequency noise, sixth-order Butterworth lowpass filter for high-frequency noise, common average referencing (CAR), data smoothing via interpolation with spline cubic curves at 750Hz",1-second windows centered on each detected heartbeat peak,window,"normalised, no further details",yes,yes,,49,converted EER,51,0.51,,0.51,0.040005334613699206,included,,included; accuracy missing and EER is a valid percentage,,,no reported uncertainty,,,,0,,,0,0,No parenthesized uncertainty was reported in the selected accuracy/EER field.
147_Left-Carotid-Horizontal-Walk,139,147,Left Carotid Horizontal Walk,SCG,147|Left Carotid Horizontal Walk,SVM,kernel,not provided,20,one condition,own device,150 Hz,one channel (green),up to 5 min,up to 5 min,0,0,0,1,0,0,0,0,neck,low (one day),1 sec,126 sec,70/30 random split,no intruders,,49.0%,,,cleaned time series,handcrafted,,no,"Savitzky-Golay filter for low frequency noise, sixth-order Butterworth lowpass filter for high-frequency noise, common average referencing (CAR), data smoothing via interpolation with spline cubic curves at 750Hz",1-second windows centered on each detected heartbeat peak,window,"normalised, no further details",yes,yes,,49,converted EER,51,0.51,,0.51,0.040005334613699206,included,,included; accuracy missing and EER is a valid percentage,,,no reported uncertainty,,,,0,,,0,0,No parenthesized uncertainty was reported in the selected accuracy/EER field.
147_Left-Carotid-Dorsal-Ventral-Walk,140,147,Left Carotid Dorsal-Ventral Walk,SCG,147|Left Carotid Dorsal-Ventral Walk,SVM,kernel,not provided,20,one condition,own device,150 Hz,one channel (green),up to 5 min,up to 5 min,0,0,0,1,0,0,0,0,neck,low (one day),1 sec,126 sec,70/30 random split,no intruders,,49.0%,,,cleaned time series,handcrafted,,no,"Savitzky-Golay filter for low frequency noise, sixth-order Butterworth lowpass filter for high-frequency noise, common average referencing (CAR), data smoothing via interpolation with spline cubic curves at 750Hz",1-second windows centered on each detected heartbeat peak,window,"normalised, no further details",yes,yes,,49,converted EER,51,0.51,,0.51,0.040005334613699206,included,,included; accuracy missing and EER is a valid percentage,,,no reported uncertainty,,,,0,,,0,0,No parenthesized uncertainty was reported in the selected accuracy/EER field.
147_Heart-Vertical-Walk,141,147,Heart Vertical Walk,SCG,147|Heart Vertical Walk,SVM,kernel,not provided,20,one condition,own device,150 Hz,one channel (green),up to 5 min,up to 5 min,0,0,0,1,0,0,0,0,chest/torso,low (one day),1 sec,126 sec,70/30 random split,no intruders,,44.0%,,,cleaned time series,handcrafted,,no,"Savitzky-Golay filter for low frequency noise, sixth-order Butterworth lowpass filter for high-frequency noise, common average referencing (CAR), data smoothing via interpolation with spline cubic curves at 750Hz",1-second windows centered on each detected heartbeat peak,window,"normalised, no further details",yes,yes,,44,converted EER,56,0.56,,0.56,0.24116205681688824,included,,included; accuracy missing and EER is a valid percentage,,,no reported uncertainty,,,,0,,,0,0,No parenthesized uncertainty was reported in the selected accuracy/EER field.
147_Heart-Horizontal-Walk,142,147,Heart Horizontal Walk,SCG,147|Heart Horizontal Walk,SVM,kernel,not provided,20,one condition,own device,150 Hz,one channel (green),up to 5 min,up to 5 min,0,0,0,1,0,0,0,0,chest/torso,low (one day),1 sec,126 sec,70/30 random split,no intruders,,45.0%,,,cleaned time series,handcrafted,,no,"Savitzky-Golay filter for low frequency noise, sixth-order Butterworth lowpass filter for high-frequency noise, common average referencing (CAR), data smoothing via interpolation with spline cubic curves at 750Hz",1-second windows centered on each detected heartbeat peak,window,"normalised, no further details",yes,yes,,45,converted EER,55,0.55,,0.55,0.2006706954621514,included,,included; accuracy missing and EER is a valid percentage,,,no reported uncertainty,,,,0,,,0,0,No parenthesized uncertainty was reported in the selected accuracy/EER field.
147_Heart-Dorsal-Ventral-Walk,143,147,Heart Dorsal-Ventral Walk,SCG,147|Heart Dorsal-Ventral Walk,SVM,kernel,not provided,20,one condition,own device,150 Hz,one channel (green),up to 5 min,up to 5 min,0,0,0,1,0,0,0,0,chest/torso,low (one day),1 sec,126 sec,70/30 random split,no intruders,,41.0%,,,cleaned time series,handcrafted,,no,"Savitzky-Golay filter for low frequency noise, sixth-order Butterworth lowpass filter for high-frequency noise, common average referencing (CAR), data smoothing via interpolation with spline cubic curves at 750Hz",1-second windows centered on each detected heartbeat peak,window,"normalised, no further details",yes,yes,,41,converted EER,59,0.59,,0.59,0.3639653772014115,included,,included; accuracy missing and EER is a valid percentage,,,no reported uncertainty,,,,0,,,0,0,No parenthesized uncertainty was reported in the selected accuracy/EER field.
147_Sternum-Vertical-Walk,144,147,Sternum Vertical Walk,SCG,147|Sternum Vertical Walk,SVM,kernel,not provided,20,one condition,own device,150 Hz,one channel (green),up to 5 min,up to 5 min,0,0,0,1,0,0,0,0,chest/torso,low (one day),1 sec,126 sec,70/30 random split,no intruders,,45.0%,,,cleaned time series,handcrafted,,no,"Savitzky-Golay filter for low frequency noise, sixth-order Butterworth lowpass filter for high-frequency noise, common average referencing (CAR), data smoothing via interpolation with spline cubic curves at 750Hz",1-second windows centered on each detected heartbeat peak,window,"normalised, no further details",yes,yes,,45,converted EER,55,0.55,,0.55,0.2006706954621514,included,,included; accuracy missing and EER is a valid percentage,,,no reported uncertainty,,,,0,,,0,0,No parenthesized uncertainty was reported in the selected accuracy/EER field.
147_Sternum-Horizontal-Walk,145,147,Sternum Horizontal Walk,SCG,147|Sternum Horizontal Walk,SVM,kernel,not provided,20,one condition,own device,150 Hz,one channel (green),up to 5 min,up to 5 min,0,0,0,1,0,0,0,0,chest/torso,low (one day),1 sec,126 sec,70/30 random split,no intruders,,43.0%,,,cleaned time series,handcrafted,,no,"Savitzky-Golay filter for low frequency noise, sixth-order Butterworth lowpass filter for high-frequency noise, common average referencing (CAR), data smoothing via interpolation with spline cubic curves at 750Hz",1-second windows centered on each detected heartbeat peak,window,"normalised, no further details",yes,yes,,43,converted EER,57,0.57,,0.57,0.2818511521409875,included,,included; accuracy missing and EER is a valid percentage,,,no reported uncertainty,,,,0,,,0,0,No parenthesized uncertainty was reported in the selected accuracy/EER field.
147_Sternum-Dorsal-Ventral-Walk,146,147,Sternum Dorsal-Ventral Walk,SCG,147|Sternum Dorsal-Ventral Walk,SVM,kernel,not provided,20,one condition,own device,150 Hz,one channel (green),up to 5 min,up to 5 min,0,0,0,1,0,0,0,0,chest/torso,low (one day),1 sec,126 sec,70/30 random split,no intruders,,41.0%,,,cleaned time series,handcrafted,,no,"Savitzky-Golay filter for low frequency noise, sixth-order Butterworth lowpass filter for high-frequency noise, common average referencing (CAR), data smoothing via interpolation with spline cubic curves at 750Hz",1-second windows centered on each detected heartbeat peak,window,"normalised, no further details",yes,yes,,41,converted EER,59,0.59,,0.59,0.3639653772014115,included,,included; accuracy missing and EER is a valid percentage,,,no reported uncertainty,,,,0,,,0,0,No parenthesized uncertainty was reported in the selected accuracy/EER field.
147_Right-Hand-Vertical-Resilient-Walk,147,147,Right Hand Vertical Resilient Walk,SCG,147|Right Hand Vertical Resilient Walk,SVM,kernel,not provided,20,one condition,own device,150 Hz,one channel (green),up to 5 min,up to 5 min,0,0,0,1,0,0,0,0,wrist,low (one day),1 sec,126 sec,70/30 random split,no intruders,,25.0%,,,cleaned time series,handcrafted,,no,"Savitzky-Golay filter for low frequency noise, sixth-order Butterworth lowpass filter for high-frequency noise; removal of motion artifacts by averaging 5 consecutive data samples, common average referencing (CAR), data smoothing via interpolation with spline cubic curves at 750Hz",1-second windows centered on each detected heartbeat peak,window,"normalised, no further details",yes,yes,,25,converted EER,75,0.75,,0.75,1.0986122886681098,included,,included; accuracy missing and EER is a valid percentage,,,no reported uncertainty,,,,0,,,0,0,No parenthesized uncertainty was reported in the selected accuracy/EER field.
147_Right-Hand-Horizontal-Resilient-Walk,148,147,Right Hand Horizontal Resilient Walk,SCG,147|Right Hand Horizontal Resilient Walk,SVM,kernel,not provided,20,one condition,own device,150 Hz,one channel (green),up to 5 min,up to 5 min,0,0,0,1,0,0,0,0,wrist,low (one day),1 sec,126 sec,70/30 random split,no intruders,,29.0%,,,cleaned time series,handcrafted,,no,"Savitzky-Golay filter for low frequency noise, sixth-order Butterworth lowpass filter for high-frequency noise; removal of motion artifacts by averaging 5 consecutive data samples, common average referencing (CAR), data smoothing via interpolation with spline cubic curves at 750Hz",1-second windows centered on each detected heartbeat peak,window,"normalised, no further details",yes,yes,,29,converted EER,71,0.71,,0.71,0.8953840470548413,included,,included; accuracy missing and EER is a valid percentage,,,no reported uncertainty,,,,0,,,0,0,No parenthesized uncertainty was reported in the selected accuracy/EER field.
147_Right-Hand-Dorsal-Ventral-Resilient-Walk,149,147,Right Hand Dorsal-Ventral Resilient Walk,SCG,147|Right Hand Dorsal-Ventral Resilient Walk,SVM,kernel,not provided,20,one condition,own device,150 Hz,one channel (green),up to 5 min,up to 5 min,0,0,0,1,0,0,0,0,wrist,low (one day),1 sec,126 sec,70/30 random split,no intruders,,23.0%,,,cleaned time series,handcrafted,,no,"Savitzky-Golay filter for low frequency noise, sixth-order Butterworth lowpass filter for high-frequency noise; removal of motion artifacts by averaging 5 consecutive data samples, common average referencing (CAR), data smoothing via interpolation with spline cubic curves at 750Hz",1-second windows centered on each detected heartbeat peak,window,"normalised, no further details",yes,yes,,23,converted EER,77,0.77,,0.77,1.2083112059245342,included,,included; accuracy missing and EER is a valid percentage,,,no reported uncertainty,,,,0,,,0,0,No parenthesized uncertainty was reported in the selected accuracy/EER field.
147_Left-Hand-Vertical-Resilient-Walk,150,147,Left Hand Vertical Resilient Walk,SCG,147|Left Hand Vertical Resilient Walk,SVM,kernel,not provided,20,one condition,own device,150 Hz,one channel (green),up to 5 min,up to 5 min,0,0,0,1,0,0,0,0,wrist,low (one day),1 sec,126 sec,70/30 random split,no intruders,,26.0%,,,cleaned time series,handcrafted,,no,"Savitzky-Golay filter for low frequency noise, sixth-order Butterworth lowpass filter for high-frequency noise; removal of motion artifacts by averaging 5 consecutive data samples, common average referencing (CAR), data smoothing via interpolation with spline cubic curves at 750Hz",1-second windows centered on each detected heartbeat peak,window,"normalised, no further details",yes,yes,,26,converted EER,74,0.74,,0.74,1.0459685551826876,included,,included; accuracy missing and EER is a valid percentage,,,no reported uncertainty,,,,0,,,0,0,No parenthesized uncertainty was reported in the selected accuracy/EER field.
147_Left-Hand-Horizontal-Resilient-Walk,151,147,Left Hand Horizontal Resilient Walk,SCG,147|Left Hand Horizontal Resilient Walk,SVM,kernel,not provided,20,one condition,own device,150 Hz,one channel (green),up to 5 min,up to 5 min,0,0,0,1,0,0,0,0,wrist,low (one day),1 sec,126 sec,70/30 random split,no intruders,,29.0%,,,cleaned time series,handcrafted,,no,"Savitzky-Golay filter for low frequency noise, sixth-order Butterworth lowpass filter for high-frequency noise; removal of motion artifacts by averaging 5 consecutive data samples, common average referencing (CAR), data smoothing via interpolation with spline cubic curves at 750Hz",1-second windows centered on each detected heartbeat peak,window,"normalised, no further details",yes,yes,,29,converted EER,71,0.71,,0.71,0.8953840470548413,included,,included; accuracy missing and EER is a valid percentage,,,no reported uncertainty,,,,0,,,0,0,No parenthesized uncertainty was reported in the selected accuracy/EER field.
147_Left-Hand-Dorsal-Ventral-Resilient-Walk,152,147,Left Hand Dorsal-Ventral Resilient Walk,SCG,147|Left Hand Dorsal-Ventral Resilient Walk,SVM,kernel,not provided,20,one condition,own device,150 Hz,one channel (green),up to 5 min,up to 5 min,0,0,0,1,0,0,0,0,wrist,low (one day),1 sec,126 sec,70/30 random split,no intruders,,21.0%,,,cleaned time series,handcrafted,,no,"Savitzky-Golay filter for low frequency noise, sixth-order Butterworth lowpass filter for high-frequency noise; removal of motion artifacts by averaging 5 consecutive data samples, common average referencing (CAR), data smoothing via interpolation with spline cubic curves at 750Hz",1-second windows centered on each detected heartbeat peak,window,"normalised, no further details",yes,yes,,21,converted EER,79,0.79,,0.79,1.3249254147435987,included,,included; accuracy missing and EER is a valid percentage,,,no reported uncertainty,,,,0,,,0,0,No parenthesized uncertainty was reported in the selected accuracy/EER field.
147_Left-Carotid-Vertical-Resilient-Walk,153,147,Left Carotid Vertical Resilient Walk,SCG,147|Left Carotid Vertical Resilient Walk,SVM,kernel,not provided,20,one condition,own device,150 Hz,one channel (green),up to 5 min,up to 5 min,0,0,0,1,0,0,0,0,neck,low (one day),1 sec,126 sec,70/30 random split,no intruders,,19.0%,,,cleaned time series,handcrafted,,no,"Savitzky-Golay filter for low frequency noise, sixth-order Butterworth lowpass filter for high-frequency noise; removal of motion artifacts by averaging 5 consecutive data samples, common average referencing (CAR), data smoothing via interpolation with spline cubic curves at 750Hz",1-second windows centered on each detected heartbeat peak,window,"normalised, no further details",yes,yes,,19,converted EER,81,0.81,,0.81,1.4500101755059986,included,,included; accuracy missing and EER is a valid percentage,,,no reported uncertainty,,,,0,,,0,0,No parenthesized uncertainty was reported in the selected accuracy/EER field.
147_Left-Carotid-Horizontal-Resilient-Walk,154,147,Left Carotid Horizontal Resilient Walk,SCG,147|Left Carotid Horizontal Resilient Walk,SVM,kernel,not provided,20,one condition,own device,150 Hz,one channel (green),up to 5 min,up to 5 min,0,0,0,1,0,0,0,0,neck,low (one day),1 sec,126 sec,70/30 random split,no intruders,,25.0%,,,cleaned time series,handcrafted,,no,"Savitzky-Golay filter for low frequency noise, sixth-order Butterworth lowpass filter for high-frequency noise; removal of motion artifacts by averaging 5 consecutive data samples, common average referencing (CAR), data smoothing via interpolation with spline cubic curves at 750Hz",1-second windows centered on each detected heartbeat peak,window,"normalised, no further details",yes,yes,,25,converted EER,75,0.75,,0.75,1.0986122886681098,included,,included; accuracy missing and EER is a valid percentage,,,no reported uncertainty,,,,0,,,0,0,No parenthesized uncertainty was reported in the selected accuracy/EER field.
147_Left-Carotid-Dorsal-Ventral-Resilient-Walk,155,147,Left Carotid Dorsal-Ventral Resilient Walk,SCG,147|Left Carotid Dorsal-Ventral Resilient Walk,SVM,kernel,not provided,20,one condition,own device,150 Hz,one channel (green),up to 5 min,up to 5 min,0,0,0,1,0,0,0,0,neck,low (one day),1 sec,126 sec,70/30 random split,no intruders,,23.0%,,,cleaned time series,handcrafted,,no,"Savitzky-Golay filter for low frequency noise, sixth-order Butterworth lowpass filter for high-frequency noise; removal of motion artifacts by averaging 5 consecutive data samples, common average referencing (CAR), data smoothing via interpolation with spline cubic curves at 750Hz",1-second windows centered on each detected heartbeat peak,window,"normalised, no further details",yes,yes,,23,converted EER,77,0.77,,0.77,1.2083112059245342,included,,included; accuracy missing and EER is a valid percentage,,,no reported uncertainty,,,,0,,,0,0,No parenthesized uncertainty was reported in the selected accuracy/EER field.
147_Heart-Vertical-Resilient-Walk,156,147,Heart Vertical Resilient Walk,SCG,147|Heart Vertical Resilient Walk,SVM,kernel,not provided,20,one condition,own device,150 Hz,one channel (green),up to 5 min,up to 5 min,0,0,0,1,0,0,0,0,chest/torso,low (one day),1 sec,126 sec,70/30 random split,no intruders,,6.0%,,,cleaned time series,handcrafted,,no,"Savitzky-Golay filter for low frequency noise, sixth-order Butterworth lowpass filter for high-frequency noise; removal of motion artifacts by averaging 5 consecutive data samples, common average referencing (CAR), data smoothing via interpolation with spline cubic curves at 750Hz",1-second windows centered on each detected heartbeat peak,window,"normalised, no further details",yes,yes,,6,converted EER,94,0.94,,0.94,2.751535313041948,included,,included; accuracy missing and EER is a valid percentage,,,no reported uncertainty,,,,0,,,0,0,No parenthesized uncertainty was reported in the selected accuracy/EER field.
147_Heart-Horizontal-Resilient-Walk,157,147,Heart Horizontal Resilient Walk,SCG,147|Heart Horizontal Resilient Walk,SVM,kernel,not provided,20,one condition,own device,150 Hz,one channel (green),up to 5 min,up to 5 min,0,0,0,1,0,0,0,0,chest/torso,low (one day),1 sec,126 sec,70/30 random split,no intruders,,13.0%,,,cleaned time series,handcrafted,,no,"Savitzky-Golay filter for low frequency noise, sixth-order Butterworth lowpass filter for high-frequency noise; removal of motion artifacts by averaging 5 consecutive data samples, common average referencing (CAR), data smoothing via interpolation with spline cubic curves at 750Hz",1-second windows centered on each detected heartbeat peak,window,"normalised, no further details",yes,yes,,13,converted EER,87,0.87,,0.87,1.900958761193047,included,,included; accuracy missing and EER is a valid percentage,,,no reported uncertainty,,,,0,,,0,0,No parenthesized uncertainty was reported in the selected accuracy/EER field.
147_Heart-Dorsal-Ventral-Resilient-Walk,158,147,Heart Dorsal-Ventral Resilient Walk,SCG,147|Heart Dorsal-Ventral Resilient Walk,SVM,kernel,not provided,20,one condition,own device,150 Hz,one channel (green),up to 5 min,up to 5 min,0,0,0,1,0,0,0,0,chest/torso,low (one day),1 sec,126 sec,70/30 random split,no intruders,,6.0%,,,cleaned time series,handcrafted,,no,"Savitzky-Golay filter for low frequency noise, sixth-order Butterworth lowpass filter for high-frequency noise; removal of motion artifacts by averaging 5 consecutive data samples, common average referencing (CAR), data smoothing via interpolation with spline cubic curves at 750Hz",1-second windows centered on each detected heartbeat peak,window,"normalised, no further details",yes,yes,,6,converted EER,94,0.94,,0.94,2.751535313041948,included,,included; accuracy missing and EER is a valid percentage,,,no reported uncertainty,,,,0,,,0,0,No parenthesized uncertainty was reported in the selected accuracy/EER field.
147_Sternum-Vertical-Resilient-Walk,159,147,Sternum Vertical Resilient Walk,SCG,147|Sternum Vertical Resilient Walk,SVM,kernel,not provided,20,one condition,own device,150 Hz,one channel (green),up to 5 min,up to 5 min,0,0,0,1,0,0,0,0,chest/torso,low (one day),1 sec,126 sec,70/30 random split,no intruders,,6.0%,,,cleaned time series,handcrafted,,no,"Savitzky-Golay filter for low frequency noise, sixth-order Butterworth lowpass filter for high-frequency noise; removal of motion artifacts by averaging 5 consecutive data samples, common average referencing (CAR), data smoothing via interpolation with spline cubic curves at 750Hz",1-second windows centered on each detected heartbeat peak,window,"normalised, no further details",yes,yes,,6,converted EER,94,0.94,,0.94,2.751535313041948,included,,included; accuracy missing and EER is a valid percentage,,,no reported uncertainty,,,,0,,,0,0,No parenthesized uncertainty was reported in the selected accuracy/EER field.
147_Sternum-Horizontal-Resilient-Walk,160,147,Sternum Horizontal Resilient Walk,SCG,147|Sternum Horizontal Resilient Walk,SVM,kernel,not provided,20,one condition,own device,150 Hz,one channel (green),up to 5 min,up to 5 min,0,0,0,1,0,0,0,0,chest/torso,low (one day),1 sec,126 sec,70/30 random split,no intruders,,14.0%,,,cleaned time series,handcrafted,,no,"Savitzky-Golay filter for low frequency noise, sixth-order Butterworth lowpass filter for high-frequency noise; removal of motion artifacts by averaging 5 consecutive data samples, common average referencing (CAR), data smoothing via interpolation with spline cubic curves at 750Hz",1-second windows centered on each detected heartbeat peak,window,"normalised, no further details",yes,yes,,14,converted EER,86,0.86,,0.86,1.815289966638249,included,,included; accuracy missing and EER is a valid percentage,,,no reported uncertainty,,,,0,,,0,0,No parenthesized uncertainty was reported in the selected accuracy/EER field.
147_Sternum-Dorsal-Ventral-Resilient-Walk,161,147,Sternum Dorsal-Ventral Resilient Walk,SCG,147|Sternum Dorsal-Ventral Resilient Walk,SVM,kernel,not provided,20,one condition,own device,150 Hz,one channel (green),up to 5 min,up to 5 min,0,0,0,1,0,0,0,0,chest/torso,low (one day),1 sec,126 sec,70/30 random split,no intruders,,4.0%,,,cleaned time series,handcrafted,,no,"Savitzky-Golay filter for low frequency noise, sixth-order Butterworth lowpass filter for high-frequency noise; removal of motion artifacts by averaging 5 consecutive data samples, common average referencing (CAR), data smoothing via interpolation with spline cubic curves at 750Hz",1-second windows centered on each detected heartbeat peak,window,"normalised, no further details",yes,yes,,4,converted EER,96,0.96,,0.96,3.178053830347945,included,,included; accuracy missing and EER is a valid percentage,,,no reported uncertainty,,,,0,,,0,0,No parenthesized uncertainty was reported in the selected accuracy/EER field.
147_Right-Hand-Vertical-Post-Exercise,162,147,Right Hand Vertical Post-Exercise,SCG,147|Right Hand Vertical Post-Exercise,SVM,kernel,not provided,20,one condition,own device,150 Hz,one channel (green),up to 5 min,up to 5 min,0,0,0,1,0,0,0,0,wrist,low (one day),1 sec,126 sec,70/30 random split,no intruders,,45.0%,,,cleaned time series,handcrafted,,no,"Savitzky-Golay filter for low frequency noise, sixth-order Butterworth lowpass filter for high-frequency noise, common average referencing (CAR), data smoothing via interpolation with spline cubic curves at 750Hz",1-second windows centered on each detected heartbeat peak,window,"normalised, no further details",yes,yes,,45,converted EER,55,0.55,,0.55,0.2006706954621514,included,,included; accuracy missing and EER is a valid percentage,,,no reported uncertainty,,,,0,,,0,0,No parenthesized uncertainty was reported in the selected accuracy/EER field.
147_Right-Hand-Horizontal-Post-Exercise,163,147,Right Hand Horizontal Post-Exercise,SCG,147|Right Hand Horizontal Post-Exercise,SVM,kernel,not provided,20,one condition,own device,150 Hz,one channel (green),up to 5 min,up to 5 min,0,0,0,1,0,0,0,0,wrist,low (one day),1 sec,126 sec,70/30 random split,no intruders,,48.0%,,,cleaned time series,handcrafted,,no,"Savitzky-Golay filter for low frequency noise, sixth-order Butterworth lowpass filter for high-frequency noise, common average referencing (CAR), data smoothing via interpolation with spline cubic curves at 750Hz",1-second windows centered on each detected heartbeat peak,window,"normalised, no further details",yes,yes,,48,converted EER,52,0.52,,0.52,0.08004270767353656,included,,included; accuracy missing and EER is a valid percentage,,,no reported uncertainty,,,,0,,,0,0,No parenthesized uncertainty was reported in the selected accuracy/EER field.
147_Right-Hand-Dorsal-Ventral-Post-Exercise,164,147,Right Hand Dorsal-Ventral Post-Exercise,SCG,147|Right Hand Dorsal-Ventral Post-Exercise,SVM,kernel,not provided,20,one condition,own device,150 Hz,one channel (green),up to 5 min,up to 5 min,0,0,0,1,0,0,0,0,wrist,low (one day),1 sec,126 sec,70/30 random split,no intruders,,49.0%,,,cleaned time series,handcrafted,,no,"Savitzky-Golay filter for low frequency noise, sixth-order Butterworth lowpass filter for high-frequency noise, common average referencing (CAR), data smoothing via interpolation with spline cubic curves at 750Hz",1-second windows centered on each detected heartbeat peak,window,"normalised, no further details",yes,yes,,49,converted EER,51,0.51,,0.51,0.040005334613699206,included,,included; accuracy missing and EER is a valid percentage,,,no reported uncertainty,,,,0,,,0,0,No parenthesized uncertainty was reported in the selected accuracy/EER field.
147_Left-Hand-Vertical-Post-Exercise,165,147,Left Hand Vertical Post-Exercise,SCG,147|Left Hand Vertical Post-Exercise,SVM,kernel,not provided,20,one condition,own device,150 Hz,one channel (green),up to 5 min,up to 5 min,0,0,0,1,0,0,0,0,wrist,low (one day),1 sec,126 sec,70/30 random split,no intruders,,47.0%,,,cleaned time series,handcrafted,,no,"Savitzky-Golay filter for low frequency noise, sixth-order Butterworth lowpass filter for high-frequency noise, common average referencing (CAR), data smoothing via interpolation with spline cubic curves at 750Hz",1-second windows centered on each detected heartbeat peak,window,"normalised, no further details",yes,yes,,47,converted EER,53,0.53,,0.53,0.12014431184206341,included,,included; accuracy missing and EER is a valid percentage,,,no reported uncertainty,,,,0,,,0,0,No parenthesized uncertainty was reported in the selected accuracy/EER field.
147_Left-Hand-Horizontal-Post-Exercise,166,147,Left Hand Horizontal Post-Exercise,SCG,147|Left Hand Horizontal Post-Exercise,SVM,kernel,not provided,20,one condition,own device,150 Hz,one channel (green),up to 5 min,up to 5 min,0,0,0,1,0,0,0,0,wrist,low (one day),1 sec,126 sec,70/30 random split,no intruders,,48.0%,,,cleaned time series,handcrafted,,no,"Savitzky-Golay filter for low frequency noise, sixth-order Butterworth lowpass filter for high-frequency noise, common average referencing (CAR), data smoothing via interpolation with spline cubic curves at 750Hz",1-second windows centered on each detected heartbeat peak,window,"normalised, no further details",yes,yes,,48,converted EER,52,0.52,,0.52,0.08004270767353656,included,,included; accuracy missing and EER is a valid percentage,,,no reported uncertainty,,,,0,,,0,0,No parenthesized uncertainty was reported in the selected accuracy/EER field.
147_Left-Hand-Dorsal-Ventral-Post-Exercise,167,147,Left Hand Dorsal-Ventral Post-Exercise,SCG,147|Left Hand Dorsal-Ventral Post-Exercise,SVM,kernel,not provided,20,one condition,own device,150 Hz,one channel (green),up to 5 min,up to 5 min,0,0,0,1,0,0,0,0,wrist,low (one day),1 sec,126 sec,70/30 random split,no intruders,,47.0%,,,cleaned time series,handcrafted,,no,"Savitzky-Golay filter for low frequency noise, sixth-order Butterworth lowpass filter for high-frequency noise, common average referencing (CAR), data smoothing via interpolation with spline cubic curves at 750Hz",1-second windows centered on each detected heartbeat peak,window,"normalised, no further details",yes,yes,,47,converted EER,53,0.53,,0.53,0.12014431184206341,included,,included; accuracy missing and EER is a valid percentage,,,no reported uncertainty,,,,0,,,0,0,No parenthesized uncertainty was reported in the selected accuracy/EER field.
147_Left-Carotid-Vertical-Post-Exercise,168,147,Left Carotid Vertical Post-Exercise,SCG,147|Left Carotid Vertical Post-Exercise,SVM,kernel,not provided,20,one condition,own device,150 Hz,one channel (green),up to 5 min,up to 5 min,0,0,0,1,0,0,0,0,neck,low (one day),1 sec,126 sec,70/30 random split,no intruders,,41.0%,,,cleaned time series,handcrafted,,no,"Savitzky-Golay filter for low frequency noise, sixth-order Butterworth lowpass filter for high-frequency noise, common average referencing (CAR), data smoothing via interpolation with spline cubic curves at 750Hz",1-second windows centered on each detected heartbeat peak,window,"normalised, no further details",yes,yes,,41,converted EER,59,0.59,,0.59,0.3639653772014115,included,,included; accuracy missing and EER is a valid percentage,,,no reported uncertainty,,,,0,,,0,0,No parenthesized uncertainty was reported in the selected accuracy/EER field.
147_Left-Carotid-Horizontal-Post-Exercise,169,147,Left Carotid Horizontal Post-Exercise,SCG,147|Left Carotid Horizontal Post-Exercise,SVM,kernel,not provided,20,one condition,own device,150 Hz,one channel (green),up to 5 min,up to 5 min,0,0,0,1,0,0,0,0,neck,low (one day),1 sec,126 sec,70/30 random split,no intruders,,45.0%,,,cleaned time series,handcrafted,,no,"Savitzky-Golay filter for low frequency noise, sixth-order Butterworth lowpass filter for high-frequency noise, common average referencing (CAR), data smoothing via interpolation with spline cubic curves at 750Hz",1-second windows centered on each detected heartbeat peak,window,"normalised, no further details",yes,yes,,45,converted EER,55,0.55,,0.55,0.2006706954621514,included,,included; accuracy missing and EER is a valid percentage,,,no reported uncertainty,,,,0,,,0,0,No parenthesized uncertainty was reported in the selected accuracy/EER field.
147_Left-Carotid-Dorsal-Ventral-Post-Exercise,170,147,Left Carotid Dorsal-Ventral Post-Exercise,SCG,147|Left Carotid Dorsal-Ventral Post-Exercise,SVM,kernel,not provided,20,one condition,own device,150 Hz,one channel (green),up to 5 min,up to 5 min,0,0,0,1,0,0,0,0,neck,low (one day),1 sec,126 sec,70/30 random split,no intruders,,48.0%,,,cleaned time series,handcrafted,,no,"Savitzky-Golay filter for low frequency noise, sixth-order Butterworth lowpass filter for high-frequency noise, common average referencing (CAR), data smoothing via interpolation with spline cubic curves at 750Hz",1-second windows centered on each detected heartbeat peak,window,"normalised, no further details",yes,yes,,48,converted EER,52,0.52,,0.52,0.08004270767353656,included,,included; accuracy missing and EER is a valid percentage,,,no reported uncertainty,,,,0,,,0,0,No parenthesized uncertainty was reported in the selected accuracy/EER field.
147_Heart-Vertical-Post-Exercise,171,147,Heart Vertical Post-Exercise,SCG,147|Heart Vertical Post-Exercise,SVM,kernel,not provided,20,one condition,own device,150 Hz,one channel (green),up to 5 min,up to 5 min,0,0,0,1,0,0,0,0,chest/torso,low (one day),1 sec,126 sec,70/30 random split,no intruders,,30.0%,,,cleaned time series,handcrafted,,no,"Savitzky-Golay filter for low frequency noise, sixth-order Butterworth lowpass filter for high-frequency noise, common average referencing (CAR), data smoothing via interpolation with spline cubic curves at 750Hz",1-second windows centered on each detected heartbeat peak,window,"normalised, no further details",yes,yes,,30,converted EER,70,0.7,,0.7,0.8472978603872034,included,,included; accuracy missing and EER is a valid percentage,,,no reported uncertainty,,,,0,,,0,0,No parenthesized uncertainty was reported in the selected accuracy/EER field.
147_Heart-Horizontal-Post-Exercise,172,147,Heart Horizontal Post-Exercise,SCG,147|Heart Horizontal Post-Exercise,SVM,kernel,not provided,20,one condition,own device,150 Hz,one channel (green),up to 5 min,up to 5 min,0,0,0,1,0,0,0,0,chest/torso,low (one day),1 sec,126 sec,70/30 random split,no intruders,,37.0%,,,cleaned time series,handcrafted,,no,"Savitzky-Golay filter for low frequency noise, sixth-order Butterworth lowpass filter for high-frequency noise, common average referencing (CAR), data smoothing via interpolation with spline cubic curves at 750Hz",1-second windows centered on each detected heartbeat peak,window,"normalised, no further details",yes,yes,,37,converted EER,63,0.63,,0.63,0.5322168137473082,included,,included; accuracy missing and EER is a valid percentage,,,no reported uncertainty,,,,0,,,0,0,No parenthesized uncertainty was reported in the selected accuracy/EER field.
147_Heart-Dorsal-Ventral-Post-Exercise,173,147,Heart Dorsal-Ventral Post-Exercise,SCG,147|Heart Dorsal-Ventral Post-Exercise,SVM,kernel,not provided,20,one condition,own device,150 Hz,one channel (green),up to 5 min,up to 5 min,0,0,0,1,0,0,0,0,chest/torso,low (one day),1 sec,126 sec,70/30 random split,no intruders,,31.0%,,,cleaned time series,handcrafted,,no,"Savitzky-Golay filter for low frequency noise, sixth-order Butterworth lowpass filter for high-frequency noise, common average referencing (CAR), data smoothing via interpolation with spline cubic curves at 750Hz",1-second windows centered on each detected heartbeat peak,window,"normalised, no further details",yes,yes,,31,converted EER,69,0.69,,0.69,0.8001193001121129,included,,included; accuracy missing and EER is a valid percentage,,,no reported uncertainty,,,,0,,,0,0,No parenthesized uncertainty was reported in the selected accuracy/EER field.
147_Sternum-Vertical-Post-Exercise,174,147,Sternum Vertical Post-Exercise,SCG,147|Sternum Vertical Post-Exercise,SVM,kernel,not provided,20,one condition,own device,150 Hz,one channel (green),up to 5 min,up to 5 min,0,0,0,1,0,0,0,0,chest/torso,low (one day),1 sec,126 sec,70/30 random split,no intruders,,31.0%,,,cleaned time series,handcrafted,,no,"Savitzky-Golay filter for low frequency noise, sixth-order Butterworth lowpass filter for high-frequency noise, common average referencing (CAR), data smoothing via interpolation with spline cubic curves at 750Hz",1-second windows centered on each detected heartbeat peak,window,"normalised, no further details",yes,yes,,31,converted EER,69,0.69,,0.69,0.8001193001121129,included,,included; accuracy missing and EER is a valid percentage,,,no reported uncertainty,,,,0,,,0,0,No parenthesized uncertainty was reported in the selected accuracy/EER field.
147_Sternum-Horizontal-Post-Exercise,175,147,Sternum Horizontal Post-Exercise,SCG,147|Sternum Horizontal Post-Exercise,SVM,kernel,not provided,20,one condition,own device,150 Hz,one channel (green),up to 5 min,up to 5 min,0,0,0,1,0,0,0,0,chest/torso,low (one day),1 sec,126 sec,70/30 random split,no intruders,,36.0%,,,cleaned time series,handcrafted,,no,"Savitzky-Golay filter for low frequency noise, sixth-order Butterworth lowpass filter for high-frequency noise, common average referencing (CAR), data smoothing via interpolation with spline cubic curves at 750Hz",1-second windows centered on each detected heartbeat peak,window,"normalised, no further details",yes,yes,,36,converted EER,64,0.64,,0.64,0.5753641449035619,included,,included; accuracy missing and EER is a valid percentage,,,no reported uncertainty,,,,0,,,0,0,No parenthesized uncertainty was reported in the selected accuracy/EER field.
147_Sternum-Dorsal-Ventral-Post-Exercise,176,147,Sternum Dorsal-Ventral Post-Exercise,SCG,147|Sternum Dorsal-Ventral Post-Exercise,SVM,kernel,not provided,20,one condition,own device,150 Hz,one channel (green),up to 5 min,up to 5 min,0,0,0,1,0,0,0,0,chest/torso,low (one day),1 sec,126 sec,70/30 random split,no intruders,,31.0%,,,cleaned time series,handcrafted,,no,"Savitzky-Golay filter for low frequency noise, sixth-order Butterworth lowpass filter for high-frequency noise, common average referencing (CAR), data smoothing via interpolation with spline cubic curves at 750Hz",1-second windows centered on each detected heartbeat peak,window,"normalised, no further details",yes,yes,,31,converted EER,69,0.69,,0.69,0.8001193001121129,included,,included; accuracy missing and EER is a valid percentage,,,no reported uncertainty,,,,0,,,0,0,No parenthesized uncertainty was reported in the selected accuracy/EER field.
147_Right-Hand-Vertical-Resilient-Post-Exercise,177,147,Right Hand Vertical Resilient Post-Exercise,SCG,147|Right Hand Vertical Resilient Post-Exercise,SVM,kernel,not provided,20,one condition,own device,150 Hz,one channel (green),up to 5 min,up to 5 min,0,0,0,1,0,0,0,0,wrist,low (one day),1 sec,126 sec,70/30 random split,no intruders,,20.0%,,,cleaned time series,handcrafted,,no,"Savitzky-Golay filter for low frequency noise, sixth-order Butterworth lowpass filter for high-frequency noise; removal of motion artifacts by averaging 5 consecutive data samples, common average referencing (CAR), data smoothing via interpolation with spline cubic curves at 750Hz",1-second windows centered on each detected heartbeat peak,window,"normalised, no further details",yes,yes,,20,converted EER,80,0.8,,0.8,1.3862943611198908,included,,included; accuracy missing and EER is a valid percentage,,,no reported uncertainty,,,,0,,,0,0,No parenthesized uncertainty was reported in the selected accuracy/EER field.
147_Right-Hand-Horizontal-Resilient-Post-Exercise,178,147,Right Hand Horizontal Resilient Post-Exercise,SCG,147|Right Hand Horizontal Resilient Post-Exercise,SVM,kernel,not provided,20,one condition,own device,150 Hz,one channel (green),up to 5 min,up to 5 min,0,0,0,1,0,0,0,0,wrist,low (one day),1 sec,126 sec,70/30 random split,no intruders,,19.0%,,,cleaned time series,handcrafted,,no,"Savitzky-Golay filter for low frequency noise, sixth-order Butterworth lowpass filter for high-frequency noise; removal of motion artifacts by averaging 5 consecutive data samples, common average referencing (CAR), data smoothing via interpolation with spline cubic curves at 750Hz",1-second windows centered on each detected heartbeat peak,window,"normalised, no further details",yes,yes,,19,converted EER,81,0.81,,0.81,1.4500101755059986,included,,included; accuracy missing and EER is a valid percentage,,,no reported uncertainty,,,,0,,,0,0,No parenthesized uncertainty was reported in the selected accuracy/EER field.
147_Right-Hand-Dorsal-Ventral-Resilient-Post-Exercise,179,147,Right Hand Dorsal-Ventral Resilient Post-Exercise,SCG,147|Right Hand Dorsal-Ventral Resilient Post-Exercise,SVM,kernel,not provided,20,one condition,own device,150 Hz,one channel (green),up to 5 min,up to 5 min,0,0,0,1,0,0,0,0,wrist,low (one day),1 sec,126 sec,70/30 random split,no intruders,,18.0%,,,cleaned time series,handcrafted,,no,"Savitzky-Golay filter for low frequency noise, sixth-order Butterworth lowpass filter for high-frequency noise; removal of motion artifacts by averaging 5 consecutive data samples, common average referencing (CAR), data smoothing via interpolation with spline cubic curves at 750Hz",1-second windows centered on each detected heartbeat peak,window,"normalised, no further details",yes,yes,,18,converted EER,82,0.82,,0.82,1.5163474893680882,included,,included; accuracy missing and EER is a valid percentage,,,no reported uncertainty,,,,0,,,0,0,No parenthesized uncertainty was reported in the selected accuracy/EER field.
147_Left-Hand-Vertical-Resilient-Post-Exercise,180,147,Left Hand Vertical Resilient Post-Exercise,SCG,147|Left Hand Vertical Resilient Post-Exercise,SVM,kernel,not provided,20,one condition,own device,150 Hz,one channel (green),up to 5 min,up to 5 min,0,0,0,1,0,0,0,0,wrist,low (one day),1 sec,126 sec,70/30 random split,no intruders,,13.0%,,,cleaned time series,handcrafted,,no,"Savitzky-Golay filter for low frequency noise, sixth-order Butterworth lowpass filter for high-frequency noise; removal of motion artifacts by averaging 5 consecutive data samples, common average referencing (CAR), data smoothing via interpolation with spline cubic curves at 750Hz",1-second windows centered on each detected heartbeat peak,window,"normalised, no further details",yes,yes,,13,converted EER,87,0.87,,0.87,1.900958761193047,included,,included; accuracy missing and EER is a valid percentage,,,no reported uncertainty,,,,0,,,0,0,No parenthesized uncertainty was reported in the selected accuracy/EER field.
147_Left-Hand-Horizontal-Resilient-Post-Exercise,181,147,Left Hand Horizontal Resilient Post-Exercise,SCG,147|Left Hand Horizontal Resilient Post-Exercise,SVM,kernel,not provided,20,one condition,own device,150 Hz,one channel (green),up to 5 min,up to 5 min,0,0,0,1,0,0,0,0,wrist,low (one day),1 sec,126 sec,70/30 random split,no intruders,,19.0%,,,cleaned time series,handcrafted,,no,"Savitzky-Golay filter for low frequency noise, sixth-order Butterworth lowpass filter for high-frequency noise; removal of motion artifacts by averaging 5 consecutive data samples, common average referencing (CAR), data smoothing via interpolation with spline cubic curves at 750Hz",1-second windows centered on each detected heartbeat peak,window,"normalised, no further details",yes,yes,,19,converted EER,81,0.81,,0.81,1.4500101755059986,included,,included; accuracy missing and EER is a valid percentage,,,no reported uncertainty,,,,0,,,0,0,No parenthesized uncertainty was reported in the selected accuracy/EER field.
147_Left-Hand-Dorsal-Ventral-Resilient-Post-Exercise,182,147,Left Hand Dorsal-Ventral Resilient Post-Exercise,SCG,147|Left Hand Dorsal-Ventral Resilient Post-Exercise,SVM,kernel,not provided,20,one condition,own device,150 Hz,one channel (green),up to 5 min,up to 5 min,0,0,0,1,0,0,0,0,wrist,low (one day),1 sec,126 sec,70/30 random split,no intruders,,20.0%,,,cleaned time series,handcrafted,,no,"Savitzky-Golay filter for low frequency noise, sixth-order Butterworth lowpass filter for high-frequency noise; removal of motion artifacts by averaging 5 consecutive data samples, common average referencing (CAR), data smoothing via interpolation with spline cubic curves at 750Hz",1-second windows centered on each detected heartbeat peak,window,"normalised, no further details",yes,yes,,20,converted EER,80,0.8,,0.8,1.3862943611198908,included,,included; accuracy missing and EER is a valid percentage,,,no reported uncertainty,,,,0,,,0,0,No parenthesized uncertainty was reported in the selected accuracy/EER field.
147_Left-Carotid-Vertical-Resilient-Post-Exercise,183,147,Left Carotid Vertical Resilient Post-Exercise,SCG,147|Left Carotid Vertical Resilient Post-Exercise,SVM,kernel,not provided,20,one condition,own device,150 Hz,one channel (green),up to 5 min,up to 5 min,0,0,0,1,0,0,0,0,neck,low (one day),1 sec,126 sec,70/30 random split,no intruders,,9.0%,,,cleaned time series,handcrafted,,no,"Savitzky-Golay filter for low frequency noise, sixth-order Butterworth lowpass filter for high-frequency noise; removal of motion artifacts by averaging 5 consecutive data samples, common average referencing (CAR), data smoothing via interpolation with spline cubic curves at 750Hz",1-second windows centered on each detected heartbeat peak,window,"normalised, no further details",yes,yes,,9,converted EER,91,0.91,,0.91,2.313634929180631,included,,included; accuracy missing and EER is a valid percentage,,,no reported uncertainty,,,,0,,,0,0,No parenthesized uncertainty was reported in the selected accuracy/EER field.
147_Left-Carotid-Horizontal-Resilient-Post-Exercise,184,147,Left Carotid Horizontal Resilient Post-Exercise,SCG,147|Left Carotid Horizontal Resilient Post-Exercise,SVM,kernel,not provided,20,one condition,own device,150 Hz,one channel (green),up to 5 min,up to 5 min,0,0,0,1,0,0,0,0,neck,low (one day),1 sec,126 sec,70/30 random split,no intruders,,12.0%,,,cleaned time series,handcrafted,,no,"Savitzky-Golay filter for low frequency noise, sixth-order Butterworth lowpass filter for high-frequency noise; removal of motion artifacts by averaging 5 consecutive data samples, common average referencing (CAR), data smoothing via interpolation with spline cubic curves at 750Hz",1-second windows centered on each detected heartbeat peak,window,"normalised, no further details",yes,yes,,12,converted EER,88,0.88,,0.88,1.9924301646902063,included,,included; accuracy missing and EER is a valid percentage,,,no reported uncertainty,,,,0,,,0,0,No parenthesized uncertainty was reported in the selected accuracy/EER field.
147_Left-Carotid-Dorsal-Ventral-Resilient-Post-Exercise,185,147,Left Carotid Dorsal-Ventral Resilient Post-Exercise,SCG,147|Left Carotid Dorsal-Ventral Resilient Post-Exercise,SVM,kernel,not provided,20,one condition,own device,150 Hz,one channel (green),up to 5 min,up to 5 min,0,0,0,1,0,0,0,0,neck,low (one day),1 sec,126 sec,70/30 random split,no intruders,,11.0%,,,cleaned time series,handcrafted,,no,"Savitzky-Golay filter for low frequency noise, sixth-order Butterworth lowpass filter for high-frequency noise; removal of motion artifacts by averaging 5 consecutive data samples, common average referencing (CAR), data smoothing via interpolation with spline cubic curves at 750Hz",1-second windows centered on each detected heartbeat peak,window,"normalised, no further details",yes,yes,,11,converted EER,89,0.89,,0.89,2.0907410969337694,included,,included; accuracy missing and EER is a valid percentage,,,no reported uncertainty,,,,0,,,0,0,No parenthesized uncertainty was reported in the selected accuracy/EER field.
147_Heart-Vertical-Resilient-Post-Exercise,186,147,Heart Vertical Resilient Post-Exercise,SCG,147|Heart Vertical Resilient Post-Exercise,SVM,kernel,not provided,20,one condition,own device,150 Hz,one channel (green),up to 5 min,up to 5 min,0,0,0,1,0,0,0,0,chest/torso,low (one day),1 sec,126 sec,70/30 random split,no intruders,,0.1%,,,cleaned time series,handcrafted,,no,"Savitzky-Golay filter for low frequency noise, sixth-order Butterworth lowpass filter for high-frequency noise; removal of motion artifacts by averaging 5 consecutive data samples, common average referencing (CAR), data smoothing via interpolation with spline cubic curves at 750Hz",1-second windows centered on each detected heartbeat peak,window,"normalised, no further details",yes,yes,,0.1,converted EER,99.9,0.9990000000000001,,0.9990000000000001,6.906754778648664,included,,included; accuracy missing and EER is a valid percentage,,,no reported uncertainty,,,,0,,,0,0,No parenthesized uncertainty was reported in the selected accuracy/EER field.
147_Heart-Horizontal-Resilient-Post-Exercise,187,147,Heart Horizontal Resilient Post-Exercise,SCG,147|Heart Horizontal Resilient Post-Exercise,SVM,kernel,not provided,20,one condition,own device,150 Hz,one channel (green),up to 5 min,up to 5 min,0,0,0,1,0,0,0,0,chest/torso,low (one day),1 sec,126 sec,70/30 random split,no intruders,,2.0%,,,cleaned time series,handcrafted,,no,"Savitzky-Golay filter for low frequency noise, sixth-order Butterworth lowpass filter for high-frequency noise; removal of motion artifacts by averaging 5 consecutive data samples, common average referencing (CAR), data smoothing via interpolation with spline cubic curves at 750Hz",1-second windows centered on each detected heartbeat peak,window,"normalised, no further details",yes,yes,,2,converted EER,98,0.98,,0.98,3.8918202981106256,included,,included; accuracy missing and EER is a valid percentage,,,no reported uncertainty,,,,0,,,0,0,No parenthesized uncertainty was reported in the selected accuracy/EER field.
147_Heart-Dorsal-Ventral-Resilient-Post-Exercise,188,147,Heart Dorsal-Ventral Resilient Post-Exercise,SCG,147|Heart Dorsal-Ventral Resilient Post-Exercise,SVM,kernel,not provided,20,one condition,own device,150 Hz,one channel (green),up to 5 min,up to 5 min,0,0,0,1,0,0,0,0,chest/torso,low (one day),1 sec,126 sec,70/30 random split,no intruders,,2.0%,,,cleaned time series,handcrafted,,no,"Savitzky-Golay filter for low frequency noise, sixth-order Butterworth lowpass filter for high-frequency noise; removal of motion artifacts by averaging 5 consecutive data samples, common average referencing (CAR), data smoothing via interpolation with spline cubic curves at 750Hz",1-second windows centered on each detected heartbeat peak,window,"normalised, no further details",yes,yes,,2,converted EER,98,0.98,,0.98,3.8918202981106256,included,,included; accuracy missing and EER is a valid percentage,,,no reported uncertainty,,,,0,,,0,0,No parenthesized uncertainty was reported in the selected accuracy/EER field.
147_Sternum-Vertical-Resilient-Post-Exercise,189,147,Sternum Vertical Resilient Post-Exercise,SCG,147|Sternum Vertical Resilient Post-Exercise,SVM,kernel,not provided,20,one condition,own device,150 Hz,one channel (green),up to 5 min,up to 5 min,0,0,0,1,0,0,0,0,chest/torso,low (one day),1 sec,126 sec,70/30 random split,no intruders,,0.1%,,,cleaned time series,handcrafted,,no,"Savitzky-Golay filter for low frequency noise, sixth-order Butterworth lowpass filter for high-frequency noise; removal of motion artifacts by averaging 5 consecutive data samples, common average referencing (CAR), data smoothing via interpolation with spline cubic curves at 750Hz",1-second windows centered on each detected heartbeat peak,window,"normalised, no further details",yes,yes,,0.1,converted EER,99.9,0.9990000000000001,,0.9990000000000001,6.906754778648664,included,,included; accuracy missing and EER is a valid percentage,,,no reported uncertainty,,,,0,,,0,0,No parenthesized uncertainty was reported in the selected accuracy/EER field.
147_Sternum-Horizontal-Resilient-Post-Exercise,190,147,Sternum Horizontal Resilient Post-Exercise,SCG,147|Sternum Horizontal Resilient Post-Exercise,SVM,kernel,not provided,20,one condition,own device,150 Hz,one channel (green),up to 5 min,up to 5 min,0,0,0,1,0,0,0,0,chest/torso,low (one day),1 sec,126 sec,70/30 random split,no intruders,,2.0%,,,cleaned time series,handcrafted,,no,"Savitzky-Golay filter for low frequency noise, sixth-order Butterworth lowpass filter for high-frequency noise; removal of motion artifacts by averaging 5 consecutive data samples, common average referencing (CAR), data smoothing via interpolation with spline cubic curves at 750Hz",1-second windows centered on each detected heartbeat peak,window,"normalised, no further details",yes,yes,,2,converted EER,98,0.98,,0.98,3.8918202981106256,included,,included; accuracy missing and EER is a valid percentage,,,no reported uncertainty,,,,0,,,0,0,No parenthesized uncertainty was reported in the selected accuracy/EER field.
147_Sternum-Dorsal-Ventral-Resilient-Post-Exercise,191,147,Sternum Dorsal-Ventral Resilient Post-Exercise,SCG,147|Sternum Dorsal-Ventral Resilient Post-Exercise,SVM,kernel,not provided,20,one condition,own device,150 Hz,one channel (green),up to 5 min,up to 5 min,0,0,0,1,0,0,0,0,chest/torso,low (one day),1 sec,126 sec,70/30 random split,no intruders,,1.0%,,,cleaned time series,handcrafted,,no,"Savitzky-Golay filter for low frequency noise, sixth-order Butterworth lowpass filter for high-frequency noise; removal of motion artifacts by averaging 5 consecutive data samples, common average referencing (CAR), data smoothing via interpolation with spline cubic curves at 750Hz",1-second windows centered on each detected heartbeat peak,window,"normalised, no further details",yes,yes,,1,converted EER,99,0.99,,0.99,4.595119850134589,included,,included; accuracy missing and EER is a valid percentage,,,no reported uncertainty,,,,0,,,0,0,No parenthesized uncertainty was reported in the selected accuracy/EER field.
189_NN-FF-intraday,192,189,NN-FF intraday,EDA,189|NN-FF intraday,FF-NN,dl,,30,everyday activities,Microsoft Band 2,not reported,not reported,over 120 min,over 120 min,0,1,0,0,0,0,0,0,wrist,medium (multiple days),3 sec,>144 min,"60/40, not clear whether random or across time",no intruders,,1.46% (1.53),,,"12 statistical features (mean, maximum amplitude, minimum amplitude, maximum energy, minimum energy, standard deviation, peak to peak, median, root-mean-square (RMS) and peakmagnitude-to-RMS ratio) on discreet wavelet transform (DWT) coefficient and 6 entropy features (Shannon entropy, energy entropy, threshold entropy, sure entropy and normalised entropy) to wavelet packet.",handcrafted,low,no,noise removal and reducing the dimensionality of the signal,3 second intervals,window,"normalised, no further details",yes,yes,,1.46,converted EER,98.54,0.9854,,0.9854,4.212026121395576,included,,included; accuracy missing and EER is a valid percentage,EER,1.53,converted subject-level SD,30,0.0027933850432763476,0.19416251541522375,1,0.0027933850432763476,0.19416251541522375,1,0,Single-user uploaded results support SD/sqrt(30) conversion.
189_NN-FF-2,193,189,NN-FF 2,EDA,189|NN-FF 2,FF-NN,dl,,30,everyday activities,Microsoft Band 2,not reported,not reported,over 120 min,over 120 min,0,1,0,0,0,0,0,0,wrist,medium (multiple days),3 sec,>240 min,"training day 1, testing day 2",no intruders,,2.18% (2.65),,,"12 statistical features (mean, maximum amplitude, minimum amplitude, maximum energy, minimum energy, standard deviation, peak to peak, median, root-mean-square (RMS) and peakmagnitude-to-RMS ratio) on discreet wavelet transform (DWT) coefficient and 6 entropy features (Shannon entropy, energy entropy, threshold entropy, sure entropy and normalised entropy) to wavelet packet.",handcrafted,low,no,noise removal and reducing the dimensionality of the signal,3 second intervals,window,"normalised, no further details",yes,yes,,2.18,converted EER,97.82,0.9782,,0.9782,3.8038041783102114,included,,included; accuracy missing and EER is a valid percentage,EER,2.65,converted subject-level SD,30,0.004838215924628967,0.22688254989172013,1,0.004838215924628967,0.22688254989172013,1,0,Single-user uploaded results support SD/sqrt(30) conversion.
189_NN-FF-3,194,189,NN-FF 3,EDA,189|NN-FF 3,FF-NN,dl,,30,everyday activities,Microsoft Band 2,not reported,not reported,over 120 min,over 120 min,0,1,0,0,0,0,0,0,wrist,medium (multiple days),3 sec,>240 min,"training day 1, testing day 3",no intruders,,3.4% (4.88),,,"12 statistical features (mean, maximum amplitude, minimum amplitude, maximum energy, minimum energy, standard deviation, peak to peak, median, root-mean-square (RMS) and peakmagnitude-to-RMS ratio) on discreet wavelet transform (DWT) coefficient and 6 entropy features (Shannon entropy, energy entropy, threshold entropy, sure entropy and normalised entropy) to wavelet packet.",handcrafted,low,no,noise removal and reducing the dimensionality of the signal,3 second intervals,window,"normalised, no further details",yes,yes,,3.4,converted EER,96.6,0.966,,0.966,3.3468033095963556,included,,included; accuracy missing and EER is a valid percentage,EER,4.88,converted subject-level SD,30,0.008909620268750702,0.2712708643511964,1,0.008909620268750702,0.2712708643511964,1,0,Single-user uploaded results support SD/sqrt(30) conversion.
189_NN-FF-best-score,195,189,NN-FF best score,EDA,189|NN-FF best score,FF-NN,dl,"not properly described, FF-NN + best performance scoring algorithm",30,everyday activities,Microsoft Band 2,not reported,not reported,over 120 min,over 120 min,0,1,0,0,0,0,0,0,wrist,medium (multiple days),3 sec,>240 min,"day 1 60/40, not clear whether random or across time, days 2+3 testing",no intruders,,0.54% (1),,,"12 statistical features (mean, maximum amplitude, minimum amplitude, maximum energy, minimum energy, standard deviation, peak to peak, median, root-mean-square (RMS) and peakmagnitude-to-RMS ratio) on discreet wavelet transform (DWT) coefficient and 6 entropy features (Shannon entropy, energy entropy, threshold entropy, sure entropy and normalised entropy) to wavelet packet.",handcrafted,low,no,noise removal and reducing the dimensionality of the signal,3 second intervals,window,"normalised, no further details",yes,yes,,0.54,converted EER,99.46,0.9945999999999999,,0.9945999999999999,5.2159416927103965,included,,included; accuracy missing and EER is a valid percentage,EER,1,converted subject-level SD,30,0.0018257418583505535,0.33993599853105466,1,0.0018257418583505535,0.33993599853105466,1,0,Single-user uploaded results support SD/sqrt(30) conversion.
205_PPG,196,205,PPG,PPG,205|PPG,LSTM,dl_temp,"3 layers, mini-batch size 4, learning rate 0.01, SGDM optimizer",10,one condition,own device,100hz,not reported,up to 5 min,up to 5 min,0,0,1,0,0,0,0,0,wrist,,?,?,"train/test, unclear how split, only one valid user",no intruders,100.0%,,1,,Instantaneous Frequency (IF) and spectral entropy (SE),hybrid,,no,bandpass filter (0.67-45 Hz),2s windows,window,not described,no,yes,100,,direct accuracy,100,1,1e-6,0.999999,13.815509557935018,included,,included,,,no reported uncertainty,,,,0,,,0,0,No parenthesized uncertainty was reported in the selected accuracy/EER field.
205_ECG,197,205,ECG,ECG,205|ECG,LSTM,dl_temp,"3 layers, mini-batch size 4, learning rate 0.01, SGDM optimizer",10,one condition,own device,100hz,not reported,up to 5 min,up to 5 min,1,0,0,0,0,0,0,0,wrist,,?,?,"train/test, unclear how split, only one valid user",no intruders,88.9%,,0.86,,Instantaneous Frequency (IF) and spectral entropy (SE),hybrid,,no,bandpass filter (0.67-45 Hz),2s windows,window,not described,no,yes,88.9,,direct accuracy,88.9,0.889,,0.889,2.0805670342015703,included,,included,,,no reported uncertainty,,,,0,,,0,0,No parenthesized uncertainty was reported in the selected accuracy/EER field.
278_S1-idle-S1-typing1-PPG,199,278,S1 idle - S1 typing1 PPG,PPG,278|S1 idle - S1 typing1 PPG,kNN,Other algorithm,,53,multiple conditions,own device,1000hz,not reported,up to 5 min,up to 5 min,0,0,1,0,0,0,0,0,wrist,low (one day),600 ms,2 min,split between tasks,no intruders,,20.68% (1.18),,,partially fiducial approach using the waveform amplitude values,handcrafted,,no,"band-pass Butterworth filter (order 4, 1-8 Hz), outlier removal",fixed window of 500ms (−100ms to +400ms) around each systolic peak,window,z-normalization,yes,yes,,20.68,converted EER,79.32,0.7931999999999999,,0.7931999999999999,1.3443232540113663,included,,included; accuracy missing and EER is a valid percentage,EER,1.18,unclear reporting,53,,,0,0.0016208546545945304,0.0098812260024676,1,1,Reported uncertainty has uncertain provenance; sensitivity analysis can treat it as SD/sqrt(53).
278_S1-idle-S1-touchpad-PPG,200,278,S1 idle - S1 touchpad PPG,PPG,278|S1 idle - S1 touchpad PPG,kNN,Other algorithm,,53,multiple conditions,own device,1000hz,not reported,up to 5 min,up to 5 min,0,0,1,0,0,0,0,0,wrist,low (one day),600 ms,2 min,split between tasks,no intruders,,6.84% (0.65),,,partially fiducial approach using the waveform amplitude values,handcrafted,,no,"band-pass Butterworth filter (order 4, 1-8 Hz), outlier removal",fixed window of 500ms (−100ms to +400ms) around each systolic peak,window,z-normalization,yes,yes,,6.84,converted EER,93.16,0.9316,,0.9316,2.611530713381681,included,,included; accuracy missing and EER is a valid percentage,EER,0.65,unclear reporting,53,,,0,8.928436656664787e-4,0.014011668061275427,1,1,Reported uncertainty has uncertain provenance; sensitivity analysis can treat it as SD/sqrt(53).
278_S1-idle-S1-typing-2-PPG,201,278,S1 idle - S1 typing 2 PPG,PPG,278|S1 idle - S1 typing 2 PPG,kNN,Other algorithm,,53,multiple conditions,own device,1000hz,not reported,up to 5 min,up to 5 min,0,0,1,0,0,0,0,0,wrist,low (one day),600 ms,2 min,split between tasks,no intruders,,22.12% (0.77),,,partially fiducial approach using the waveform amplitude values,handcrafted,,no,"band-pass Butterworth filter (order 4, 1-8 Hz), outlier removal",fixed window of 500ms (−100ms to +400ms) around each systolic peak,window,z-normalization,yes,yes,,22.12,converted EER,77.88,0.7787999999999999,,0.7787999999999999,1.2586870038498645,included,,included; accuracy missing and EER is a valid percentage,EER,0.77,unclear reporting,53,,,0,0.0010576763424049057,0.006139623290276094,1,1,Reported uncertainty has uncertain provenance; sensitivity analysis can treat it as SD/sqrt(53).
278_S1-idle-S2-idle-PPG,202,278,S1 idle - S2 idle PPG,PPG,278|S1 idle - S2 idle PPG,kNN,Other algorithm,,53,one condition,own device,1000hz,not reported,up to 5 min,up to 5 min,0,0,1,0,0,0,0,0,wrist,high (> one week),600 ms,2 min,split between sessions,no intruders,,27.9% (0.55),,,partially fiducial approach using the waveform amplitude values,handcrafted,,no,"band-pass Butterworth filter (order 4, 1-8 Hz), outlier removal",fixed window of 500ms (−100ms to +400ms) around each systolic peak,window,z-normalization,yes,yes,,27.9,converted EER,72.1,0.721,,0.721,0.9494273554635833,included,,included; accuracy missing and EER is a valid percentage,EER,0.55,unclear reporting,53,,,0,7.554831017177897e-4,0.0037556515080995117,1,1,Reported uncertainty has uncertain provenance; sensitivity analysis can treat it as SD/sqrt(53).
278_S1-idle-S1-typing1-ECG,203,278,S1 idle - S1 typing1 ECG,ECG,278|S1 idle - S1 typing1 ECG,kNN,Other algorithm,,53,multiple conditions,own device,1000hz,2 electrodes,up to 5 min,up to 5 min,1,0,0,0,0,0,0,0,chest/torso,low (one day),600 ms,2 min,split between tasks,no intruders,,6.66% (0.04),,,partially fiducial approach using the waveform amplitude values,handcrafted,,no,"median filters (200 and 600 ms windows), low-pass finite impulse response filter of order 300 with a flat-top window, for removing powerline interference noise and high frequency components EMG noise. Cutoff frequencies 20 and 40 Hz tested, outlier removal","R-peaks detection (modified Engelse-Zeelenberg algorithm, fixed window of 600 ms (−200 ms to +400 ms) around each R-peak",window,z-normalization,yes,yes,,6.66,converted EER,93.34,0.9334,,0.9334,2.640129255969372,included,,included; accuracy missing and EER is a valid percentage,EER,0.04,unclear reporting,53,,,0,5.494422557947561e-5,8.838529805701719e-4,1,1,Reported uncertainty has uncertain provenance; sensitivity analysis can treat it as SD/sqrt(53).
278_S1-idle-S1-touchpad-ECG,204,278,S1 idle - S1 touchpad ECG,ECG,278|S1 idle - S1 touchpad ECG,kNN,Other algorithm,,53,multiple conditions,own device,1000hz,2 electrodes,up to 5 min,up to 5 min,1,0,0,0,0,0,0,0,chest/torso,low (one day),600 ms,2 min,split between tasks,no intruders,,5.88% (0.35),,,partially fiducial approach using the waveform amplitude values,handcrafted,,no,"median filters (200 and 600 ms windows), low-pass finite impulse response filter of order 300 with a flat-top window, for removing powerline interference noise and high frequency components EMG noise. Cutoff frequencies 20 and 40 Hz tested, outlier removal","R-peaks detection (modified Engelse-Zeelenberg algorithm, fixed window of 600 ms (−200 ms to +400 ms) around each R-peak",window,z-normalization,yes,yes,,5.88,converted EER,94.12,0.9412,,0.9412,2.773013801948627,included,,included; accuracy missing and EER is a valid percentage,EER,0.35,unclear reporting,53,,,0,4.807619738204116e-4,0.008687020871828334,1,1,Reported uncertainty has uncertain provenance; sensitivity analysis can treat it as SD/sqrt(53).
278_S1-idle-S1-typing-2-ECG,205,278,S1 idle - S1 typing 2 ECG,ECG,278|S1 idle - S1 typing 2 ECG,kNN,Other algorithm,,53,multiple conditions,own device,1000hz,2 electrodes,up to 5 min,up to 5 min,1,0,0,0,0,0,0,0,chest/torso,low (one day),600 ms,2 min,split between tasks,no intruders,,7.53% (0.4),,,partially fiducial approach using the waveform amplitude values,handcrafted,,no,"median filters (200 and 600 ms windows), low-pass finite impulse response filter of order 300 with a flat-top window, for removing powerline interference noise and high frequency components EMG noise. Cutoff frequencies 20 and 40 Hz tested, outlier removal","R-peaks detection (modified Engelse-Zeelenberg algorithm, fixed window of 600 ms (−200 ms to +400 ms) around each R-peak",window,z-normalization,yes,yes,,7.53,converted EER,92.47,0.9247,,0.9247,2.5079892257777443,included,,included; accuracy missing and EER is a valid percentage,EER,0.4,unclear reporting,53,,,0,5.494422557947562e-4,0.007890894240632452,1,1,Reported uncertainty has uncertain provenance; sensitivity analysis can treat it as SD/sqrt(53).
278_S1-idle-S2-idle-ECG,206,278,S1 idle - S2 idle ECG,ECG,278|S1 idle - S2 idle ECG,kNN,Other algorithm,,53,one condition,own device,1000hz,2 electrodes,up to 5 min,up to 5 min,1,0,0,0,0,0,0,0,chest/torso,high (> one week),600 ms,2 min,split between sessions,no intruders,,32.72% (0.4),,,partially fiducial approach using the waveform amplitude values,handcrafted,,no,"median filters (200 and 600 ms windows), low-pass finite impulse response filter of order 300 with a flat-top window, for removing powerline interference noise and high frequency components EMG noise. Cutoff frequencies 20 and 40 Hz tested, outlier removal","R-peaks detection (modified Engelse-Zeelenberg algorithm, fixed window of 600 ms (−200 ms to +400 ms) around each R-peak",window,z-normalization,yes,yes,,32.72,converted EER,67.28,0.6728000000000001,,0.6728000000000001,0.7208765039301465,included,,included; accuracy missing and EER is a valid percentage,EER,0.4,unclear reporting,53,,,0,5.494422557947562e-4,0.002495874699985483,1,1,Reported uncertainty has uncertain provenance; sensitivity analysis can treat it as SD/sqrt(53).
298_static-GBT,207,298,static GBT,PPG,298|static GBT,GBM,tree,,20,one condition,own device,300 Hz,one channel (green),5-30 min,5-30 min,0,0,1,0,0,0,0,0,wrist,low (one day),,5 min,20 x Monte Carlo CV 50/50 across time,no intruders,90.73%,,,,"five fiducial features that only require a single systolic peak to extract the unique cardiac features from the PPG segment and its second derivative (systolic amplitude, pulse width, pulse width / systolic amplitude, crest time, ratio of amplitude of b-wave and a-wave)",handcrafted,low,no,"Noise Reduction using Filtering, Butterworth bandpass filter (0.5−6 Hz) order 2",segmentation into sections 2s longer than complete cardiac cycle,beat,no,no,yes,90.73,,direct accuracy,90.73,0.9073,,0.9073,2.2811046836037736,included,,included,,,no reported uncertainty,,,,0,,,0,0,No parenthesized uncertainty was reported in the selected accuracy/EER field.
298_static-4-windows,208,298,static 4 windows,PPG,298|static 4 windows,GBM,tree,,20,one condition,own device,300 Hz,one channel (green),5-30 min,5-30 min,0,0,1,0,0,0,0,0,wrist,low (one day),4*(HB+2s),5 min,20 x Monte Carlo CV 50/50 across time,no intruders,90.0%,,,,"five fiducial features that only require a single systolic peak to extract the unique cardiac features from the PPG segment and its second derivative (systolic amplitude, pulse width, pulse width / systolic amplitude, crest time, ratio of amplitude of b-wave and a-wave)",handcrafted,low,no,"Noise Reduction using Filtering, Butterworth bandpass filter (0.5−6 Hz) order 2",segmentation into sections 2s longer than complete cardiac cycle,beat,no,no,yes,90,,direct accuracy,90,0.9,,0.9,2.1972245773362196,included,,included,,,no reported uncertainty,,,,0,,,0,0,No parenthesized uncertainty was reported in the selected accuracy/EER field.
298_static-6-windows,209,298,static 6 windows,PPG,298|static 6 windows,GBM,tree,,20,one condition,own device,300 Hz,one channel (green),5-30 min,5-30 min,0,0,1,0,0,0,0,0,wrist,low (one day),6*(HB+2s),5 min,20 x Monte Carlo CV 50/50 across time,no intruders,90.0%,,,,"five fiducial features that only require a single systolic peak to extract the unique cardiac features from the PPG segment and its second derivative (systolic amplitude, pulse width, pulse width / systolic amplitude, crest time, ratio of amplitude of b-wave and a-wave)",handcrafted,low,no,"Noise Reduction using Filtering, Butterworth bandpass filter (0.5−6 Hz) order 2",segmentation into sections 2s longer than complete cardiac cycle,beat,no,no,yes,90,,direct accuracy,90,0.9,,0.9,2.1972245773362196,included,,included,,,no reported uncertainty,,,,0,,,0,0,No parenthesized uncertainty was reported in the selected accuracy/EER field.
298_static-5min,210,298,static 5min,PPG,298|static 5min,GBM,tree,,20,one condition,own device,300 Hz,one channel (green),5-30 min,5-30 min,0,0,1,0,0,0,0,0,wrist,low (one day),6*(HB+2s),5 min,20 x Monte Carlo CV 50/50 across time,no intruders,90.65%,,,,"five fiducial features that only require a single systolic peak to extract the unique cardiac features from the PPG segment and its second derivative (systolic amplitude, pulse width, pulse width / systolic amplitude, crest time, ratio of amplitude of b-wave and a-wave)",handcrafted,low,no,"Noise Reduction using Filtering, Butterworth bandpass filter (0.5−6 Hz) order 2",segmentation into sections 2s longer than complete cardiac cycle,beat,no,no,yes,90.65,,direct accuracy,90.65,0.9065000000000001,,0.9065000000000001,2.2716295939002653,included,,included,,,no reported uncertainty,,,,0,,,0,0,No parenthesized uncertainty was reported in the selected accuracy/EER field.
298_static-1min,211,298,static 1min,PPG,298|static 1min,GBM,tree,,20,one condition,own device,300 Hz,one channel (green),5-30 min,5-30 min,0,0,1,0,0,0,0,0,wrist,low (one day),6*(HB+2s),1 min,20 x Monte Carlo CV 50/50 across time,no intruders,77.75%,,,,"five fiducial features that only require a single systolic peak to extract the unique cardiac features from the PPG segment and its second derivative (systolic amplitude, pulse width, pulse width / systolic amplitude, crest time, ratio of amplitude of b-wave and a-wave)",handcrafted,low,no,"Noise Reduction using Filtering, Butterworth bandpass filter (0.5−6 Hz) order 2",segmentation into sections 2s longer than complete cardiac cycle,beat,no,no,yes,77.75,,direct accuracy,77.75,0.7775,,0.7775,1.251156542447094,included,,included,,,no reported uncertainty,,,,0,,,0,0,No parenthesized uncertainty was reported in the selected accuracy/EER field.
298_static-SVM,212,298,static SVM,PPG,298|static SVM,GBM,tree,,20,one condition,own device,300 Hz,one channel (green),5-30 min,5-30 min,0,0,1,0,0,0,0,0,wrist,low (one day),6*(HB+2s),5 min,20 x Monte Carlo CV 50/50 across time,no intruders,75.0%,,,,"five fiducial features that only require a single systolic peak to extract the unique cardiac features from the PPG segment and its second derivative (systolic amplitude, pulse width, pulse width / systolic amplitude, crest time, ratio of amplitude of b-wave and a-wave)",handcrafted,low,no,"Noise Reduction using Filtering, Butterworth bandpass filter (0.5−6 Hz) order 2",segmentation into sections 2s longer than complete cardiac cycle,beat,no,no,yes,75,,direct accuracy,75,0.75,,0.75,1.0986122886681098,included,,included,,,no reported uncertainty,,,,0,,,0,0,No parenthesized uncertainty was reported in the selected accuracy/EER field.
298_static-NN,213,298,static NN,PPG,298|static NN,GBM,tree,,20,one condition,own device,300 Hz,one channel (green),5-30 min,5-30 min,0,0,1,0,0,0,0,0,wrist,low (one day),6*(HB+2s),5 min,20 x Monte Carlo CV 50/50 across time,no intruders,80.0%,,,,"five fiducial features that only require a single systolic peak to extract the unique cardiac features from the PPG segment and its second derivative (systolic amplitude, pulse width, pulse width / systolic amplitude, crest time, ratio of amplitude of b-wave and a-wave)",handcrafted,low,no,"Noise Reduction using Filtering, Butterworth bandpass filter (0.5−6 Hz) order 2",segmentation into sections 2s longer than complete cardiac cycle,beat,no,no,yes,80,,direct accuracy,80,0.8,,0.8,1.3862943611198908,included,,included,,,no reported uncertainty,,,,0,,,0,0,No parenthesized uncertainty was reported in the selected accuracy/EER field.
298_static-25hz,214,298,static 25hz,PPG,298|static 25hz,GBM,tree,,20,one condition,own device,300 Hz,one channel (green),5-30 min,5-30 min,0,0,1,0,0,0,0,0,wrist,low (one day),6*(HB+2s),5 min,20 x Monte Carlo CV 50/50 across time,no intruders,88.0%,,,,"five fiducial features that only require a single systolic peak to extract the unique cardiac features from the PPG segment and its second derivative (systolic amplitude, pulse width, pulse width / systolic amplitude, crest time, ratio of amplitude of b-wave and a-wave)",handcrafted,low,no,"Downsampling to 25 Hz, Noise Reduction using Filtering, Butterworth bandpass filter (0.5−6 Hz) order 2",segmentation into sections 2s longer than complete cardiac cycle,beat,no,no,yes,88,,direct accuracy,88,0.88,,0.88,1.9924301646902063,included,,included,,,no reported uncertainty,,,,0,,,0,0,No parenthesized uncertainty was reported in the selected accuracy/EER field.
298_far-wrist-MA-removal,215,298,far-wrist MA removal,PPG,298|far-wrist MA removal,GBM,tree,,5,multiple conditions,own device,300 Hz,one channel (green),up to 5 min,up to 5 min,0,0,1,0,0,0,0,0,wrist,low (one day),6*(HB+2s),5 min,20 x Monte Carlo CV 50/50 across time,no intruders,89.2%,,,,"five fiducial features that only require a single systolic peak to extract the unique cardiac features from the PPG segment and its second derivative (systolic amplitude, pulse width, pulse width / systolic amplitude, crest time, ratio of amplitude of b-wave and a-wave)",handcrafted,low,no,"Noise Reduction using Filtering, Motion artefact detection, classification and filtering via special moving average filter, Butterworth bandpass filter (0.5−6 Hz) order 2",segmentation into sections 2s longer than complete cardiac cycle,beat,no,no,yes,89.2,,direct accuracy,89.2,0.892,,0.892,2.1113349054557897,included,,included,,,no reported uncertainty,,,,0,,,0,0,No parenthesized uncertainty was reported in the selected accuracy/EER field.
298_far-wrist-no-MA-removal,216,298,far-wrist no MA removal,PPG,298|far-wrist no MA removal,GBM,tree,,5,multiple conditions,own device,300 Hz,one channel (green),up to 5 min,up to 5 min,0,0,1,0,0,0,0,0,wrist,low (one day),6*(HB+2s),5 min,20 x Monte Carlo CV 50/50 across time,no intruders,72.2%,,,,"five fiducial features that only require a single systolic peak to extract the unique cardiac features from the PPG segment and its second derivative (systolic amplitude, pulse width, pulse width / systolic amplitude, crest time, ratio of amplitude of b-wave and a-wave)",handcrafted,low,no,"Noise Reduction using Filtering, classification and filtering via special moving average filter, Butterworth bandpass filter (0.5−6 Hz) order 2",segmentation into sections 2s longer than complete cardiac cycle,beat,no,no,yes,72.2,,direct accuracy,72.2,0.722,,0.722,0.9544040252021891,included,,included,,,no reported uncertainty,,,,0,,,0,0,No parenthesized uncertainty was reported in the selected accuracy/EER field.
298_near-wrist-MA-removal,217,298,near-wrist MA removal,PPG,298|near-wrist MA removal,GBM,tree,,5,multiple conditions,own device,300 Hz,one channel (green),up to 5 min,up to 5 min,0,0,1,0,0,0,0,0,wrist,low (one day),6*(HB+2s),5 min,20 x Monte Carlo CV 50/50 across time,no intruders,75.2%,,,,"five fiducial features that only require a single systolic peak to extract the unique cardiac features from the PPG segment and its second derivative (systolic amplitude, pulse width, pulse width / systolic amplitude, crest time, ratio of amplitude of b-wave and a-wave)",handcrafted,low,no,"Noise Reduction using Filtering, Motion artefact detection, classification and filtering via special moving average filter, Butterworth bandpass filter (0.5−6 Hz) order 2",segmentation into sections 2s longer than complete cardiac cycle,beat,no,no,yes,75.2,,direct accuracy,75.2,0.752,,0.752,1.1093075777848576,included,,included,,,no reported uncertainty,,,,0,,,0,0,No parenthesized uncertainty was reported in the selected accuracy/EER field.
298_near-wrist-no-MA-removal,218,298,near-wrist no MA removal,PPG,298|near-wrist no MA removal,GBM,tree,,5,multiple conditions,own device,300 Hz,one channel (green),up to 5 min,up to 5 min,0,0,1,0,0,0,0,0,wrist,low (one day),6*(HB+2s),5 min,20 x Monte Carlo CV 50/50 across time,no intruders,36.6%,,,,"five fiducial features that only require a single systolic peak to extract the unique cardiac features from the PPG segment and its second derivative (systolic amplitude, pulse width, pulse width / systolic amplitude, crest time, ratio of amplitude of b-wave and a-wave)",handcrafted,low,no,"Noise Reduction using Filtering, classification and filtering via special moving average filter, Butterworth bandpass filter (0.5−6 Hz) order 2",segmentation into sections 2s longer than complete cardiac cycle,beat,no,no,yes,36.6,,direct accuracy,36.6,0.366,,0.366,-0.5494156210358597,included,,included,,,no reported uncertainty,,,,0,,,0,0,No parenthesized uncertainty was reported in the selected accuracy/EER field.
298_static-2h,219,298,static 2h,PPG,298|static 2h,GBM,tree,,20,one condition,own device,300 Hz,one channel (green),5-30 min,5-30 min,0,0,1,0,0,0,0,0,wrist,low (one day),6*(HB+2s),5 min,20 x Monte Carlo CV 50/50 across time,no intruders,86.0%,,,,"five fiducial features that only require a single systolic peak to extract the unique cardiac features from the PPG segment and its second derivative (systolic amplitude, pulse width, pulse width / systolic amplitude, crest time, ratio of amplitude of b-wave and a-wave)",handcrafted,low,no,"Noise Reduction using Filtering, Motion artefact detection, classification and filtering via special moving average filter, Butterworth bandpass filter (0.5−6 Hz) order 2",segmentation into sections 2s longer than complete cardiac cycle,beat,no,no,yes,86,,direct accuracy,86,0.86,,0.86,1.815289966638249,included,,included,,,no reported uncertainty,,,,0,,,0,0,No parenthesized uncertainty was reported in the selected accuracy/EER field.
298_static-3h,220,298,static 3h,PPG,298|static 3h,GBM,tree,,20,one condition,own device,300 Hz,one channel (green),5-30 min,5-30 min,0,0,1,0,0,0,0,0,wrist,low (one day),6*(HB+2s),5 min,20 x Monte Carlo CV 50/50 across time,no intruders,84.0%,,,,"five fiducial features that only require a single systolic peak to extract the unique cardiac features from the PPG segment and its second derivative (systolic amplitude, pulse width, pulse width / systolic amplitude, crest time, ratio of amplitude of b-wave and a-wave)",handcrafted,low,no,"Noise Reduction using Filtering, Motion artefact detection, classification and filtering via special moving average filter, Butterworth bandpass filter (0.5−6 Hz) order 2",segmentation into sections 2s longer than complete cardiac cycle,beat,no,no,yes,84,,direct accuracy,84,0.84,,0.84,1.6582280766035322,included,,included,,,no reported uncertainty,,,,0,,,0,0,No parenthesized uncertainty was reported in the selected accuracy/EER field.
298_static-adaptive-3h,221,298,static adaptive 3h,PPG,298|static adaptive 3h,GBM,tree,adaptive retraining for changes throughout the day,20,one condition,own device,300 Hz,one channel (green),5-30 min,5-30 min,0,0,1,0,0,0,0,0,wrist,low (one day),6*(HB+2s),5 min,20 x Monte Carlo CV 50/50 across time,no intruders,90.0%,,,,"five fiducial features that only require a single systolic peak to extract the unique cardiac features from the PPG segment and its second derivative (systolic amplitude, pulse width, pulse width / systolic amplitude, crest time, ratio of amplitude of b-wave and a-wave)",handcrafted,low,no,"Noise Reduction using Filtering, Motion artefact detection, classification and filtering via special moving average filter, Butterworth bandpass filter (0.5−6 Hz) order 2",segmentation into sections 2s longer than complete cardiac cycle,beat,no,no,yes,90,,direct accuracy,90,0.9,,0.9,2.1972245773362196,included,,included,,,no reported uncertainty,,,,0,,,0,0,No parenthesized uncertainty was reported in the selected accuracy/EER field.
298_VMD-FastICA-12s,222,298,VMD+FastICA 12s,PPG,298|VMD+FastICA 12s,GBM,tree,,4,multiple conditions,own device,300 Hz,one channel (green),up to 5 min,up to 5 min,0,0,1,0,0,0,0,0,wrist,low (one day),6*(HB+2s),5 min,20 x Monte Carlo CV 50/50 across time,no intruders,62.0%,,,,"five fiducial features that only require a single systolic peak to extract the unique cardiac features from the PPG segment and its second derivative (systolic amplitude, pulse width, pulse width / systolic amplitude, crest time, ratio of amplitude of b-wave and a-wave)",handcrafted,low,no,"Noise Reduction using Filtering, Motion artefact detection, classification and filtering via special moving average filter, Butterworth bandpass filter (0.5−6 Hz) order 2, variational mode decomposition (VMD), Fast Independent component analysis (ICA) with 10 runs",segmentation into sections 2s longer than complete cardiac cycle,beat,no,no,yes,62,,direct accuracy,62,0.62,,0.62,0.4895482253187058,included,,included,,,no reported uncertainty,,,,0,,,0,0,No parenthesized uncertainty was reported in the selected accuracy/EER field.
298_CEEMDAN-FastICA-12s,223,298,CEEMDAN + FastICA 12s,PPG,298|CEEMDAN + FastICA 12s,GBM,tree,,4,multiple conditions,own device,300 Hz,one channel (green),up to 5 min,up to 5 min,0,0,1,0,0,0,0,0,wrist,low (one day),6*(HB+2s),5 min,20 x Monte Carlo CV 50/50 across time,no intruders,63.0%,,,,"five fiducial features that only require a single systolic peak to extract the unique cardiac features from the PPG segment and its second derivative (systolic amplitude, pulse width, pulse width / systolic amplitude, crest time, ratio of amplitude of b-wave and a-wave)",handcrafted,low,no,"Noise Reduction using Filtering, Motion artefact detection, classification and filtering via special moving average filter, Butterworth bandpass filter (0.5−6 Hz) order 2, complete ensemble EMD with adaptive noise (CEEMDAN), Fast Independent component analysis (ICA) with 10 runs",segmentation into sections 2s longer than complete cardiac cycle,beat,no,no,yes,63,,direct accuracy,63,0.63,,0.63,0.5322168137473082,included,,included,,,no reported uncertainty,,,,0,,,0,0,No parenthesized uncertainty was reported in the selected accuracy/EER field.
298_VMD-FastICA-24s,224,298,VMD+FastICA 24s,PPG,298|VMD+FastICA 24s,GBM,tree,,4,multiple conditions,own device,300 Hz,one channel (green),up to 5 min,up to 5 min,0,0,1,0,0,0,0,0,wrist,low (one day),6*(HB+2s),5 min,20 x Monte Carlo CV 50/50 across time,no intruders,69.0%,,,,"five fiducial features that only require a single systolic peak to extract the unique cardiac features from the PPG segment and its second derivative (systolic amplitude, pulse width, pulse width / systolic amplitude, crest time, ratio of amplitude of b-wave and a-wave)",handcrafted,low,no,"Noise Reduction using Filtering, Motion artefact detection, classification and filtering via special moving average filter, Butterworth bandpass filter (0.5−6 Hz) order 2, variational mode decomposition (VMD), Fast Independent component analysis (ICA) with 10 runs",segmentation into sections 2s longer than complete cardiac cycle,beat,no,no,yes,69,,direct accuracy,69,0.69,,0.69,0.8001193001121129,included,,included,,,no reported uncertainty,,,,0,,,0,0,No parenthesized uncertainty was reported in the selected accuracy/EER field.
298_CEEMDAN-FastICA-24s,225,298,CEEMDAN + FastICA 24s,PPG,298|CEEMDAN + FastICA 24s,GBM,tree,,4,multiple conditions,own device,300 Hz,one channel (green),up to 5 min,up to 5 min,0,0,1,0,0,0,0,0,wrist,low (one day),6*(HB+2s),5 min,20 x Monte Carlo CV 50/50 across time,no intruders,74.0%,,,,"five fiducial features that only require a single systolic peak to extract the unique cardiac features from the PPG segment and its second derivative (systolic amplitude, pulse width, pulse width / systolic amplitude, crest time, ratio of amplitude of b-wave and a-wave)",handcrafted,low,no,"Noise Reduction using Filtering, Motion artefact detection, classification and filtering via special moving average filter, Butterworth bandpass filter (0.5−6 Hz) order 2, complete ensemble EMD with adaptive noise (CEEMDAN), Fast Independent component analysis (ICA) with 10 runs",segmentation into sections 2s longer than complete cardiac cycle,beat,no,no,yes,74,,direct accuracy,74,0.74,,0.74,1.0459685551826876,included,,included,,,no reported uncertainty,,,,0,,,0,0,No parenthesized uncertainty was reported in the selected accuracy/EER field.
305_LR-30-EDA,226,305,LR 30 EDA,EDA,305|LR 30 EDA,LR,Other algorithm,,74,everyday activities,Empatica E4,4 Hz,,over 120 min,over 120 min,0,1,0,0,0,0,0,0,wrist,medium (multiple days),30s,4 days,"4 days training, day 5 testing",no intruders,,21.87%,,,"EDA features: Mean Tonic Component, SD Tonic (Standard deviation of the tonic component), Perc20 (20th percentile of the phasic component), Perc80 Tonic (80th percentile of the tonic component), Quartdev Tonic (Quartile deviation 75 percentile - 25 percentile of the tonic component), Strong Peaks (The number of strong peaks per 100 seconds) and Peaks Phasic (The number of peaks per 100 seconds).",handcrafted,low,no,SVM trained to remove artifacts in EDA (5% detection error),dividing the data into 50% overlapping segments (30s feature window),window,no,no,yes,,21.87,converted EER,78.13,0.7813,,0.7813,1.2732582713199765,included,,included; accuracy missing and EER is a valid percentage,,,no reported uncertainty,,,,0,,,0,0,No parenthesized uncertainty was reported in the selected accuracy/EER field.
305_MLP-30-EDA,227,305,MLP 30 EDA,EDA,305|MLP 30 EDA,MLP,dl,15 layers,74,everyday activities,Empatica E4,4 Hz,,over 120 min,over 120 min,0,1,0,0,0,0,0,0,wrist,medium (multiple days),30s,4 days,"4 days training, day 5 testing",no intruders,,22.08%,,,"EDA features: Mean Tonic Component, SD Tonic (Standard deviation of the tonic component), Perc20 (20th percentile of the phasic component), Perc80 Tonic (80th percentile of the tonic component), Quartdev Tonic (Quartile deviation 75 percentile - 25 percentile of the tonic component), Strong Peaks (The number of strong peaks per 100 seconds) and Peaks Phasic (The number of peaks per 100 seconds).",handcrafted,low,no,SVM trained to remove artifacts in EDA (5% detection error),dividing the data into 50% overlapping segments (30s feature window),window,no,no,yes,,22.08,converted EER,77.92,0.7792,,0.7792,1.261010437925385,included,,included; accuracy missing and EER is a valid percentage,,,no reported uncertainty,,,,0,,,0,0,No parenthesized uncertainty was reported in the selected accuracy/EER field.
305_RF-30-EDA,228,305,RF 30 EDA,EDA,305|RF 30 EDA,RF,tree,,74,everyday activities,Empatica E4,4 Hz,,over 120 min,over 120 min,0,1,0,0,0,0,0,0,wrist,medium (multiple days),30s,4 days,"4 days training, day 5 testing",no intruders,,22.14%,,,"EDA features: Mean Tonic Component, SD Tonic (Standard deviation of the tonic component), Perc20 (20th percentile of the phasic component), Perc80 Tonic (80th percentile of the tonic component), Quartdev Tonic (Quartile deviation 75 percentile - 25 percentile of the tonic component), Strong Peaks (The number of strong peaks per 100 seconds) and Peaks Phasic (The number of peaks per 100 seconds).",handcrafted,low,no,SVM trained to remove artifacts in EDA (5% detection error),dividing the data into 50% overlapping segments (30s feature window),window,no,no,yes,,22.14,converted EER,77.86,0.7786,,0.7786,1.2575264149018186,included,,included; accuracy missing and EER is a valid percentage,,,no reported uncertainty,,,,0,,,0,0,No parenthesized uncertainty was reported in the selected accuracy/EER field.
305_LR-60-EDA,229,305,LR 60 EDA,EDA,305|LR 60 EDA,LR,Other algorithm,,74,everyday activities,Empatica E4,4 Hz,,over 120 min,over 120 min,0,1,0,0,0,0,0,0,wrist,medium (multiple days),60s,4 days,"4 days training, day 5 testing",no intruders,,22.34%,,,"EDA features: Mean Tonic Component, SD Tonic (Standard deviation of the tonic component), Perc20 (20th percentile of the phasic component), Perc80 Tonic (80th percentile of the tonic component), Quartdev Tonic (Quartile deviation 75 percentile - 25 percentile of the tonic component), Strong Peaks (The number of strong peaks per 100 seconds) and Peaks Phasic (The number of peaks per 100 seconds).",handcrafted,low,no,SVM trained to remove artifacts in EDA (5% detection error),dividing the data into 50% overlapping segments (60s feature window),window,no,no,yes,,22.34,converted EER,77.66,0.7766,,0.7766,1.2459615306624663,included,,included; accuracy missing and EER is a valid percentage,,,no reported uncertainty,,,,0,,,0,0,No parenthesized uncertainty was reported in the selected accuracy/EER field.
305_MLP-60-EDA,230,305,MLP 60 EDA,EDA,305|MLP 60 EDA,MLP,dl,15 layers,74,everyday activities,Empatica E4,4 Hz,,over 120 min,over 120 min,0,1,0,0,0,0,0,0,wrist,medium (multiple days),60s,4 days,"4 days training, day 5 testing",no intruders,,21.43%,,,"EDA features: Mean Tonic Component, SD Tonic (Standard deviation of the tonic component), Perc20 (20th percentile of the phasic component), Perc80 Tonic (80th percentile of the tonic component), Quartdev Tonic (Quartile deviation 75 percentile - 25 percentile of the tonic component), Strong Peaks (The number of strong peaks per 100 seconds) and Peaks Phasic (The number of peaks per 100 seconds).",handcrafted,low,no,SVM trained to remove artifacts in EDA (5% detection error),dividing the data into 50% overlapping segments (60s feature window),window,no,no,yes,,21.43,converted EER,78.57,0.7857,,0.7857,1.2991981377022443,included,,included; accuracy missing and EER is a valid percentage,,,no reported uncertainty,,,,0,,,0,0,No parenthesized uncertainty was reported in the selected accuracy/EER field.
305_RF-60-EDA,231,305,RF 60 EDA,EDA,305|RF 60 EDA,RF,tree,,74,everyday activities,Empatica E4,4 Hz,,over 120 min,over 120 min,0,1,0,0,0,0,0,0,wrist,medium (multiple days),60s,4 days,"4 days training, day 5 testing",no intruders,,21.05%,,,"EDA features: Mean Tonic Component, SD Tonic (Standard deviation of the tonic component), Perc20 (20th percentile of the phasic component), Perc80 Tonic (80th percentile of the tonic component), Quartdev Tonic (Quartile deviation 75 percentile - 25 percentile of the tonic component), Strong Peaks (The number of strong peaks per 100 seconds) and Peaks Phasic (The number of peaks per 100 seconds).",handcrafted,low,no,SVM trained to remove artifacts in EDA (5% detection error),dividing the data into 50% overlapping segments (60s feature window),window,no,no,yes,,21.05,converted EER,78.95,0.7895,,0.7895,1.3219141805732606,included,,included; accuracy missing and EER is a valid percentage,,,no reported uncertainty,,,,0,,,0,0,No parenthesized uncertainty was reported in the selected accuracy/EER field.
305_LR-120-EDA,232,305,LR 120 EDA,EDA,305|LR 120 EDA,LR,Other algorithm,,74,everyday activities,Empatica E4,4 Hz,,over 120 min,over 120 min,0,1,0,0,0,0,0,0,wrist,medium (multiple days),120s,4 days,"4 days training, day 5 testing",no intruders,,25.88%,,,"EDA features: Mean Tonic Component, SD Tonic (Standard deviation of the tonic component), Perc20 (20th percentile of the phasic component), Perc80 Tonic (80th percentile of the tonic component), Quartdev Tonic (Quartile deviation 75 percentile - 25 percentile of the tonic component), Strong Peaks (The number of strong peaks per 100 seconds) and Peaks Phasic (The number of peaks per 100 seconds).",handcrafted,low,no,SVM trained to remove artifacts in EDA (5% detection error),dividing the data into 50% overlapping segments (120s feature window),window,no,no,yes,,25.88,converted EER,74.12,0.7412000000000001,,0.7412000000000001,1.0522149317844596,included,,included; accuracy missing and EER is a valid percentage,,,no reported uncertainty,,,,0,,,0,0,No parenthesized uncertainty was reported in the selected accuracy/EER field.
305_MLP-120-EDA,233,305,MLP 120 EDA,EDA,305|MLP 120 EDA,MLP,dl,15 layers,74,everyday activities,Empatica E4,4 Hz,,over 120 min,over 120 min,0,1,0,0,0,0,0,0,wrist,medium (multiple days),120s,4 days,"4 days training, day 5 testing",no intruders,,24.71%,,,"EDA features: Mean Tonic Component, SD Tonic (Standard deviation of the tonic component), Perc20 (20th percentile of the phasic component), Perc80 Tonic (80th percentile of the tonic component), Quartdev Tonic (Quartile deviation 75 percentile - 25 percentile of the tonic component), Strong Peaks (The number of strong peaks per 100 seconds) and Peaks Phasic (The number of peaks per 100 seconds).",handcrafted,low,no,SVM trained to remove artifacts in EDA (5% detection error),dividing the data into 50% overlapping segments (120s feature window),window,no,no,yes,,24.71,converted EER,75.28999999999999,0.7528999999999999,,0.7528999999999999,1.1141393038615117,included,,included; accuracy missing and EER is a valid percentage,,,no reported uncertainty,,,,0,,,0,0,No parenthesized uncertainty was reported in the selected accuracy/EER field.
305_RF-120-EDA,234,305,RF 120 EDA,EDA,305|RF 120 EDA,RF,tree,,74,everyday activities,Empatica E4,4 Hz,,over 120 min,over 120 min,0,1,0,0,0,0,0,0,wrist,medium (multiple days),120s,4 days,"4 days training, day 5 testing",no intruders,,25.34%,,,"EDA features: Mean Tonic Component, SD Tonic (Standard deviation of the tonic component), Perc20 (20th percentile of the phasic component), Perc80 Tonic (80th percentile of the tonic component), Quartdev Tonic (Quartile deviation 75 percentile - 25 percentile of the tonic component), Strong Peaks (The number of strong peaks per 100 seconds) and Peaks Phasic (The number of peaks per 100 seconds).",handcrafted,low,no,SVM trained to remove artifacts in EDA (5% detection error),dividing the data into 50% overlapping segments (120s feature window),window,no,no,yes,,25.34,converted EER,74.66,0.7465999999999999,,0.7465999999999999,1.0805602985934444,included,,included; accuracy missing and EER is a valid percentage,,,no reported uncertainty,,,,0,,,0,0,No parenthesized uncertainty was reported in the selected accuracy/EER field.
305_LR-30-HRV,235,305,LR 30 HRV,PPG,305|LR 30 HRV,LR,Other algorithm,,74,everyday activities,Empatica E4,64 Hz,1 channel,over 120 min,over 120 min,0,0,1,0,0,0,0,0,wrist,medium (multiple days),30s,4 days,"4 days training, day 5 testing",no intruders,,18.17%,,,"Time Domain Features: Mean HR, standard deviation of the inter-beat interval (STD RR), mean value of the inter-beat (RR) intervals (Mean RR), root mean square of successive difference of the RR intervals (RMSSD), the percentage of the number of successive RR intervals varying more than 50ms from the previous interval (pNN50), the total number of RR intervals divided by the height of the histogram of all RR intervals measured on a scale with bins of 1/128 s (HRV triangular index), and triangular interpolation of RR interval histogram (TINN). Frequency Domain Features: Low frequency power (LF), high-frequency power (HF), very low frequency power (VLF), prevalent low frequency (pLF), prevalent high frequency (pHF), the ratio of LF to HF (LF/HF) (Preprocessing +FFT), LF, HF, LF/HF (Lomb-Scargle)",handcrafted,low,no,Removal of points that deviate more than 20% from local average. Interpolation with cubic splines.,dividing the data into 50% overlapping segments (30s feature window),window,no,no,yes,,18.17,converted EER,81.83,0.8183,,0.8183,1.5048720421312107,included,,included; accuracy missing and EER is a valid percentage,,,no reported uncertainty,,,,0,,,0,0,No parenthesized uncertainty was reported in the selected accuracy/EER field.
305_MLP-30-HRV,236,305,MLP 30 HRV,PPG,305|MLP 30 HRV,MLP,dl,15 layers,74,everyday activities,Empatica E4,64 Hz,1 channel,over 120 min,over 120 min,0,0,1,0,0,0,0,0,wrist,medium (multiple days),30s,4 days,"4 days training, day 5 testing",no intruders,,18.21%,,,"Time Domain Features: Mean HR, standard deviation of the inter-beat interval (STD RR), mean value of the inter-beat (RR) intervals (Mean RR), root mean square of successive difference of the RR intervals (RMSSD), the percentage of the number of successive RR intervals varying more than 50ms from the previous interval (pNN50), the total number of RR intervals divided by the height of the histogram of all RR intervals measured on a scale with bins of 1/128 s (HRV triangular index), and triangular interpolation of RR interval histogram (TINN). Frequency Domain Features: Low frequency power (LF), high-frequency power (HF), very low frequency power (VLF), prevalent low frequency (pLF), prevalent high frequency (pHF), the ratio of LF to HF (LF/HF) (Preprocessing +FFT), LF, HF, LF/HF (Lomb-Scargle)",handcrafted,low,no,Removal of points that deviate more than 20% from local average. Interpolation with cubic splines.,dividing the data into 50% overlapping segments (30s feature window),window,no,no,yes,,18.21,converted EER,81.78999999999999,0.8179,,0.8179,1.5021840930073658,included,,included; accuracy missing and EER is a valid percentage,,,no reported uncertainty,,,,0,,,0,0,No parenthesized uncertainty was reported in the selected accuracy/EER field.
305_RF-30-HRV,237,305,RF 30 HRV,PPG,305|RF 30 HRV,RF,tree,,74,everyday activities,Empatica E4,64 Hz,1 channel,over 120 min,over 120 min,0,0,1,0,0,0,0,0,wrist,medium (multiple days),30s,4 days,"4 days training, day 5 testing",no intruders,,17.88%,,,"Time Domain Features: Mean HR, standard deviation of the inter-beat interval (STD RR), mean value of the inter-beat (RR) intervals (Mean RR), root mean square of successive difference of the RR intervals (RMSSD), the percentage of the number of successive RR intervals varying more than 50ms from the previous interval (pNN50), the total number of RR intervals divided by the height of the histogram of all RR intervals measured on a scale with bins of 1/128 s (HRV triangular index), and triangular interpolation of RR interval histogram (TINN). Frequency Domain Features: Low frequency power (LF), high-frequency power (HF), very low frequency power (VLF), prevalent low frequency (pLF), prevalent high frequency (pHF), the ratio of LF to HF (LF/HF) (Preprocessing +FFT), LF, HF, LF/HF (Lomb-Scargle)",handcrafted,low,no,Removal of points that deviate more than 20% from local average. Interpolation with cubic splines.,dividing the data into 50% overlapping segments (30s feature window),window,no,no,yes,,17.88,converted EER,82.12,0.8212,,0.8212,1.524498822405365,included,,included; accuracy missing and EER is a valid percentage,,,no reported uncertainty,,,,0,,,0,0,No parenthesized uncertainty was reported in the selected accuracy/EER field.
305_LR-60-HRV,238,305,LR 60 HRV,PPG,305|LR 60 HRV,LR,Other algorithm,,74,everyday activities,Empatica E4,64 Hz,1 channel,over 120 min,over 120 min,0,0,1,0,0,0,0,0,wrist,medium (multiple days),60s,4 days,"4 days training, day 5 testing",no intruders,,19.24%,,,"Time Domain Features: Mean HR, standard deviation of the inter-beat interval (STD RR), mean value of the inter-beat (RR) intervals (Mean RR), root mean square of successive difference of the RR intervals (RMSSD), the percentage of the number of successive RR intervals varying more than 50ms from the previous interval (pNN50), the total number of RR intervals divided by the height of the histogram of all RR intervals measured on a scale with bins of 1/128 s (HRV triangular index), and triangular interpolation of RR interval histogram (TINN). Frequency Domain Features: Low frequency power (LF), high-frequency power (HF), very low frequency power (VLF), prevalent low frequency (pLF), prevalent high frequency (pHF), the ratio of LF to HF (LF/HF) (Preprocessing +FFT), LF, HF, LF/HF (Lomb-Scargle)",handcrafted,low,no,Removal of points that deviate more than 20% from local average. Interpolation with cubic splines.,dividing the data into 50% overlapping segments (60s feature window),window,no,no,yes,,19.24,converted EER,80.76,0.8076000000000001,,0.8076000000000001,1.434490348207077,included,,included; accuracy missing and EER is a valid percentage,,,no reported uncertainty,,,,0,,,0,0,No parenthesized uncertainty was reported in the selected accuracy/EER field.
305_MLP-60-HRV,239,305,MLP 60 HRV,PPG,305|MLP 60 HRV,MLP,dl,15 layers,74,everyday activities,Empatica E4,64 Hz,1 channel,over 120 min,over 120 min,0,0,1,0,0,0,0,0,wrist,medium (multiple days),60s,4 days,"4 days training, day 5 testing",no intruders,,18.38%,,,"Time Domain Features: Mean HR, standard deviation of the inter-beat interval (STD RR), mean value of the inter-beat (RR) intervals (Mean RR), root mean square of successive difference of the RR intervals (RMSSD), the percentage of the number of successive RR intervals varying more than 50ms from the previous interval (pNN50), the total number of RR intervals divided by the height of the histogram of all RR intervals measured on a scale with bins of 1/128 s (HRV triangular index), and triangular interpolation of RR interval histogram (TINN). Frequency Domain Features: Low frequency power (LF), high-frequency power (HF), very low frequency power (VLF), prevalent low frequency (pLF), prevalent high frequency (pHF), the ratio of LF to HF (LF/HF) (Preprocessing +FFT), LF, HF, LF/HF (Lomb-Scargle)",handcrafted,low,no,Removal of points that deviate more than 20% from local average. Interpolation with cubic splines.,dividing the data into 50% overlapping segments (60s feature window),window,no,no,yes,,18.38,converted EER,81.62,0.8162,,0.8162,1.490811213050119,included,,included; accuracy missing and EER is a valid percentage,,,no reported uncertainty,,,,0,,,0,0,No parenthesized uncertainty was reported in the selected accuracy/EER field.
305_RF-60-HRV,240,305,RF 60 HRV,PPG,305|RF 60 HRV,RF,tree,,74,everyday activities,Empatica E4,64 Hz,1 channel,over 120 min,over 120 min,0,0,1,0,0,0,0,0,wrist,medium (multiple days),60s,4 days,"4 days training, day 5 testing",no intruders,,18.44%,,,"Time Domain Features: Mean HR, standard deviation of the inter-beat interval (STD RR), mean value of the inter-beat (RR) intervals (Mean RR), root mean square of successive difference of the RR intervals (RMSSD), the percentage of the number of successive RR intervals varying more than 50ms from the previous interval (pNN50), the total number of RR intervals divided by the height of the histogram of all RR intervals measured on a scale with bins of 1/128 s (HRV triangular index), and triangular interpolation of RR interval histogram (TINN). Frequency Domain Features: Low frequency power (LF), high-frequency power (HF), very low frequency power (VLF), prevalent low frequency (pLF), prevalent high frequency (pHF), the ratio of LF to HF (LF/HF) (Preprocessing +FFT), LF, HF, LF/HF (Lomb-Scargle)",handcrafted,low,no,Removal of points that deviate more than 20% from local average. Interpolation with cubic splines.,dividing the data into 50% overlapping segments (60s feature window),window,no,no,yes,,18.44,converted EER,81.56,0.8156,,0.8156,1.4868167275778066,included,,included; accuracy missing and EER is a valid percentage,,,no reported uncertainty,,,,0,,,0,0,No parenthesized uncertainty was reported in the selected accuracy/EER field.
305_LR-120-HRV,241,305,LR 120 HRV,PPG,305|LR 120 HRV,LR,Other algorithm,,74,everyday activities,Empatica E4,64 Hz,1 channel,over 120 min,over 120 min,0,0,1,0,0,0,0,0,wrist,medium (multiple days),120s,4 days,"4 days training, day 5 testing",no intruders,,19.66%,,,"Time Domain Features: Mean HR, standard deviation of the inter-beat interval (STD RR), mean value of the inter-beat (RR) intervals (Mean RR), root mean square of successive difference of the RR intervals (RMSSD), the percentage of the number of successive RR intervals varying more than 50ms from the previous interval (pNN50), the total number of RR intervals divided by the height of the histogram of all RR intervals measured on a scale with bins of 1/128 s (HRV triangular index), and triangular interpolation of RR interval histogram (TINN). Frequency Domain Features: Low frequency power (LF), high-frequency power (HF), very low frequency power (VLF), prevalent low frequency (pLF), prevalent high frequency (pHF), the ratio of LF to HF (LF/HF) (Preprocessing +FFT), LF, HF, LF/HF (Lomb-Scargle)",handcrafted,low,no,Removal of points that deviate more than 20% from local average. Interpolation with cubic splines.,dividing the data into 50% overlapping segments (120s feature window),window,no,no,yes,,19.66,converted EER,80.34,0.8034,,0.8034,1.4076815142121157,included,,included; accuracy missing and EER is a valid percentage,,,no reported uncertainty,,,,0,,,0,0,No parenthesized uncertainty was reported in the selected accuracy/EER field.
305_MLP-120-HRV,242,305,MLP 120 HRV,PPG,305|MLP 120 HRV,MLP,dl,15 layers,74,everyday activities,Empatica E4,64 Hz,1 channel,over 120 min,over 120 min,0,0,1,0,0,0,0,0,wrist,medium (multiple days),120s,4 days,"4 days training, day 5 testing",no intruders,,19.49%,,,"Time Domain Features: Mean HR, standard deviation of the inter-beat interval (STD RR), mean value of the inter-beat (RR) intervals (Mean RR), root mean square of successive difference of the RR intervals (RMSSD), the percentage of the number of successive RR intervals varying more than 50ms from the previous interval (pNN50), the total number of RR intervals divided by the height of the histogram of all RR intervals measured on a scale with bins of 1/128 s (HRV triangular index), and triangular interpolation of RR interval histogram (TINN). Frequency Domain Features: Low frequency power (LF), high-frequency power (HF), very low frequency power (VLF), prevalent low frequency (pLF), prevalent high frequency (pHF), the ratio of LF to HF (LF/HF) (Preprocessing +FFT), LF, HF, LF/HF (Lomb-Scargle)",handcrafted,low,no,Removal of points that deviate more than 20% from local average. Interpolation with cubic splines.,dividing the data into 50% overlapping segments (120s feature window),window,no,no,yes,,19.49,converted EER,80.51,0.8051,,0.8051,1.41847988679242,included,,included; accuracy missing and EER is a valid percentage,,,no reported uncertainty,,,,0,,,0,0,No parenthesized uncertainty was reported in the selected accuracy/EER field.
305_RF-120-HRV,243,305,RF 120 HRV,PPG,305|RF 120 HRV,RF,tree,,74,everyday activities,Empatica E4,64 Hz,1 channel,over 120 min,over 120 min,0,0,1,0,0,0,0,0,wrist,medium (multiple days),120s,4 days,"4 days training, day 5 testing",no intruders,,19.03%,,,"Time Domain Features: Mean HR, standard deviation of the inter-beat interval (STD RR), mean value of the inter-beat (RR) intervals (Mean RR), root mean square of successive difference of the RR intervals (RMSSD), the percentage of the number of successive RR intervals varying more than 50ms from the previous interval (pNN50), the total number of RR intervals divided by the height of the histogram of all RR intervals measured on a scale with bins of 1/128 s (HRV triangular index), and triangular interpolation of RR interval histogram (TINN). Frequency Domain Features: Low frequency power (LF), high-frequency power (HF), very low frequency power (VLF), prevalent low frequency (pLF), prevalent high frequency (pHF), the ratio of LF to HF (LF/HF) (Preprocessing +FFT), LF, HF, LF/HF (Lomb-Scargle)",handcrafted,low,no,Removal of points that deviate more than 20% from local average. Interpolation with cubic splines.,dividing the data into 50% overlapping segments (120s feature window),window,no,no,yes,,19.03,converted EER,80.97,0.8097,,0.8097,1.4480620343899646,included,,included; accuracy missing and EER is a valid percentage,,,no reported uncertainty,,,,0,,,0,0,No parenthesized uncertainty was reported in the selected accuracy/EER field.
305_LR-30-EDA-HRV,244,305,LR 30 EDA-HRV,"EDA, PPG",305|LR 30 EDA-HRV,LR,Other algorithm,,74,everyday activities,Empatica E4,"4 Hz, 64 Hz",1 channel,over 120 min,over 120 min,0,1,1,0,0,0,1,0,wrist,medium (multiple days),30s,4 days,"4 days training, day 5 testing",no intruders,,15.06%,,,"EDA features: Mean Tonic Component, SD Tonic (Standard deviation of the tonic component), Perc20 (20th percentile of the phasic component), Perc80 Tonic (80th percentile of the tonic component), Quartdev Tonic (Quartile deviation 75 percentile - 25 percentile of the tonic component), Strong Peaks (The number of strong peaks per 100 seconds) and Peaks Phasic (The number of peaks per 100 seconds). HRV features: Time Domain Features: Mean HR, standard deviation of the inter-beat interval (STD RR), mean value of the inter-beat (RR) intervals (Mean RR), root mean square of successive difference of the RR intervals (RMSSD), the percentage of the number of successive RR intervals varying more than 50ms from the previous interval (pNN50), the total number of RR intervals divided by the height of the histogram of all RR intervals measured on a scale with bins of 1/128 s (HRV triangular index), and triangular interpolation of RR interval histogram (TINN). Frequency Domain Features: Low frequency power (LF), high-frequency power (HF), very low frequency power (VLF), prevalent low frequency (pLF), prevalent high frequency (pHF), the ratio of LF to HF (LF/HF) (Preprocessing +FFT), LF, HF, LF/HF (Lomb-Scargle)",handcrafted,low,no,"SVM trained to remove artifacts in EDA (5% detection error), HRV: Removal of points that deviate more than 20% from local average. Interpolation with cubic splines.",dividing the data into 50% overlapping segments (30s feature window),window,no,no,yes,,15.06,converted EER,84.94,0.8493999999999999,,0.8493999999999999,1.729902902513377,included,,included; accuracy missing and EER is a valid percentage,,,no reported uncertainty,,,,0,,,0,0,No parenthesized uncertainty was reported in the selected accuracy/EER field.
305_MLP-30-EDA-HRV,245,305,MLP 30 EDA-HRV,"EDA, PPG",305|MLP 30 EDA-HRV,MLP,dl,15 layers,74,everyday activities,Empatica E4,"4 Hz, 64 Hz",1 channel,over 120 min,over 120 min,0,1,1,0,0,0,1,0,wrist,medium (multiple days),30s,4 days,"4 days training, day 5 testing",no intruders,,14.87%,,,"EDA features: Mean Tonic Component, SD Tonic (Standard deviation of the tonic component), Perc20 (20th percentile of the phasic component), Perc80 Tonic (80th percentile of the tonic component), Quartdev Tonic (Quartile deviation 75 percentile - 25 percentile of the tonic component), Strong Peaks (The number of strong peaks per 100 seconds) and Peaks Phasic (The number of peaks per 100 seconds). HRV features: Time Domain Features: Mean HR, standard deviation of the inter-beat interval (STD RR), mean value of the inter-beat (RR) intervals (Mean RR), root mean square of successive difference of the RR intervals (RMSSD), the percentage of the number of successive RR intervals varying more than 50ms from the previous interval (pNN50), the total number of RR intervals divided by the height of the histogram of all RR intervals measured on a scale with bins of 1/128 s (HRV triangular index), and triangular interpolation of RR interval histogram (TINN). Frequency Domain Features: Low frequency power (LF), high-frequency power (HF), very low frequency power (VLF), prevalent low frequency (pLF), prevalent high frequency (pHF), the ratio of LF to HF (LF/HF) (Preprocessing +FFT), LF, HF, LF/HF (Lomb-Scargle)",handcrafted,low,no,"SVM trained to remove artifacts in EDA (5% detection error), HRV: Removal of points that deviate more than 20% from local average. Interpolation with cubic splines.",dividing the data into 50% overlapping segments (30s feature window),window,no,no,yes,,14.87,converted EER,85.13,0.8513,,0.8513,1.7448337394239015,included,,included; accuracy missing and EER is a valid percentage,,,no reported uncertainty,,,,0,,,0,0,No parenthesized uncertainty was reported in the selected accuracy/EER field.
305_RF-30-EDA-HRV,246,305,RF 30 EDA-HRV,"EDA, PPG",305|RF 30 EDA-HRV,RF,tree,,74,everyday activities,Empatica E4,"4 Hz, 64 Hz",1 channel,over 120 min,over 120 min,0,1,1,0,0,0,1,0,wrist,medium (multiple days),30s,4 days,"4 days training, day 5 testing",no intruders,,14.01%,,,"EDA features: Mean Tonic Component, SD Tonic (Standard deviation of the tonic component), Perc20 (20th percentile of the phasic component), Perc80 Tonic (80th percentile of the tonic component), Quartdev Tonic (Quartile deviation 75 percentile - 25 percentile of the tonic component), Strong Peaks (The number of strong peaks per 100 seconds) and Peaks Phasic (The number of peaks per 100 seconds). HRV features: Time Domain Features: Mean HR, standard deviation of the inter-beat interval (STD RR), mean value of the inter-beat (RR) intervals (Mean RR), root mean square of successive difference of the RR intervals (RMSSD), the percentage of the number of successive RR intervals varying more than 50ms from the previous interval (pNN50), the total number of RR intervals divided by the height of the histogram of all RR intervals measured on a scale with bins of 1/128 s (HRV triangular index), and triangular interpolation of RR interval histogram (TINN). Frequency Domain Features: Low frequency power (LF), high-frequency power (HF), very low frequency power (VLF), prevalent low frequency (pLF), prevalent high frequency (pHF), the ratio of LF to HF (LF/HF) (Preprocessing +FFT), LF, HF, LF/HF (Lomb-Scargle)",handcrafted,low,no,"SVM trained to remove artifacts in EDA (5% detection error), HRV: Removal of points that deviate more than 20% from local average. Interpolation with cubic splines.",dividing the data into 50% overlapping segments (30s feature window),window,no,no,yes,,14.01,converted EER,85.99,0.8599,,0.8599,1.8144596500738897,included,,included; accuracy missing and EER is a valid percentage,,,no reported uncertainty,,,,0,,,0,0,No parenthesized uncertainty was reported in the selected accuracy/EER field.
305_LR-60-EDA-HRV,247,305,LR 60 EDA-HRV,"EDA, PPG",305|LR 60 EDA-HRV,LR,Other algorithm,,74,everyday activities,Empatica E4,"4 Hz, 64 Hz",1 channel,over 120 min,over 120 min,0,1,1,0,0,0,1,0,wrist,medium (multiple days),60s,4 days,"4 days training, day 5 testing",no intruders,,15.44%,,,"EDA features: Mean Tonic Component, SD Tonic (Standard deviation of the tonic component), Perc20 (20th percentile of the phasic component), Perc80 Tonic (80th percentile of the tonic component), Quartdev Tonic (Quartile deviation 75 percentile - 25 percentile of the tonic component), Strong Peaks (The number of strong peaks per 100 seconds) and Peaks Phasic (The number of peaks per 100 seconds). HRV features: Time Domain Features: Mean HR, standard deviation of the inter-beat interval (STD RR), mean value of the inter-beat (RR) intervals (Mean RR), root mean square of successive difference of the RR intervals (RMSSD), the percentage of the number of successive RR intervals varying more than 50ms from the previous interval (pNN50), the total number of RR intervals divided by the height of the histogram of all RR intervals measured on a scale with bins of 1/128 s (HRV triangular index), and triangular interpolation of RR interval histogram (TINN). Frequency Domain Features: Low frequency power (LF), high-frequency power (HF), very low frequency power (VLF), prevalent low frequency (pLF), prevalent high frequency (pHF), the ratio of LF to HF (LF/HF) (Preprocessing +FFT), LF, HF, LF/HF (Lomb-Scargle)",handcrafted,low,no,"SVM trained to remove artifacts in EDA (5% detection error), HRV: Removal of points that deviate more than 20% from local average. Interpolation with cubic splines.",dividing the data into 50% overlapping segments (60s feature window),window,no,no,yes,,15.44,converted EER,84.56,0.8456,,0.8456,1.7004997969653521,included,,included; accuracy missing and EER is a valid percentage,,,no reported uncertainty,,,,0,,,0,0,No parenthesized uncertainty was reported in the selected accuracy/EER field.
305_MLP-60-EDA-HRV,248,305,MLP 60 EDA-HRV,"EDA, PPG",305|MLP 60 EDA-HRV,MLP,dl,15 layers,74,everyday activities,Empatica E4,"4 Hz, 64 Hz",1 channel,over 120 min,over 120 min,0,1,1,0,0,0,1,0,wrist,medium (multiple days),60s,4 days,"4 days training, day 5 testing",no intruders,,13.95%,,,"EDA features: Mean Tonic Component, SD Tonic (Standard deviation of the tonic component), Perc20 (20th percentile of the phasic component), Perc80 Tonic (80th percentile of the tonic component), Quartdev Tonic (Quartile deviation 75 percentile - 25 percentile of the tonic component), Strong Peaks (The number of strong peaks per 100 seconds) and Peaks Phasic (The number of peaks per 100 seconds). HRV features: Time Domain Features: Mean HR, standard deviation of the inter-beat interval (STD RR), mean value of the inter-beat (RR) intervals (Mean RR), root mean square of successive difference of the RR intervals (RMSSD), the percentage of the number of successive RR intervals varying more than 50ms from the previous interval (pNN50), the total number of RR intervals divided by the height of the histogram of all RR intervals measured on a scale with bins of 1/128 s (HRV triangular index), and triangular interpolation of RR interval histogram (TINN). Frequency Domain Features: Low frequency power (LF), high-frequency power (HF), very low frequency power (VLF), prevalent low frequency (pLF), prevalent high frequency (pHF), the ratio of LF to HF (LF/HF) (Preprocessing +FFT), LF, HF, LF/HF (Lomb-Scargle)",handcrafted,low,no,"SVM trained to remove artifacts in EDA (5% detection error), HRV: Removal of points that deviate more than 20% from local average. Interpolation with cubic splines.",dividing the data into 50% overlapping segments (60s feature window),window,no,no,yes,,13.95,converted EER,86.05,0.8604999999999999,,0.8604999999999999,1.8194490143901731,included,,included; accuracy missing and EER is a valid percentage,,,no reported uncertainty,,,,0,,,0,0,No parenthesized uncertainty was reported in the selected accuracy/EER field.
305_RF-60-EDA-HRV,249,305,RF 60 EDA-HRV,"EDA, PPG",305|RF 60 EDA-HRV,RF,tree,,74,everyday activities,Empatica E4,"4 Hz, 64 Hz",1 channel,over 120 min,over 120 min,0,1,1,0,0,0,1,0,wrist,medium (multiple days),60s,4 days,"4 days training, day 5 testing",no intruders,,14.63%,,,"EDA features: Mean Tonic Component, SD Tonic (Standard deviation of the tonic component), Perc20 (20th percentile of the phasic component), Perc80 Tonic (80th percentile of the tonic component), Quartdev Tonic (Quartile deviation 75 percentile - 25 percentile of the tonic component), Strong Peaks (The number of strong peaks per 100 seconds) and Peaks Phasic (The number of peaks per 100 seconds). HRV features: Time Domain Features: Mean HR, standard deviation of the inter-beat interval (STD RR), mean value of the inter-beat (RR) intervals (Mean RR), root mean square of successive difference of the RR intervals (RMSSD), the percentage of the number of successive RR intervals varying more than 50ms from the previous interval (pNN50), the total number of RR intervals divided by the height of the histogram of all RR intervals measured on a scale with bins of 1/128 s (HRV triangular index), and triangular interpolation of RR interval histogram (TINN). Frequency Domain Features: Low frequency power (LF), high-frequency power (HF), very low frequency power (VLF), prevalent low frequency (pLF), prevalent high frequency (pHF), the ratio of LF to HF (LF/HF) (Preprocessing +FFT), LF, HF, LF/HF (Lomb-Scargle)",handcrafted,low,no,"SVM trained to remove artifacts in EDA (5% detection error), HRV: Removal of points that deviate more than 20% from local average. Interpolation with cubic splines.",dividing the data into 50% overlapping segments (60s feature window),window,no,no,yes,,14.63,converted EER,85.37,0.8537,,0.8537,1.7639205359901822,included,,included; accuracy missing and EER is a valid percentage,,,no reported uncertainty,,,,0,,,0,0,No parenthesized uncertainty was reported in the selected accuracy/EER field.
305_LR-120-EDA-HRV,250,305,LR 120 EDA-HRV,"EDA, PPG",305|LR 120 EDA-HRV,LR,Other algorithm,,74,everyday activities,Empatica E4,"4 Hz, 64 Hz",1 channel,over 120 min,over 120 min,0,1,1,0,0,0,1,0,wrist,medium (multiple days),120s,4 days,"4 days training, day 5 testing",no intruders,,17.38%,,,"EDA features: Mean Tonic Component, SD Tonic (Standard deviation of the tonic component), Perc20 (20th percentile of the phasic component), Perc80 Tonic (80th percentile of the tonic component), Quartdev Tonic (Quartile deviation 75 percentile - 25 percentile of the tonic component), Strong Peaks (The number of strong peaks per 100 seconds) and Peaks Phasic (The number of peaks per 100 seconds). HRV features: Time Domain Features: Mean HR, standard deviation of the inter-beat interval (STD RR), mean value of the inter-beat (RR) intervals (Mean RR), root mean square of successive difference of the RR intervals (RMSSD), the percentage of the number of successive RR intervals varying more than 50ms from the previous interval (pNN50), the total number of RR intervals divided by the height of the histogram of all RR intervals measured on a scale with bins of 1/128 s (HRV triangular index), and triangular interpolation of RR interval histogram (TINN). Frequency Domain Features: Low frequency power (LF), high-frequency power (HF), very low frequency power (VLF), prevalent low frequency (pLF), prevalent high frequency (pHF), the ratio of LF to HF (LF/HF) (Preprocessing +FFT), LF, HF, LF/HF (Lomb-Scargle)",handcrafted,low,no,"SVM trained to remove artifacts in EDA (5% detection error), HRV: Removal of points that deviate more than 20% from local average. Interpolation with cubic splines.",dividing the data into 50% overlapping segments (120s feature window),window,no,no,yes,,17.38,converted EER,82.62,0.8262,,0.8262,1.558931662131373,included,,included; accuracy missing and EER is a valid percentage,,,no reported uncertainty,,,,0,,,0,0,No parenthesized uncertainty was reported in the selected accuracy/EER field.
305_MLP-120-EDA-HRV,251,305,MLP 120 EDA-HRV,"EDA, PPG",305|MLP 120 EDA-HRV,MLP,dl,15 layers,74,everyday activities,Empatica E4,"4 Hz, 64 Hz",1 channel,over 120 min,over 120 min,0,1,1,0,0,0,1,0,wrist,medium (multiple days),120s,4 days,"4 days training, day 5 testing",no intruders,,15.66%,,,"EDA features: Mean Tonic Component, SD Tonic (Standard deviation of the tonic component), Perc20 (20th percentile of the phasic component), Perc80 Tonic (80th percentile of the tonic component), Quartdev Tonic (Quartile deviation 75 percentile - 25 percentile of the tonic component), Strong Peaks (The number of strong peaks per 100 seconds) and Peaks Phasic (The number of peaks per 100 seconds). HRV features: Time Domain Features: Mean HR, standard deviation of the inter-beat interval (STD RR), mean value of the inter-beat (RR) intervals (Mean RR), root mean square of successive difference of the RR intervals (RMSSD), the percentage of the number of successive RR intervals varying more than 50ms from the previous interval (pNN50), the total number of RR intervals divided by the height of the histogram of all RR intervals measured on a scale with bins of 1/128 s (HRV triangular index), and triangular interpolation of RR interval histogram (TINN). Frequency Domain Features: Low frequency power (LF), high-frequency power (HF), very low frequency power (VLF), prevalent low frequency (pLF), prevalent high frequency (pHF), the ratio of LF to HF (LF/HF) (Preprocessing +FFT), LF, HF, LF/HF (Lomb-Scargle)",handcrafted,low,no,"SVM trained to remove artifacts in EDA (5% detection error), HRV: Removal of points that deviate more than 20% from local average. Interpolation with cubic splines.",dividing the data into 50% overlapping segments (120s feature window),window,no,no,yes,,15.66,converted EER,84.34,0.8434,,0.8434,1.683746557755757,included,,included; accuracy missing and EER is a valid percentage,,,no reported uncertainty,,,,0,,,0,0,No parenthesized uncertainty was reported in the selected accuracy/EER field.
305_RF-120-EDA-HRV,252,305,RF 120 EDA-HRV,"EDA, PPG",305|RF 120 EDA-HRV,RF,tree,,74,everyday activities,Empatica E4,"4 Hz, 64 Hz",1 channel,over 120 min,over 120 min,0,1,1,0,0,0,1,0,wrist,medium (multiple days),120s,4 days,"4 days training, day 5 testing",no intruders,,14.51%,,,"EDA features: Mean Tonic Component, SD Tonic (Standard deviation of the tonic component), Perc20 (20th percentile of the phasic component), Perc80 Tonic (80th percentile of the tonic component), Quartdev Tonic (Quartile deviation 75 percentile - 25 percentile of the tonic component), Strong Peaks (The number of strong peaks per 100 seconds) and Peaks Phasic (The number of peaks per 100 seconds). HRV features: Time Domain Features: Mean HR, standard deviation of the inter-beat interval (STD RR), mean value of the inter-beat (RR) intervals (Mean RR), root mean square of successive difference of the RR intervals (RMSSD), the percentage of the number of successive RR intervals varying more than 50ms from the previous interval (pNN50), the total number of RR intervals divided by the height of the histogram of all RR intervals measured on a scale with bins of 1/128 s (HRV triangular index), and triangular interpolation of RR interval histogram (TINN). Frequency Domain Features: Low frequency power (LF), high-frequency power (HF), very low frequency power (VLF), prevalent low frequency (pLF), prevalent high frequency (pHF), the ratio of LF to HF (LF/HF) (Preprocessing +FFT), LF, HF, LF/HF (Lomb-Scargle)",handcrafted,low,no,"SVM trained to remove artifacts in EDA (5% detection error), HRV: Removal of points that deviate more than 20% from local average. Interpolation with cubic splines.",dividing the data into 50% overlapping segments (120s feature window),window,no,no,yes,,14.51,converted EER,85.49,0.8549,,0.8549,1.7735613431420458,included,,included; accuracy missing and EER is a valid percentage,,,no reported uncertainty,,,,0,,,0,0,No parenthesized uncertainty was reported in the selected accuracy/EER field.
330_Apple-watch-LR-ACC,253,330,Apple watch LR:ACC,ECG,330|Apple watch LR:ACC,LR,Other algorithm,L2-penalty of 0.5,5,one condition,Apple watch,514 Hz,similar to Lead I,5-30 min,5-30 min,1,0,0,0,0,0,0,0,wrist,,1 HB,~1 min,LOO-CV,no intruders,89.57%,14.67%,,87.31%,50 autocorrelation coefficients (ACCs) extracted from rectangular windows of length 400 ms centered around the R-Peak,handcrafted,medium,no,"FIR bandpass filter (5 Hz-25 Hz), signal marker identification (such as R Peaks and Q-Wave Onsets)","segmentation based on R peaks and Q-Wave onset into 1,374 cardiac cycles",beat,no,no,yes,89.57,14.67,direct accuracy,89.57,0.8956999999999999,,0.8956999999999999,2.1503341734744224,included,,included,,,no reported uncertainty,,,,0,,,0,0,No parenthesized uncertainty was reported in the selected accuracy/EER field.
330_Apple-watch-LR-MFCC,254,330,Apple watch LR:MFCC,ECG,330|Apple watch LR:MFCC,LR,Other algorithm,L2-penalty of 0.5,5,one condition,Apple watch,514 Hz,similar to Lead I,5-30 min,5-30 min,1,0,0,0,0,0,0,0,wrist,,1 HB,~1 min,LOO-CV,no intruders,93.82%,7.86%,,95.33%,20 features of Mel-Frequency Cepstral Coefficients (MFCCs) extracted from rectangular windows of length 400 ms centered around the R-Peak,handcrafted,medium,no,"FIR bandpass filter (5 Hz-25 Hz), signal marker identification (such as R Peaks and Q-Wave Onsets)","segmentation based on R peaks and Q-Wave onset into 1,374 cardiac cycles",beat,no,no,yes,93.82,7.86,direct accuracy,93.82,0.9381999999999999,,0.9381999999999999,2.7200597814307113,included,,included,,,no reported uncertainty,,,,0,,,0,0,No parenthesized uncertainty was reported in the selected accuracy/EER field.
330_Apple-watch-LR-QRS,255,330,Apple watch LR:QRS,ECG,330|Apple watch LR:QRS,LR,Other algorithm,L2-penalty of 0.5,5,one condition,Apple watch,514 Hz,similar to Lead I,5-30 min,5-30 min,1,0,0,0,0,0,0,0,wrist,,1 HB,~1 min,LOO-CV,no intruders,98.13%,2.77%,,99.21%,"QRS features: window size of 200-ms, enclosing only the Q, R, and S waves, while excluding the P and T peaks.",handcrafted,,no,"FIR bandpass filter (5 Hz-25 Hz), signal marker identification (such as R Peaks and Q-Wave Onsets)","segmentation based on R peaks and Q-Wave onset into 1,374 cardiac cycles",beat,no,no,yes,98.13,2.77,direct accuracy,98.13,0.9813,,0.9813,3.960354699351904,included,,included,,,no reported uncertainty,,,,0,,,0,0,No parenthesized uncertainty was reported in the selected accuracy/EER field.
330_Apple-watch-LDA-ACC,256,330,Apple watch LDA:ACC,ECG,330|Apple watch LDA:ACC,LDA,Other algorithm,symmetric loss function,5,one condition,Apple watch,514 Hz,similar to Lead I,5-30 min,5-30 min,1,0,0,0,0,0,0,0,wrist,,1 HB,~1 min,LOO-CV,no intruders,94.65%,8.71%,,92.95%,50 autocorrelation coefficients (ACCs) extracted from rectangular windows of length 400 ms centered around the R-Peak,handcrafted,medium,no,"FIR bandpass filter (5 Hz-25 Hz), signal marker identification (such as R Peaks and Q-Wave Onsets)","segmentation based on R peaks and Q-Wave onset into 1,374 cardiac cycles",beat,no,no,yes,94.65,8.71,direct accuracy,94.65,0.9465,,0.9465,2.873089316747417,included,,included,,,no reported uncertainty,,,,0,,,0,0,No parenthesized uncertainty was reported in the selected accuracy/EER field.
330_Apple-watch-LDA-MFCC,257,330,Apple watch LDA:MFCC,ECG,330|Apple watch LDA:MFCC,LDA,Other algorithm,symmetric loss function,5,one condition,Apple watch,514 Hz,similar to Lead I,5-30 min,5-30 min,1,0,0,0,0,0,0,0,wrist,,1 HB,~1 min,LOO-CV,no intruders,92.90%,8.6%,,95.30%,20 features of Mel-Frequency Cepstral Coefficients (MFCCs) extracted from rectangular windows of length 400 ms centered around the R-Peak,handcrafted,medium,no,"FIR bandpass filter (5 Hz-25 Hz), signal marker identification (such as R Peaks and Q-Wave Onsets)","segmentation based on R peaks and Q-Wave onset into 1,374 cardiac cycles",beat,no,no,yes,92.9,8.6,direct accuracy,92.9,0.929,,0.929,2.571428861772524,included,,included,,,no reported uncertainty,,,,0,,,0,0,No parenthesized uncertainty was reported in the selected accuracy/EER field.
330_Apple-watch-LDA-QRS,258,330,Apple watch LDA:QRS,ECG,330|Apple watch LDA:QRS,LDA,Other algorithm,symmetric loss function,5,one condition,Apple watch,514 Hz,similar to Lead I,5-30 min,5-30 min,1,0,0,0,0,0,0,0,wrist,,1 HB,~1 min,LOO-CV,no intruders,97.57%,3.21%,,99.17%,"QRS features: window size of 200-ms, enclosing only the Q, R, and S waves, while excluding the P and T peaks.",handcrafted,,no,"FIR bandpass filter (5 Hz-25 Hz), signal marker identification (such as R Peaks and Q-Wave Onsets)","segmentation based on R peaks and Q-Wave onset into 1,374 cardiac cycles",beat,no,no,yes,97.57,3.21,direct accuracy,97.57,0.9756999999999999,,0.9756999999999999,3.692678811767397,included,,included,,,no reported uncertainty,,,,0,,,0,0,No parenthesized uncertainty was reported in the selected accuracy/EER field.
330_Apple-watch-SVM-ACC,259,330,Apple watch SVM:ACC,ECG,330|Apple watch SVM:ACC,SVM,kernel,"L2-penalty of 0.5, linear kernel",5,one condition,Apple watch,514 Hz,similar to Lead I,5-30 min,5-30 min,1,0,0,0,0,0,0,0,wrist,,1 HB,~1 min,LOO-CV,no intruders,92.82%,12.12%,,90.8%,50 autocorrelation coefficients (ACCs) extracted from rectangular windows of length 400 ms centered around the R-Peak,handcrafted,medium,no,"FIR bandpass filter (5 Hz-25 Hz), signal marker identification (such as R Peaks and Q-Wave Onsets)","segmentation based on R peaks and Q-Wave onset into 1,374 cardiac cycles",beat,no,no,yes,92.82,12.12,direct accuracy,92.82,0.9281999999999999,,0.9281999999999999,2.5593627507528955,included,,included,,,no reported uncertainty,,,,0,,,0,0,No parenthesized uncertainty was reported in the selected accuracy/EER field.
330_Apple-watch-SVM-MFCC,260,330,Apple watch SVM:MFCC,ECG,330|Apple watch SVM:MFCC,SVM,kernel,"L2-penalty of 0.5, linear kernel",5,one condition,Apple watch,514 Hz,similar to Lead I,5-30 min,5-30 min,1,0,0,0,0,0,0,0,wrist,,1 HB,~1 min,LOO-CV,no intruders,87.30%,15.21%,,94.56%,20 features of Mel-Frequency Cepstral Coefficients (MFCCs) extracted from rectangular windows of length 400 ms centered around the R-Peak,handcrafted,medium,no,"FIR bandpass filter (5 Hz-25 Hz), signal marker identification (such as R Peaks and Q-Wave Onsets)","segmentation based on R peaks and Q-Wave onset into 1,374 cardiac cycles",beat,no,no,yes,87.3,15.21,direct accuracy,87.3,0.873,,0.873,1.927748469381011,included,,included,,,no reported uncertainty,,,,0,,,0,0,No parenthesized uncertainty was reported in the selected accuracy/EER field.
330_Apple-watch-SVM-QRS,261,330,Apple watch SVM:QRS,ECG,330|Apple watch SVM:QRS,SVM,kernel,"L2-penalty of 0.5, linear kernel",5,one condition,Apple watch,514 Hz,similar to Lead I,5-30 min,5-30 min,1,0,0,0,0,0,0,0,wrist,,1 HB,~1 min,LOO-CV,no intruders,90.94,10.34%,,95.88%,"QRS features: window size of 200-ms, enclosing only the Q, R, and S waves, while excluding the P and T peaks.",handcrafted,,no,"FIR bandpass filter (5 Hz-25 Hz), signal marker identification (such as R Peaks and Q-Wave Onsets)","segmentation based on R peaks and Q-Wave onset into 1,374 cardiac cycles",beat,no,no,yes,90.94,10.34,direct accuracy,90.94,0.9094,,0.9094,2.3063308283419763,included,,included,,,no reported uncertainty,,,,0,,,0,0,No parenthesized uncertainty was reported in the selected accuracy/EER field.
330_Apple-watch-RBF-SVM-ACC,262,330,Apple watch RBF-SVM:ACC,ECG,330|Apple watch RBF-SVM:ACC,SVM,kernel,"L2-penalty of 0.5, RBF",5,one condition,Apple watch,514 Hz,similar to Lead I,5-30 min,5-30 min,1,0,0,0,0,0,0,0,wrist,,1 HB,~1 min,LOO-CV,no intruders,90.07,12.46%,,90.33%,50 autocorrelation coefficients (ACCs) extracted from rectangular windows of length 400 ms centered around the R-Peak,handcrafted,medium,no,"FIR bandpass filter (5 Hz-25 Hz), signal marker identification (such as R Peaks and Q-Wave Onsets)","segmentation based on R peaks and Q-Wave onset into 1,374 cardiac cycles",beat,no,no,yes,90.07,12.46,direct accuracy,90.07,0.9007,,0.9007,2.2050266677385695,included,,included,,,no reported uncertainty,,,,0,,,0,0,No parenthesized uncertainty was reported in the selected accuracy/EER field.
330_Apple-watch-RBF-SVM-MFCC,263,330,Apple watch RBF-SVM:MFCC,ECG,330|Apple watch RBF-SVM:MFCC,SVM,kernel,"L2-penalty of 0.5, RBF",5,one condition,Apple watch,514 Hz,similar to Lead I,5-30 min,5-30 min,1,0,0,0,0,0,0,0,wrist,,1 HB,~1 min,LOO-CV,no intruders,86.87,9.05%,,92.52%,20 features of Mel-Frequency Cepstral Coefficients (MFCCs) extracted from rectangular windows of length 400 ms centered around the R-Peak,handcrafted,medium,no,"FIR bandpass filter (5 Hz-25 Hz), signal marker identification (such as R Peaks and Q-Wave Onsets)","segmentation based on R peaks and Q-Wave onset into 1,374 cardiac cycles",beat,no,no,yes,86.87,9.05,direct accuracy,86.87,0.8687,,0.8687,1.8895130599571246,included,,included,,,no reported uncertainty,,,,0,,,0,0,No parenthesized uncertainty was reported in the selected accuracy/EER field.
330_Apple-watch-RBF-SVM-QRS,264,330,Apple watch RBF-SVM:QRS,ECG,330|Apple watch RBF-SVM:QRS,SVM,kernel,"L2-penalty of 0.5, RBF",5,one condition,Apple watch,514 Hz,similar to Lead I,5-30 min,5-30 min,1,0,0,0,0,0,0,0,wrist,,1 HB,~1 min,LOO-CV,no intruders,95.88%,3.9%,,98.42%,"QRS features: window size of 200-ms, enclosing only the Q, R, and S waves, while excluding the P and T peaks.",handcrafted,,no,"FIR bandpass filter (5 Hz-25 Hz), signal marker identification (such as R Peaks and Q-Wave Onsets)","segmentation based on R peaks and Q-Wave onset into 1,374 cardiac cycles",beat,no,no,yes,95.88,3.9,direct accuracy,95.88,0.9588,,0.9588,3.1472442462047483,included,,included,,,no reported uncertainty,,,,0,,,0,0,No parenthesized uncertainty was reported in the selected accuracy/EER field.
330_Apple-watch-KNN-ACC,265,330,Apple watch KNN:ACC,ECG,330|Apple watch KNN:ACC,kNN,Other algorithm,5-Nearest Neighbor,5,one condition,Apple watch,514 Hz,similar to Lead I,5-30 min,5-30 min,1,0,0,0,0,0,0,0,wrist,,1 HB,~1 min,LOO-CV,no intruders,94.01%,5.93%,,91.72%,50 autocorrelation coefficients (ACCs) extracted from rectangular windows of length 400 ms centered around the R-Peak,handcrafted,medium,no,"FIR bandpass filter (5 Hz-25 Hz), signal marker identification (such as R Peaks and Q-Wave Onsets)","segmentation based on R peaks and Q-Wave onset into 1,374 cardiac cycles",beat,no,no,yes,94.01,5.93,direct accuracy,94.01,0.9401,,0.9401,2.7533097474631023,included,,included,,,no reported uncertainty,,,,0,,,0,0,No parenthesized uncertainty was reported in the selected accuracy/EER field.
330_Apple-watch-KNN-MFCC,266,330,Apple watch KNN:MFCC,ECG,330|Apple watch KNN:MFCC,kNN,Other algorithm,5-Nearest Neighbor,5,one condition,Apple watch,514 Hz,similar to Lead I,5-30 min,5-30 min,1,0,0,0,0,0,0,0,wrist,,1 HB,~1 min,LOO-CV,no intruders,95.06%,5.4%,,95.34%,20 features of Mel-Frequency Cepstral Coefficients (MFCCs) extracted from rectangular windows of length 400 ms centered around the R-Peak,handcrafted,medium,no,"FIR bandpass filter (5 Hz-25 Hz), signal marker identification (such as R Peaks and Q-Wave Onsets)","segmentation based on R peaks and Q-Wave onset into 1,374 cardiac cycles",beat,no,no,yes,95.06,5.4,direct accuracy,95.06,0.9506,,0.9506,2.9571429399860323,included,,included,,,no reported uncertainty,,,,0,,,0,0,No parenthesized uncertainty was reported in the selected accuracy/EER field.
330_Apple-watch-KNN-QRS,267,330,Apple watch KNN:QRS,ECG,330|Apple watch KNN:QRS,kNN,Other algorithm,5-Nearest Neighbor,5,one condition,Apple watch,514 Hz,similar to Lead I,5-30 min,5-30 min,1,0,0,0,0,0,0,0,wrist,,1 HB,~1 min,LOO-CV,no intruders,99.2%,0.8%,,99.46%,"QRS features: window size of 200-ms, enclosing only the Q, R, and S waves, while excluding the P and T peaks.",handcrafted,,no,"FIR bandpass filter (5 Hz-25 Hz), signal marker identification (such as R Peaks and Q-Wave Onsets)","segmentation based on R peaks and Q-Wave onset into 1,374 cardiac cycles",beat,no,no,yes,99.2,0.8,direct accuracy,99.2,0.992,,0.992,4.820281565605036,included,,included,,,no reported uncertainty,,,,0,,,0,0,No parenthesized uncertainty was reported in the selected accuracy/EER field.
330_Apple-watch-DT-ACC,268,330,Apple watch DT:ACC,ECG,330|Apple watch DT:ACC,DT,tree,"Gini index, min impurity 10e-7",5,one condition,Apple watch,514 Hz,similar to Lead I,5-30 min,5-30 min,1,0,0,0,0,0,0,0,wrist,,1 HB,~1 min,LOO-CV,no intruders,91.67%,5.19%,,82.14%,50 autocorrelation coefficients (ACCs) extracted from rectangular windows of length 400 ms centered around the R-Peak,handcrafted,medium,no,"FIR bandpass filter (5 Hz-25 Hz), signal marker identification (such as R Peaks and Q-Wave Onsets)","segmentation based on R peaks and Q-Wave onset into 1,374 cardiac cycles",beat,no,no,yes,91.67,5.19,direct accuracy,91.67,0.9167000000000001,,0.9167000000000001,2.3983317157949338,included,,included,,,no reported uncertainty,,,,0,,,0,0,No parenthesized uncertainty was reported in the selected accuracy/EER field.
330_Apple-watch-DT-MFCC,269,330,Apple watch DT:MFCC,ECG,330|Apple watch DT:MFCC,DT,tree,"Gini index, min impurity 10e-7",5,one condition,Apple watch,514 Hz,similar to Lead I,5-30 min,5-30 min,1,0,0,0,0,0,0,0,wrist,,1 HB,~1 min,LOO-CV,no intruders,94.41%,3.64%,,89.14%,20 features of Mel-Frequency Cepstral Coefficients (MFCCs) extracted from rectangular windows of length 400 ms centered around the R-Peak,handcrafted,medium,no,"FIR bandpass filter (5 Hz-25 Hz), signal marker identification (such as R Peaks and Q-Wave Onsets)","segmentation based on R peaks and Q-Wave onset into 1,374 cardiac cycles",beat,no,no,yes,94.41,3.64,direct accuracy,94.41,0.9440999999999999,,0.9440999999999999,2.8266677125774162,included,,included,,,no reported uncertainty,,,,0,,,0,0,No parenthesized uncertainty was reported in the selected accuracy/EER field.
330_Apple-watch-DT-QRS,270,330,Apple watch DT:QRS,ECG,330|Apple watch DT:QRS,DT,tree,"Gini index, min impurity 10e-7",5,one condition,Apple watch,514 Hz,similar to Lead I,5-30 min,5-30 min,1,0,0,0,0,0,0,0,wrist,,1 HB,~1 min,LOO-CV,no intruders,97.98%,1.17%,,96.40%,"QRS features: window size of 200-ms, enclosing only the Q, R, and S waves, while excluding the P and T peaks.",handcrafted,,no,"FIR bandpass filter (5 Hz-25 Hz), signal marker identification (such as R Peaks and Q-Wave Onsets)","segmentation based on R peaks and Q-Wave onset into 1,374 cardiac cycles",beat,no,no,yes,97.98,1.17,direct accuracy,97.98,0.9798,,0.9798,3.8816658647973155,included,,included,,,no reported uncertainty,,,,0,,,0,0,No parenthesized uncertainty was reported in the selected accuracy/EER field.
330_Apple-watch-RF-ACC,271,330,Apple watch RF:ACC,ECG,330|Apple watch RF:ACC,RF,tree,100 trees,5,one condition,Apple watch,514 Hz,similar to Lead I,5-30 min,5-30 min,1,0,0,0,0,0,0,0,wrist,,1 HB,~1 min,LOO-CV,no intruders,94.34%,8.19%,,94.79%,50 autocorrelation coefficients (ACCs) extracted from rectangular windows of length 400 ms centered around the R-Peak,handcrafted,medium,no,"FIR bandpass filter (5 Hz-25 Hz), signal marker identification (such as R Peaks and Q-Wave Onsets)","segmentation based on R peaks and Q-Wave onset into 1,374 cardiac cycles",beat,no,no,yes,94.34,8.19,direct accuracy,94.34,0.9434,,0.9434,2.8134813856410243,included,,included,,,no reported uncertainty,,,,0,,,0,0,No parenthesized uncertainty was reported in the selected accuracy/EER field.
330_Apple-watch-RF-MFCC,272,330,Apple watch RF:MFCC,ECG,330|Apple watch RF:MFCC,RF,tree,100 trees,5,one condition,Apple watch,514 Hz,similar to Lead I,5-30 min,5-30 min,1,0,0,0,0,0,0,0,wrist,,1 HB,~1 min,LOO-CV,no intruders,96.41%,5.37%,,97.53%,20 features of Mel-Frequency Cepstral Coefficients (MFCCs) extracted from rectangular windows of length 400 ms centered around the R-Peak,handcrafted,medium,no,"FIR bandpass filter (5 Hz-25 Hz), signal marker identification (such as R Peaks and Q-Wave Onsets)","segmentation based on R peaks and Q-Wave onset into 1,374 cardiac cycles",beat,no,no,yes,96.41,5.37,direct accuracy,96.41,0.9641,,0.9641,3.2904577281761003,included,,included,,,no reported uncertainty,,,,0,,,0,0,No parenthesized uncertainty was reported in the selected accuracy/EER field.
330_Apple-watch-RF-QRS,273,330,Apple watch RF:QRS,ECG,330|Apple watch RF:QRS,RF,tree,100 trees,5,one condition,Apple watch,514 Hz,similar to Lead I,5-30 min,5-30 min,1,0,0,0,0,0,0,0,wrist,,1 HB,~1 min,LOO-CV,no intruders,99.17%,1.12%,,99.92%,"QRS features: window size of 200-ms, enclosing only the Q, R, and S waves, while excluding the P and T peaks.",handcrafted,,no,"FIR bandpass filter (5 Hz-25 Hz), signal marker identification (such as R Peaks and Q-Wave Onsets)","segmentation based on R peaks and Q-Wave onset into 1,374 cardiac cycles",beat,no,no,yes,99.17,1.12,direct accuracy,99.17,0.9917,,0.9917,4.78316512738953,included,,included,,,no reported uncertainty,,,,0,,,0,0,No parenthesized uncertainty was reported in the selected accuracy/EER field.
401_S1-in-sample-30HB-s80,274,401,S1 in-sample 30HB s80,PPG,401|S1 in-sample 30HB s80,TCM/CNN+LSTM/CRNN,dl_temp,"temporal convolutional network (TCN) single wave encoder and LSTM multi wave encoder, then template matching via cosine similarity",66,one condition,Huawei Watch G2,100hz,not reported,5-30 min,5-30 min,0,0,1,0,0,0,0,0,wrist,medium (multiple days),30HB,~110 min,8-fold CV over sessions within users,no intruders,92.1%,,,,"single wave features for each PPG period by the temporal convolutional network (TCN), temporal relationships with LSTM",deep,,no,"Remove PPG with large MA, 0.5-5hz bandpass filter,","waveform segmentation, padding waves to the same length (30 HB)",none,0-1 normalization,yes,yes,92.1,,direct accuracy,92.1,0.9209999999999999,,0.9209999999999999,2.4560121837882845,included,,included,,,no reported uncertainty,,,,0,,,0,0,No parenthesized uncertainty was reported in the selected accuracy/EER field.
401_S1-out-of-sample-30HB-s80,275,401,S1 out-of-sample 30HB s80,PPG,401|S1 out-of-sample 30HB s80,TCM/CNN+LSTM/CRNN,dl_temp,"temporal convolutional network (TCN) single wave encoder and LSTM multi wave encoder, then template matching via cosine similarity",66,one condition,Huawei Watch G2,100hz,not reported,5-30 min,5-30 min,0,0,1,0,0,0,0,0,wrist,medium (multiple days),30HB,~110 min,8-fold CV over sessions within users,6 intruders,88.3%,,,,"single wave features for each PPG period by the temporal convolutional network (TCN), temporal relationships with LSTM",deep,,no,"Remove PPG with large MA, 0.5-5hz bandpass filter,","waveform segmentation, padding waves to the same length (30 HB",none,0-1 normalization,yes,yes,88.3,,direct accuracy,88.3,0.883,,0.883,2.021151265806204,included,,included,,,no reported uncertainty,,,,0,,,0,0,No parenthesized uncertainty was reported in the selected accuracy/EER field.
401_S1-in-sample-1HB,279,401,S1 in-sample 1HB,PPG,401|S1 in-sample 1HB,TCM/CNN+LSTM/CRNN,dl_temp,"temporal convolutional network (TCN) single wave encoder and LSTM multi wave encoder, then template matching via cosine similarity",66,one condition,Huawei Watch G2,100hz,not reported,5-30 min,5-30 min,0,0,1,0,0,0,0,0,wrist,medium (multiple days),1 HB,~110 min,8-fold CV over sessions within users,no intruders,87.3%,,,,"single wave features for each PPG period by the temporal convolutional network (TCN), temporal relationships with LSTM",deep,,no,"Remove PPG with large MA, 0.5-5hz bandpass filter,","waveform segmentation, padding waves to the same length (1 HB)",none,0-1 normalization,yes,yes,87.3,,direct accuracy,87.3,0.873,,0.873,1.927748469381011,included,,included,,,no reported uncertainty,,,,0,,,0,0,No parenthesized uncertainty was reported in the selected accuracy/EER field.
401_S1-out-of-sample-30HB-s20,280,401,S1 out-of-sample 30HB s20,PPG,401|S1 out-of-sample 30HB s20,TCM/CNN+LSTM/CRNN,dl_temp,"temporal convolutional network (TCN) single wave encoder and LSTM multi wave encoder, then template matching via cosine similarity",66,one condition,Huawei Watch G2,100hz,not reported,5-30 min,5-30 min,0,0,1,0,0,0,0,0,wrist,medium (multiple days),30HB,~110 min,8-fold CV over sessions within users,6 intruders,80.4%,,,,"single wave features for each PPG period by the temporal convolutional network (TCN), temporal relationships with LSTM",deep,,no,"Remove PPG with large MA, 0.5-5hz bandpass filter,","waveform segmentation, padding waves to the same length (30 HB)",none,0-1 normalization,yes,yes,80.4,,direct accuracy,80.4,0.804,,0.804,1.4114846099484495,included,,included,,,no reported uncertainty,,,,0,,,0,0,No parenthesized uncertainty was reported in the selected accuracy/EER field.
401_S1-in-sample-30HB-s20,283,401,S1 in-sample 30HB s20,PPG,401|S1 in-sample 30HB s20,TCM/CNN+LSTM/CRNN,dl_temp,"temporal convolutional network (TCN) single wave encoder and LSTM multi wave encoder, then template matching via cosine similarity",66,one condition,Huawei Watch G2,100hz,not reported,5-30 min,5-30 min,0,0,1,0,0,0,0,0,wrist,medium (multiple days),30HB,~110 min,8-fold CV over sessions within users,no intruders,82.1%,,,,"single wave features for each PPG period by the temporal convolutional network (TCN), temporal relationships with LSTM",deep,,no,"Remove PPG with large MA, 0.5-5hz bandpass filter,","waveform segmentation, padding waves to the same length (30 HB)",none,0-1 normalization,yes,yes,82.1,,direct accuracy,82.1,0.821,,0.821,1.5231373036116729,included,,included,,,no reported uncertainty,,,,0,,,0,0,No parenthesized uncertainty was reported in the selected accuracy/EER field.
401_S1-in-sample-s80-30HB-low-HR,284,401,S1 in-sample s80 30HB low-HR,PPG,401|S1 in-sample s80 30HB low-HR,TCM/CNN+LSTM/CRNN,dl_temp,"temporal convolutional network (TCN) single wave encoder and LSTM multi wave encoder, then template matching via cosine similarity",66,one condition,Huawei Watch G2,100hz,not reported,5-30 min,5-30 min,0,0,1,0,0,0,0,0,wrist,medium (multiple days),30HB,~110 min,8-fold CV over sessions within users,no intruders,76.3%,,,,"single wave features for each PPG period by the temporal convolutional network (TCN), temporal relationships with LSTM",deep,,no,"Remove PPG with large MA, 0.5-5hz bandpass filter,","waveform segmentation, padding waves to the same length (30 HB)",none,0-1 normalization,yes,yes,76.3,,direct accuracy,76.3,0.763,,0.763,1.1691978901493258,included,,included,,,no reported uncertainty,,,,0,,,0,0,No parenthesized uncertainty was reported in the selected accuracy/EER field.
401_S1-in-sample-s80-30HB-mid-HR,285,401,S1 in-sample s80 30HB mid-HR,PPG,401|S1 in-sample s80 30HB mid-HR,TCM/CNN+LSTM/CRNN,dl_temp,"temporal convolutional network (TCN) single wave encoder and LSTM multi wave encoder, then template matching via cosine similarity",66,one condition,Huawei Watch G2,100hz,not reported,5-30 min,5-30 min,0,0,1,0,0,0,0,0,wrist,medium (multiple days),30HB,~110 min,8-fold CV over sessions within users,no intruders,72.6%,,,,"single wave features for each PPG period by the temporal convolutional network (TCN), temporal relationships with LSTM",deep,,no,"Remove PPG with large MA, 0.5-5hz bandpass filter,","waveform segmentation, padding waves to the same length (30 HB)",none,0-1 normalization,yes,yes,72.6,,direct accuracy,72.6,0.726,,0.726,0.9744219084367257,included,,included,,,no reported uncertainty,,,,0,,,0,0,No parenthesized uncertainty was reported in the selected accuracy/EER field.
401_S1-in-sample-s80-30HB-high-HR,286,401,S1 in-sample s80 30HB high-HR,PPG,401|S1 in-sample s80 30HB high-HR,TCM/CNN+LSTM/CRNN,dl_temp,"temporal convolutional network (TCN) single wave encoder and LSTM multi wave encoder, then template matching via cosine similarity",66,one condition,Huawei Watch G2,100hz,not reported,5-30 min,5-30 min,0,0,1,0,0,0,0,0,wrist,medium (multiple days),30HB,~110 min,8-fold CV over sessions within users,no intruders,67.4%,,,,"single wave features for each PPG period by the temporal convolutional network (TCN), temporal relationships with LSTM",deep,,no,"Remove PPG with large MA, 0.5-5hz bandpass filter,","waveform segmentation, padding waves to the same length (30 HB)",none,0-1 normalization,yes,yes,67.4,,direct accuracy,67.4,0.674,,0.674,0.7263327295455997,included,,included,,,no reported uncertainty,,,,0,,,0,0,No parenthesized uncertainty was reported in the selected accuracy/EER field.
401_S1-out-of-sample-s80-30HB-low-HR,287,401,S1 out-of-sample s80 30HB low-HR,PPG,401|S1 out-of-sample s80 30HB low-HR,TCM/CNN+LSTM/CRNN,dl_temp,"temporal convolutional network (TCN) single wave encoder and LSTM multi wave encoder, then template matching via cosine similarity",66,one condition,Huawei Watch G2,100hz,not reported,5-30 min,5-30 min,0,0,1,0,0,0,0,0,wrist,medium (multiple days),30HB,~110 min,8-fold CV over sessions within users,6 intruders,76.6%,,,,"single wave features for each PPG period by the temporal convolutional network (TCN), temporal relationships with LSTM",deep,,no,"Remove PPG with large MA, 0.5-5hz bandpass filter,","waveform segmentation, padding waves to the same length (30 HB)",none,0-1 normalization,yes,yes,76.6,,direct accuracy,76.6,0.7659999999999999,,0.7659999999999999,1.1858610543828894,included,,included,,,no reported uncertainty,,,,0,,,0,0,No parenthesized uncertainty was reported in the selected accuracy/EER field.
401_S1-out-of-sample-s80-30HB-mid-HR,288,401,S1 out-of-sample s80 30HB mid-HR,PPG,401|S1 out-of-sample s80 30HB mid-HR,TCM/CNN+LSTM/CRNN,dl_temp,"temporal convolutional network (TCN) single wave encoder and LSTM multi wave encoder, then template matching via cosine similarity",66,one condition,Huawei Watch G2,100hz,not reported,5-30 min,5-30 min,0,0,1,0,0,0,0,0,wrist,medium (multiple days),30HB,~110 min,8-fold CV over sessions within users,6 intruders,72.7%,,,,"single wave features for each PPG period by the temporal convolutional network (TCN), temporal relationships with LSTM",deep,,no,"Remove PPG with large MA, 0.5-5hz bandpass filter,","waveform segmentation, padding waves to the same length (30 HB)",none,0-1 normalization,yes,yes,72.7,,direct accuracy,72.7,0.727,,0.727,0.9794546823485596,included,,included,,,no reported uncertainty,,,,0,,,0,0,No parenthesized uncertainty was reported in the selected accuracy/EER field.
401_S1-out-of-sample-s80-30HB-high-HR,289,401,S1 out-of-sample s80 30HB high-HR,PPG,401|S1 out-of-sample s80 30HB high-HR,TCM/CNN+LSTM/CRNN,dl_temp,"temporal convolutional network (TCN) single wave encoder and LSTM multi wave encoder, then template matching via cosine similarity",66,one condition,Huawei Watch G2,100hz,not reported,5-30 min,5-30 min,0,0,1,0,0,0,0,0,wrist,medium (multiple days),30HB,~110 min,8-fold CV over sessions within users,6 intruders,73.6%,,,,"single wave features for each PPG period by the temporal convolutional network (TCN), temporal relationships with LSTM",deep,,no,"Remove PPG with large MA, 0.5-5hz bandpass filter,","waveform segmentation, padding waves to the same length (30 HB)",none,0-1 normalization,yes,yes,73.6,,direct accuracy,73.6,0.736,,0.736,1.02528101558256,included,,included,,,no reported uncertainty,,,,0,,,0,0,No parenthesized uncertainty was reported in the selected accuracy/EER field.
401_S2-in-sample-s80-30HB-low-low,290,401,S2 in-sample s80 30HB low-low,PPG,401|S2 in-sample s80 30HB low-low,TCM/CNN+LSTM/CRNN,dl_temp,"temporal convolutional network (TCN) single wave encoder and LSTM multi wave encoder, then template matching via cosine similarity",89,multiple conditions,Huawei Watch G2,100hz,not reported,over 120 min,over 120 min,0,0,1,0,0,0,0,0,wrist,medium (multiple days),30HB,~130 min,8-fold CV over sessions within users,no intruders,91.4%,,,,"single wave features for each PPG period by the temporal convolutional network (TCN), temporal relationships with LSTM",deep,,no,"Remove PPG with large MA, 0.5-5hz bandpass filter,","waveform segmentation, padding waves to the same length (30 HB)",none,0-1 normalization,yes,yes,91.4,,direct accuracy,91.4,0.914,,0.914,2.3634832752006427,included,,included,,,no reported uncertainty,,,,0,,,0,0,No parenthesized uncertainty was reported in the selected accuracy/EER field.
401_S2-in-sample-s80-30HB-low-mid,291,401,S2 in-sample s80 30HB low-mid,PPG,401|S2 in-sample s80 30HB low-mid,TCM/CNN+LSTM/CRNN,dl_temp,"temporal convolutional network (TCN) single wave encoder and LSTM multi wave encoder, then template matching via cosine similarity",89,multiple conditions,Huawei Watch G2,100hz,not reported,over 120 min,over 120 min,0,0,1,0,0,0,0,0,wrist,medium (multiple days),30HB,~130 min,8-fold CV over sessions within users,no intruders,65.6%,,,,"single wave features for each PPG period by the temporal convolutional network (TCN), temporal relationships with LSTM",deep,,no,"Remove PPG with large MA, 0.5-5hz bandpass filter,","waveform segmentation, padding waves to the same length (30 HB)",none,0-1 normalization,yes,yes,65.6,,direct accuracy,65.6,0.6559999999999999,,0.6559999999999999,0.6455191315706904,included,,included,,,no reported uncertainty,,,,0,,,0,0,No parenthesized uncertainty was reported in the selected accuracy/EER field.
401_S2-in-sample-s80-30HB-low-high,292,401,S2 in-sample s80 30HB low-high,PPG,401|S2 in-sample s80 30HB low-high,TCM/CNN+LSTM/CRNN,dl_temp,"temporal convolutional network (TCN) single wave encoder and LSTM multi wave encoder, then template matching via cosine similarity",89,multiple conditions,Huawei Watch G2,100hz,not reported,over 120 min,over 120 min,0,0,1,0,0,0,0,0,wrist,medium (multiple days),30HB,~130 min,8-fold CV over sessions within users,no intruders,62.7%,,,,"single wave features for each PPG period by the temporal convolutional network (TCN), temporal relationships with LSTM",deep,,no,"Remove PPG with large MA, 0.5-5hz bandpass filter,","waveform segmentation, padding waves to the same length (30 HB)",none,0-1 normalization,yes,yes,62.7,,direct accuracy,62.7,0.627,,0.627,0.5193681209891051,included,,included,,,no reported uncertainty,,,,0,,,0,0,No parenthesized uncertainty was reported in the selected accuracy/EER field.
401_S2-in-sample-s80-30HB-mid-low,293,401,S2 in-sample s80 30HB mid-low,PPG,401|S2 in-sample s80 30HB mid-low,TCM/CNN+LSTM/CRNN,dl_temp,"temporal convolutional network (TCN) single wave encoder and LSTM multi wave encoder, then template matching via cosine similarity",89,multiple conditions,Huawei Watch G2,100hz,not reported,over 120 min,over 120 min,0,0,1,0,0,0,0,0,wrist,medium (multiple days),30HB,~130 min,8-fold CV over sessions within users,no intruders,87.0%,,,,"single wave features for each PPG period by the temporal convolutional network (TCN), temporal relationships with LSTM",deep,,no,"Remove PPG with large MA, 0.5-5hz bandpass filter,","waveform segmentation, padding waves to the same length (30 HB)",none,0-1 normalization,yes,yes,87,,direct accuracy,87,0.87,,0.87,1.900958761193047,included,,included,,,no reported uncertainty,,,,0,,,0,0,No parenthesized uncertainty was reported in the selected accuracy/EER field.
401_S2-in-sample-s80-30HB-mid-mid,294,401,S2 in-sample s80 30HB mid-mid,PPG,401|S2 in-sample s80 30HB mid-mid,TCM/CNN+LSTM/CRNN,dl_temp,"temporal convolutional network (TCN) single wave encoder and LSTM multi wave encoder, then template matching via cosine similarity",89,multiple conditions,Huawei Watch G2,100hz,not reported,over 120 min,over 120 min,0,0,1,0,0,0,0,0,wrist,medium (multiple days),30HB,~130 min,8-fold CV over sessions within users,no intruders,89.3%,,,,"single wave features for each PPG period by the temporal convolutional network (TCN), temporal relationships with LSTM",deep,,no,"Remove PPG with large MA, 0.5-5hz bandpass filter,","waveform segmentation, padding waves to the same length (30 HB)",none,0-1 normalization,yes,yes,89.3,,direct accuracy,89.3,0.893,,0.893,2.121757746414593,included,,included,,,no reported uncertainty,,,,0,,,0,0,No parenthesized uncertainty was reported in the selected accuracy/EER field.
401_S2-in-sample-s80-30HB-mid-high,295,401,S2 in-sample s80 30HB mid-high,PPG,401|S2 in-sample s80 30HB mid-high,TCM/CNN+LSTM/CRNN,dl_temp,"temporal convolutional network (TCN) single wave encoder and LSTM multi wave encoder, then template matching via cosine similarity",89,multiple conditions,Huawei Watch G2,100hz,not reported,over 120 min,over 120 min,0,0,1,0,0,0,0,0,wrist,medium (multiple days),30HB,~130 min,8-fold CV over sessions within users,no intruders,71.1%,,,,"single wave features for each PPG period by the temporal convolutional network (TCN), temporal relationships with LSTM",deep,,no,"Remove PPG with large MA, 0.5-5hz bandpass filter,","waveform segmentation, padding waves to the same length (30 HB)",none,0-1 normalization,yes,yes,71.1,,direct accuracy,71.1,0.711,,0.711,0.9002457416908086,included,,included,,,no reported uncertainty,,,,0,,,0,0,No parenthesized uncertainty was reported in the selected accuracy/EER field.
401_S2-in-sample-s80-30HB-high-low,296,401,S2 in-sample s80 30HB high-low,PPG,401|S2 in-sample s80 30HB high-low,TCM/CNN+LSTM/CRNN,dl_temp,"temporal convolutional network (TCN) single wave encoder and LSTM multi wave encoder, then template matching via cosine similarity",89,multiple conditions,Huawei Watch G2,100hz,not reported,over 120 min,over 120 min,0,0,1,0,0,0,0,0,wrist,medium (multiple days),30HB,~130 min,8-fold CV over sessions within users,no intruders,80.1%,,,,"single wave features for each PPG period by the temporal convolutional network (TCN), temporal relationships with LSTM",deep,,no,"Remove PPG with large MA, 0.5-5hz bandpass filter,","waveform segmentation, padding waves to the same length (30 HB)",none,0-1 normalization,yes,yes,80.1,,direct accuracy,80.1,0.8009999999999999,,0.8009999999999999,1.3925561223438665,included,,included,,,no reported uncertainty,,,,0,,,0,0,No parenthesized uncertainty was reported in the selected accuracy/EER field.
401_S2-in-sample-s80-30HB-high-mid,297,401,S2 in-sample s80 30HB high-mid,PPG,401|S2 in-sample s80 30HB high-mid,TCM/CNN+LSTM/CRNN,dl_temp,"temporal convolutional network (TCN) single wave encoder and LSTM multi wave encoder, then template matching via cosine similarity",89,multiple conditions,Huawei Watch G2,100hz,not reported,over 120 min,over 120 min,0,0,1,0,0,0,0,0,wrist,medium (multiple days),30HB,~130 min,8-fold CV over sessions within users,no intruders,76.1%,,,,"single wave features for each PPG period by the temporal convolutional network (TCN), temporal relationships with LSTM",deep,,no,"Remove PPG with large MA, 0.5-5hz bandpass filter,","waveform segmentation, padding waves to the same length (30 HB)",none,0-1 normalization,yes,yes,76.1,,direct accuracy,76.1,0.7609999999999999,,0.7609999999999999,1.1581698059301746,included,,included,,,no reported uncertainty,,,,0,,,0,0,No parenthesized uncertainty was reported in the selected accuracy/EER field.
401_S2-in-sample-s80-30HB-high-high,298,401,S2 in-sample s80 30HB high-high,PPG,401|S2 in-sample s80 30HB high-high,TCM/CNN+LSTM/CRNN,dl_temp,"temporal convolutional network (TCN) single wave encoder and LSTM multi wave encoder, then template matching via cosine similarity",89,multiple conditions,Huawei Watch G2,100hz,not reported,over 120 min,over 120 min,0,0,1,0,0,0,0,0,wrist,medium (multiple days),30HB,~130 min,8-fold CV over sessions within users,no intruders,86.4%,,,,"single wave features for each PPG period by the temporal convolutional network (TCN), temporal relationships with LSTM",deep,,no,"Remove PPG with large MA, 0.5-5hz bandpass filter,","waveform segmentation, padding waves to the same length (30 HB)",none,0-1 normalization,yes,yes,86.4,,direct accuracy,86.4,0.8640000000000001,,0.8640000000000001,1.8489178830680046,included,,included,,,no reported uncertainty,,,,0,,,0,0,No parenthesized uncertainty was reported in the selected accuracy/EER field.
401_S2-out-of-sample-s80-30HB-low-low,299,401,S2 out-of-sample s80 30HB low-low,PPG,401|S2 out-of-sample s80 30HB low-low,TCM/CNN+LSTM/CRNN,dl_temp,"temporal convolutional network (TCN) single wave encoder and LSTM multi wave encoder, then template matching via cosine similarity",89,multiple conditions,Huawei Watch G2,100hz,not reported,over 120 min,over 120 min,0,0,1,0,0,0,0,0,wrist,medium (multiple days),30HB,~130 min,8-fold CV over sessions within users,6 intruders,89.2%,,,,"single wave features for each PPG period by the temporal convolutional network (TCN), temporal relationships with LSTM",deep,,no,"Remove PPG with large MA, 0.5-5hz bandpass filter,","waveform segmentation, padding waves to the same length (30 HB)",none,0-1 normalization,yes,yes,89.2,,direct accuracy,89.2,0.892,,0.892,2.1113349054557897,included,,included,,,no reported uncertainty,,,,0,,,0,0,No parenthesized uncertainty was reported in the selected accuracy/EER field.
401_S2-out-of-sample-s80-30HB-low-mid,300,401,S2 out-of-sample s80 30HB low-mid,PPG,401|S2 out-of-sample s80 30HB low-mid,TCM/CNN+LSTM/CRNN,dl_temp,"temporal convolutional network (TCN) single wave encoder and LSTM multi wave encoder, then template matching via cosine similarity",89,multiple conditions,Huawei Watch G2,100hz,not reported,over 120 min,over 120 min,0,0,1,0,0,0,0,0,wrist,medium (multiple days),30HB,~130 min,8-fold CV over sessions within users,6 intruders,65.9%,,,,"single wave features for each PPG period by the temporal convolutional network (TCN), temporal relationships with LSTM",deep,,no,"Remove PPG with large MA, 0.5-5hz bandpass filter,","waveform segmentation, padding waves to the same length (30 HB)",none,0-1 normalization,yes,yes,65.9,,direct accuracy,65.9,0.659,,0.659,0.6588410572189906,included,,included,,,no reported uncertainty,,,,0,,,0,0,No parenthesized uncertainty was reported in the selected accuracy/EER field.
401_S2-out-of-sample-s80-30HB-low-high,301,401,S2 out-of-sample s80 30HB low-high,PPG,401|S2 out-of-sample s80 30HB low-high,TCM/CNN+LSTM/CRNN,dl_temp,"temporal convolutional network (TCN) single wave encoder and LSTM multi wave encoder, then template matching via cosine similarity",89,multiple conditions,Huawei Watch G2,100hz,not reported,over 120 min,over 120 min,0,0,1,0,0,0,0,0,wrist,medium (multiple days),30HB,~130 min,8-fold CV over sessions within users,6 intruders,61.9%,,,,"single wave features for each PPG period by the temporal convolutional network (TCN), temporal relationships with LSTM",deep,,no,"Remove PPG with large MA, 0.5-5hz bandpass filter,","waveform segmentation, padding waves to the same length (30 HB)",none,0-1 normalization,yes,yes,61.9,,direct accuracy,61.9,0.619,,0.619,0.48530589755789505,included,,included,,,no reported uncertainty,,,,0,,,0,0,No parenthesized uncertainty was reported in the selected accuracy/EER field.
401_S2-out-of-sample-s80-30HB-mid-low,302,401,S2 out-of-sample s80 30HB mid-low,PPG,401|S2 out-of-sample s80 30HB mid-low,TCM/CNN+LSTM/CRNN,dl_temp,"temporal convolutional network (TCN) single wave encoder and LSTM multi wave encoder, then template matching via cosine similarity",89,multiple conditions,Huawei Watch G2,100hz,not reported,over 120 min,over 120 min,0,0,1,0,0,0,0,0,wrist,medium (multiple days),30HB,~130 min,8-fold CV over sessions within users,6 intruders,86.8%,,,,"single wave features for each PPG period by the temporal convolutional network (TCN), temporal relationships with LSTM",deep,,no,"Remove PPG with large MA, 0.5-5hz bandpass filter,","waveform segmentation, padding waves to the same length (30 HB)",none,0-1 normalization,yes,yes,86.8,,direct accuracy,86.8,0.868,,0.868,1.8833897920739793,included,,included,,,no reported uncertainty,,,,0,,,0,0,No parenthesized uncertainty was reported in the selected accuracy/EER field.
401_S2-out-of-sample-s80-30HB-mid-mid,303,401,S2 out-of-sample s80 30HB mid-mid,PPG,401|S2 out-of-sample s80 30HB mid-mid,TCM/CNN+LSTM/CRNN,dl_temp,"temporal convolutional network (TCN) single wave encoder and LSTM multi wave encoder, then template matching via cosine similarity",89,multiple conditions,Huawei Watch G2,100hz,not reported,over 120 min,over 120 min,0,0,1,0,0,0,0,0,wrist,medium (multiple days),30HB,~130 min,8-fold CV over sessions within users,6 intruders,86.7%,,,,"single wave features for each PPG period by the temporal convolutional network (TCN), temporal relationships with LSTM",deep,,no,"Remove PPG with large MA, 0.5-5hz bandpass filter,","waveform segmentation, padding waves to the same length (30 HB)",none,0-1 normalization,yes,yes,86.7,,direct accuracy,86.7,0.867,,0.867,1.8746898485587882,included,,included,,,no reported uncertainty,,,,0,,,0,0,No parenthesized uncertainty was reported in the selected accuracy/EER field.
401_S2-out-of-sample-s80-30HB-mid-high,304,401,S2 out-of-sample s80 30HB mid-high,PPG,401|S2 out-of-sample s80 30HB mid-high,TCM/CNN+LSTM/CRNN,dl_temp,"temporal convolutional network (TCN) single wave encoder and LSTM multi wave encoder, then template matching via cosine similarity",89,multiple conditions,Huawei Watch G2,100hz,not reported,over 120 min,over 120 min,0,0,1,0,0,0,0,0,wrist,medium (multiple days),30HB,~130 min,8-fold CV over sessions within users,6 intruders,71.8%,,,,"single wave features for each PPG period by the temporal convolutional network (TCN), temporal relationships with LSTM",deep,,no,"Remove PPG with large MA, 0.5-5hz bandpass filter,","waveform segmentation, padding waves to the same length (30 HB)",none,0-1 normalization,yes,yes,71.8,,direct accuracy,71.8,0.718,,0.718,0.9345624981101105,included,,included,,,no reported uncertainty,,,,0,,,0,0,No parenthesized uncertainty was reported in the selected accuracy/EER field.
401_S2-out-of-sample-s80-30HB-high-low,305,401,S2 out-of-sample s80 30HB high-low,PPG,401|S2 out-of-sample s80 30HB high-low,TCM/CNN+LSTM/CRNN,dl_temp,"temporal convolutional network (TCN) single wave encoder and LSTM multi wave encoder, then template matching via cosine similarity",89,multiple conditions,Huawei Watch G2,100hz,not reported,over 120 min,over 120 min,0,0,1,0,0,0,0,0,wrist,medium (multiple days),30HB,~130 min,8-fold CV over sessions within users,6 intruders,79.5%,,,,"single wave features for each PPG period by the temporal convolutional network (TCN), temporal relationships with LSTM",deep,,no,"Remove PPG with large MA, 0.5-5hz bandpass filter,","waveform segmentation, padding waves to the same length (30 HB)",none,0-1 normalization,yes,yes,79.5,,direct accuracy,79.5,0.795,,0.795,1.355332135515924,included,,included,,,no reported uncertainty,,,,0,,,0,0,No parenthesized uncertainty was reported in the selected accuracy/EER field.
401_S2-out-of-sample-s80-30HB-high-mid,306,401,S2 out-of-sample s80 30HB high-mid,PPG,401|S2 out-of-sample s80 30HB high-mid,TCM/CNN+LSTM/CRNN,dl_temp,"temporal convolutional network (TCN) single wave encoder and LSTM multi wave encoder, then template matching via cosine similarity",89,multiple conditions,Huawei Watch G2,100hz,not reported,over 120 min,over 120 min,0,0,1,0,0,0,0,0,wrist,medium (multiple days),30HB,~130 min,8-fold CV over sessions within users,6 intruders,76.2%,,,,"single wave features for each PPG period by the temporal convolutional network (TCN), temporal relationships with LSTM",deep,,no,"Remove PPG with large MA, 0.5-5hz bandpass filter,","waveform segmentation, padding waves to the same length (30 HB)",none,0-1 normalization,yes,yes,76.2,,direct accuracy,76.2,0.762,,0.762,1.1636758820151716,included,,included,,,no reported uncertainty,,,,0,,,0,0,No parenthesized uncertainty was reported in the selected accuracy/EER field.
401_S2-out-of-sample-s80-30HB-high-high,307,401,S2 out-of-sample s80 30HB high-high,PPG,401|S2 out-of-sample s80 30HB high-high,TCM/CNN+LSTM/CRNN,dl_temp,"temporal convolutional network (TCN) single wave encoder and LSTM multi wave encoder, then template matching via cosine similarity",89,multiple conditions,Huawei Watch G2,100hz,not reported,over 120 min,over 120 min,0,0,1,0,0,0,0,0,wrist,medium (multiple days),30HB,~130 min,8-fold CV over sessions within users,6 intruders,84.5%,,,,"single wave features for each PPG period by the temporal convolutional network (TCN), temporal relationships with LSTM",deep,,no,"Remove PPG with large MA, 0.5-5hz bandpass filter,","waveform segmentation, padding waves to the same length (30 HB)",none,0-1 normalization,yes,yes,84.5,,direct accuracy,84.5,0.845,,0.845,1.695911510437927,included,,included,,,no reported uncertainty,,,,0,,,0,0,No parenthesized uncertainty was reported in the selected accuracy/EER field.
61_L1HR-binary-SVM,308,61,L1HR binary SVM,PPG,61|L1HR binary SVM,SVM,kernel,binary SVM with RBF Kernel,10,,Fitbit Charge HR,not reported,one channel (green),,,0,0,1,0,0,0,0,0,wrist,,?,5 breathing events,6-fold CV within participants (5/6 breathing events),no intruders,67% (12),,0.63 (0.15),67% (12),"21 statistical features: mean, median, standard deviation, variance, coefcient of variance, range, coefficient of range, first quartile or 25th percentile, third quartile or 75th percentile, maximum, interquartile range, coefficient of interquartile, mean absolute deviation, median absolute deviation, energy, power, root mean square, root sum of squares, signal to noise ratio, skewness, and kurtosis",handcrafted,low,yes,"""cleaned""",10-sample windows with 50% overlap sliding window.,window,not reported,no,yes,67,,direct accuracy,67,0.67,,0.67,0.708185057924486,included,,included,accuracy,12,unclear reporting,10,,,0,0.03794733192202055,0.17162972375405045,1,1,Reported uncertainty has uncertain provenance; sensitivity analysis can treat it as SD/sqrt(10).
61_L3aHR-Resp-binary-SVM,309,61,L3aHR+Resp binary SVM,PPG+microphone,61|L3aHR+Resp binary SVM,SVM,kernel,binary SVM with RBF Kernel,10,,Fitbit Charge HR+Evistr Digital microphone Recorder,not reported+44.1 kHz,one channel (green),,,0,0,1,0,0,1,1,0,wrist,,?,5 breathing events,6-fold CV within participants (5/6 breathing events),no intruders,94% (3),,0.94 (0.04),94% (3),"HRV: 21 statistical features: mean, median, standard deviation, variance, coefcient of variance, range, coefficient of range, first quartile or 25th percentile, third quartile or 75th percentile, maximum, interquartile range, coefficient of interquartile, mean absolute deviation, median absolute deviation, energy, power, root mean square, root sum of squares, signal to noise ratio, skewness, and kurtosis; Resp: 182 features, 40 Mel-frequency cepstral coefficients (MFCCs), 13 Gammatone frequency cepstral coefcients (GFCCs), 13 Bark frequency cepstral coefcients (BFCCs), 13 Linear predictive coding (LPC), 13 Revised perceptual linear prediction coefcients (RPLP), 12 chromas, and six tonal features. 5 statistical features from each chroma feature and tonal feature.",handcrafted,low,yes,"""cleaned"", auditory clips augmented 102 ways",PPG: 10-sample windows with 50% overlap sliding window. Respiratory: 6 samples augmented 102 ways each,window,not reported,no,yes,94,,direct accuracy,94,0.94,,0.94,2.751535313041948,included,,included,accuracy,3,unclear reporting,10,,,0,0.009486832980505138,0.1682062585195945,1,1,Reported uncertainty has uncertain provenance; sensitivity analysis can treat it as SD/sqrt(10).
61_L1HR-unary-SVM,310,61,L1HR unary SVM,PPG,61|L1HR unary SVM,SVM,kernel,unary SVM with Polynomial Kernel,10,,Fitbit Charge HR,not reported,one channel (green),,,0,0,1,0,0,0,0,0,wrist,,?,5 breathing events,6-fold CV within participants (5/6 breathing events),no intruders,55% (5),,0.55 (0.07),,"21 statistical features: mean, median, standard deviation, variance, coefcient of variance, range, coefficient of range, first quartile or 25th percentile, third quartile or 75th percentile, maximum, interquartile range, coefficient of interquartile, mean absolute deviation, median absolute deviation, energy, power, root mean square, root sum of squares, signal to noise ratio, skewness, and kurtosis",handcrafted,low,no,"""cleaned""",10-sample windows with 50% overlap sliding window.,window,not reported,no,yes,55,,direct accuracy,55,0.55,,0.55,0.2006706954621514,included,,included,accuracy,5,unclear reporting,10,,,0,0.015811388300841896,0.06388439717511878,1,1,Reported uncertainty has uncertain provenance; sensitivity analysis can treat it as SD/sqrt(10).
61_L3aHR-Resp-unary-SVM,311,61,L3aHR+Resp unary SVM,PPG+microphone,61|L3aHR+Resp unary SVM,SVM,kernel,unary SVM with RBF Kernel,10,,Fitbit Charge HR+Evistr Digital microphone Recorder,not reported+44.1 kHz,one channel (green),,,0,0,1,0,0,1,1,0,wrist,,?,5 breathing events,6-fold CV within participants (5/6 breathing events),no intruders,78% (6),,0.76 (0.05),,"HRV: 21 statistical features: mean, median, standard deviation, variance, coefcient of variance, range, coefficient of range, first quartile or 25th percentile, third quartile or 75th percentile, maximum, interquartile range, coefficient of interquartile, mean absolute deviation, median absolute deviation, energy, power, root mean square, root sum of squares, signal to noise ratio, skewness, and kurtosis; Resp: 182 features, 40 Mel-frequency cepstral coefficients (MFCCs), 13 Gammatone frequency cepstral coefcients (GFCCs), 13 Bark frequency cepstral coefcients (BFCCs), 13 Linear predictive coding (LPC), 13 Revised perceptual linear prediction coefcients (RPLP), 12 chromas, and six tonal features. 5 statistical features from each chroma feature and tonal feature.",handcrafted,medium,no,"""cleaned"", auditory clips augmented 102 ways",PPG: 10-sample windows with 50% overlap sliding window. Respiratory: 6 samples augmented 102 ways each,window,not reported,no,yes,78,,direct accuracy,78,0.78,,0.78,1.265666373331276,included,,included,accuracy,6,unclear reporting,10,,,0,0.018973665961010275,0.11056914895693636,1,1,Reported uncertainty has uncertain provenance; sensitivity analysis can treat it as SD/sqrt(10).
495_S1,312,495,S1,ECG,495|S1,SVM,kernel,quadratic kernel / classification,11,everyday activities,Hexoskin Proshirt / HeartIn Fit shirt,"256 Hz, 512 Hz",3 & 2,5-30 min,5-30 min,1,0,0,0,0,0,0,0,chest/torso,low (one day),?,15 min,"10-fold CV, unclear whether within participants or not",no intruders,99.27%,,,,Extracted from PQRST complex,handcrafted,,no,"lowpass Butterworth Filter (30Hz); Fast Fourier Transform (FFT), inverse FFT returns the ECG signal to its original state in the time domain",20 points segmented around R-peaks,beat,"normalised, no further details",yes,yes,99.27,,direct accuracy,99.27,0.9926999999999999,,0.9926999999999999,4.9125541554413195,included,,included,,,no reported uncertainty,,,,0,,,0,0,No parenthesized uncertainty was reported in the selected accuracy/EER field.
495_S2,313,495,S2,ECG,495|S2,SVM,kernel,quadratic kernel / classification,11,everyday activities,Hexoskin Proshirt / HeartIn Fit shirt,"256 Hz, 512 Hz",3 & 2,30-120 min,30-120 min,1,0,0,0,0,0,0,0,chest/torso,high (> one week),?,13 min,"Train T1, Test T2",no intruders,93.59%,,,,Extracted from PQRST complex,handcrafted,,no,"lowpass Butterworth Filter (30Hz); Fast Fourier Transform (FFT), inverse FFT returns the ECG signal to its original state in the time domain",20 points segmented around R-peaks,beat,"normalised, no further details",yes,yes,93.59,,direct accuracy,93.59,0.9359000000000001,,0.9359000000000001,2.6810642692365874,included,,included,,,no reported uncertainty,,,,0,,,0,0,No parenthesized uncertainty was reported in the selected accuracy/EER field.
495_S3,314,495,S3,ECG,495|S3,SVM,kernel,quadratic kernel / classification,11,everyday activities,Hexoskin Proshirt / HeartIn Fit shirt,"256 Hz, 512 Hz",3 & 2,30-120 min,30-120 min,1,0,0,0,0,0,0,0,chest/torso,high (> one week),?,27 min,"Train T1 + T2, Test T2 - maybe some sort of 10-fold CV?",no intruders,99.20%,,,,Extracted from PQRST complex,handcrafted,,no,"lowpass Butterworth Filter (30Hz); Fast Fourier Transform (FFT), inverse FFT returns the ECG signal to its original state in the time domain",20 points segmented around R-peaks,beat,"normalised, no further details",yes,yes,99.2,,direct accuracy,99.2,0.992,,0.992,4.820281565605036,included,,included,,,no reported uncertainty,,,,0,,,0,0,No parenthesized uncertainty was reported in the selected accuracy/EER field.
495_S4,315,495,S4,ECG,495|S4,SVM,kernel,quadratic kernel / classification,11,multiple conditions,Hexoskin Proshirt / HeartIn Fit shirt,"256 Hz, 512 Hz",3 & 2,5-30 min,5-30 min,1,0,0,0,0,0,0,0,chest/torso,low (one day),?,12 min,"10-fold CV, unclear whether within participants or not",no intruders,99.63%,,,,Extracted from PQRST complex,handcrafted,,no,"lowpass Butterworth Filter (30Hz); Fast Fourier Transform (FFT), inverse FFT returns the ECG signal to its original state in the time domain",20 points segmented around R-peaks,beat,"normalised, no further details",yes,yes,99.63,,direct accuracy,99.63,0.9963,,0.9963,5.595715597400622,included,,included,,,no reported uncertainty,,,,0,,,0,0,No parenthesized uncertainty was reported in the selected accuracy/EER field.
495_S5,316,495,S5,ECG,495|S5,SVM,kernel,quadratic kernel / classification,11,multiple conditions,Hexoskin Proshirt / HeartIn Fit shirt,"256 Hz, 512 Hz",3 & 2,5-30 min,5-30 min,1,0,0,0,0,0,0,0,chest/torso,high (> one week),?,15 min,"Train T1, Test T2",no intruders,88.86%,,,,Extracted from PQRST complex,handcrafted,,no,"lowpass Butterworth Filter (30Hz); Fast Fourier Transform (FFT), inverse FFT returns the ECG signal to its original state in the time domain",20 points segmented around R-peaks,beat,"normalised, no further details",yes,yes,88.86,,direct accuracy,88.86,0.8886,,0.8886,2.076519863008624,included,,included,,,no reported uncertainty,,,,0,,,0,0,No parenthesized uncertainty was reported in the selected accuracy/EER field.
475_LSTM-PM-1-subject,317,475,LSTM / PM 1 subject,ECG,475|LSTM / PM 1 subject,LSTM,dl_temp,64 hidden LSTM cells + 3 fully connected layers with ReLu,15,one condition,ASUS VivoWatch BP,60 Hz,not reported,5-30 min,5-30 min,1,0,0,0,0,0,0,0,wrist,low (one day),?,36 x 15 s,"80/20, 1 valid user",no,92.0%,,,,waveform of single ECG signals in sequence,deep,,no,bandpass filtered,fixed length with 22 sample points from the R peak in both time directions,none,not specified,no,yes,92,,direct accuracy,92,0.92,,0.92,2.442347035369205,included,,included,,,no reported uncertainty,,,,0,,,0,0,No parenthesized uncertainty was reported in the selected accuracy/EER field.
475_LSTM-PM-2-subject,318,475,LSTM / PM 2 subject,ECG,475|LSTM / PM 2 subject,LSTM,dl_temp,64 hidden LSTM cells + 3 fully connected layers with ReLu,15,one condition,ASUS VivoWatch BP,60 Hz,not reported,5-30 min,5-30 min,1,0,0,0,0,0,0,0,wrist,low (one day),?,36 x 15 s,"80/20, 2 valid users",no,90.0%,,,,waveform of single ECG signals in sequence,deep,,no,bandpass filtered,fixed length with 22 sample points from the R peak in both time directions,none,not specified,no,yes,90,,direct accuracy,90,0.9,,0.9,2.1972245773362196,included,,included,,,no reported uncertainty,,,,0,,,0,0,No parenthesized uncertainty was reported in the selected accuracy/EER field.
475_LSTM-PM-3-subject,319,475,LSTM / PM 3 subject,ECG,475|LSTM / PM 3 subject,LSTM,dl_temp,64 hidden LSTM cells + 3 fully connected layers with ReLu,15,one condition,ASUS VivoWatch BP,60 Hz,not reported,5-30 min,5-30 min,1,0,0,0,0,0,0,0,wrist,low (one day),?,36 x 15 s,"80/20, 3 valid users",no,92.0%,,,,waveform of single ECG signals in sequence,deep,,no,bandpass filtered,fixed length with 22 sample points from the R peak in both time directions,none,not specified,no,yes,92,,direct accuracy,92,0.92,,0.92,2.442347035369205,included,,included,,,no reported uncertainty,,,,0,,,0,0,No parenthesized uncertainty was reported in the selected accuracy/EER field.
475_LSTM-PM-4-subject,320,475,LSTM / PM 4 subject,ECG,475|LSTM / PM 4 subject,LSTM,dl_temp,64 hidden LSTM cells + 3 fully connected layers with ReLu,15,one condition,ASUS VivoWatch BP,60 Hz,not reported,5-30 min,5-30 min,1,0,0,0,0,0,0,0,wrist,low (one day),?,36 x 15 s,"80/20, 4 valid users",no,91.0%,,,,waveform of single ECG signals in sequence,deep,,no,bandpass filtered,fixed length with 22 sample points from the R peak in both time directions,none,not specified,no,yes,91,,direct accuracy,91,0.91,,0.91,2.313634929180631,included,,included,,,no reported uncertainty,,,,0,,,0,0,No parenthesized uncertainty was reported in the selected accuracy/EER field.
475_LSTM-PM-5-subject,321,475,LSTM / PM 5 subject,ECG,475|LSTM / PM 5 subject,LSTM,dl_temp,64 hidden LSTM cells + 3 fully connected layers with ReLu,15,one condition,ASUS VivoWatch BP,60 Hz,not reported,5-30 min,5-30 min,1,0,0,0,0,0,0,0,wrist,low (one day),?,36 x 15 s,"80/20, 5 valid users",no,93.0%,,,,waveform of single ECG signals in sequence,deep,,no,bandpass filtered,fixed length with 22 sample points from the R peak in both time directions,none,not specified,no,yes,93,,direct accuracy,93,0.93,,0.93,2.5866893440979433,included,,included,,,no reported uncertainty,,,,0,,,0,0,No parenthesized uncertainty was reported in the selected accuracy/EER field.
475_AE-PM-1-subject,322,475,AE / PM 1 subject,ECG,475|AE / PM 1 subject,Autoencoder,dl_temp,2 LSTM encoder layers + feature vectors + 2 LSTM decoder layers + dense layer,15,one condition,ASUS VivoWatch BP,60 Hz,not reported,5-30 min,5-30 min,1,0,0,0,0,0,0,0,wrist,low (one day),?,36 x 15 s,"80/20, 1 valid user",no,92.0%,,,,waveform of single ECG signals in sequence,deep,,no,bandpass filtered,fixed length with 22 sample points from the R peak in both time directions,none,not specified,no,yes,92,,direct accuracy,92,0.92,,0.92,2.442347035369205,included,,included,,,no reported uncertainty,,,,0,,,0,0,No parenthesized uncertainty was reported in the selected accuracy/EER field.
475_AE-PM-2-subject,323,475,AE / PM 2 subject,ECG,475|AE / PM 2 subject,Autoencoder,dl_temp,2 LSTM encoder layers + feature vectors + 2 LSTM decoder layers + dense layer,15,one condition,ASUS VivoWatch BP,60 Hz,not reported,5-30 min,5-30 min,1,0,0,0,0,0,0,0,wrist,low (one day),?,36 x 15 s,"80/20, 2 valid users",no,89.0%,,,,waveform of single ECG signals in sequence,deep,,no,bandpass filtered,fixed length with 22 sample points from the R peak in both time directions,none,not specified,no,yes,89,,direct accuracy,89,0.89,,0.89,2.0907410969337694,included,,included,,,no reported uncertainty,,,,0,,,0,0,No parenthesized uncertainty was reported in the selected accuracy/EER field.
475_AE-PM-3-subject,324,475,AE / PM 3 subject,ECG,475|AE / PM 3 subject,Autoencoder,dl_temp,2 LSTM encoder layers + feature vectors + 2 LSTM decoder layers + dense layer,15,one condition,ASUS VivoWatch BP,60 Hz,not reported,5-30 min,5-30 min,1,0,0,0,0,0,0,0,wrist,low (one day),?,36 x 15 s,"80/20, 3 valid users",no,94.0%,,,,waveform of single ECG signals in sequence,deep,,no,bandpass filtered,fixed length with 22 sample points from the R peak in both time directions,none,not specified,no,yes,94,,direct accuracy,94,0.94,,0.94,2.751535313041948,included,,included,,,no reported uncertainty,,,,0,,,0,0,No parenthesized uncertainty was reported in the selected accuracy/EER field.
475_AE-PM-4-subject,325,475,AE / PM 4 subject,ECG,475|AE / PM 4 subject,Autoencoder,dl_temp,2 LSTM encoder layers + feature vectors + 2 LSTM decoder layers + dense layer,15,one condition,ASUS VivoWatch BP,60 Hz,not reported,5-30 min,5-30 min,1,0,0,0,0,0,0,0,wrist,low (one day),?,36 x 15 s,"80/20, 4 valid users",no,93.0%,,,,waveform of single ECG signals in sequence,deep,,no,bandpass filtered,fixed length with 22 sample points from the R peak in both time directions,none,not specified,no,yes,93,,direct accuracy,93,0.93,,0.93,2.5866893440979433,included,,included,,,no reported uncertainty,,,,0,,,0,0,No parenthesized uncertainty was reported in the selected accuracy/EER field.
475_AE-PM-5-subject,326,475,AE / PM 5 subject,ECG,475|AE / PM 5 subject,Autoencoder,dl_temp,2 LSTM encoder layers + feature vectors + 2 LSTM decoder layers + dense layer,15,one condition,ASUS VivoWatch BP,60 Hz,not reported,5-30 min,5-30 min,1,0,0,0,0,0,0,0,wrist,low (one day),?,36 x 15 s,"80/20, 5 valid users",no,91.0%,,,,waveform of single ECG signals in sequence,deep,,no,bandpass filtered,fixed length with 22 sample points from the R peak in both time directions,none,not specified,no,yes,91,,direct accuracy,91,0.91,,0.91,2.313634929180631,included,,included,,,no reported uncertainty,,,,0,,,0,0,No parenthesized uncertainty was reported in the selected accuracy/EER field.
459_level-1,328,459,level 1,PPG,459|level 1,FF-NN,dl,"Feed forward, no details provided",30,everyday activities,"Mio Fuse, Fitbit, Microsoft Band","16 Hz, 32 Hz, 64 Hz",not reported,30-120 min,30-120 min,0,0,1,0,0,0,0,0,wrist,low (one day),?,?,not described,not described,,17.2% (7.79),,,"Split into approximation of coefficients and detail coefficients via discrete wavelet decomposition, then split level 1 into high and low frequency signal component. 10 statistical features are extracted from each level of the sub-band levels: Variance, Maximum, Amplitude Minimum Amplitude, Maximum Energy, Minimum Energy, Standard deviation, Peak2peak, Root mean square level(RMS), Mean or Median absolute deviation and Peak magnitude to RMS ratio",handcrafted,medium,no,"Downsampling to 8 Hz, wavelet transform decomposition",Discreet wavelet transform decomposition splits the input signal into approximation of coefficients and detail coefficients; Each n level is further decomposed into a high and low frequency signal component using a filter bank,none,not specified,no,yes,,17.2,converted EER,82.8,0.828,,0.828,1.5715186775718064,included,,included; accuracy missing and EER is a valid percentage,EER,7.79,converted subject-level SD,30,0.014222529076550814,0.09986609002184314,1,0.014222529076550814,0.09986609002184314,1,0,Single-user uploaded results support SD/sqrt(30) conversion.
459_level-2,329,459,level 2,PPG,459|level 2,FF-NN,dl,"Feed forward, no details provided",30,everyday activities,"Mio Fuse, Fitbit, Microsoft Band","16 Hz, 32 Hz, 64 Hz",not reported,30-120 min,30-120 min,0,0,1,0,0,0,0,0,wrist,low (one day),?,?,not described,not described,,18.2% (7.55),,,"Split into approximation of coefficients and detail coefficients via discrete wavelet decomposition, then split level 2 into high and low frequency signal component. 10 statistical features are extracted from each level of the sub-band levels: Variance, Maximum, Amplitude Minimum Amplitude, Maximum Energy, Minimum Energy, Standard deviation, Peak2peak, Root mean square level(RMS), Mean or Median absolute deviation and Peak magnitude to RMS ratio",handcrafted,medium,no,"Downsampling to 8 Hz, wavelet transform decomposition",Discreet wavelet transform decomposition splits the input signal into approximation of coefficients and detail coefficients; Each n level is further decomposed into a high and low frequency signal component using a filter bank,none,not specified,no,yes,,18.2,converted EER,81.8,0.818,,0.818,1.5028556495259513,included,,included; accuracy missing and EER is a valid percentage,EER,7.55,converted subject-level SD,30,0.01378435103054668,0.09258947735395011,1,0.01378435103054668,0.09258947735395011,1,0,Single-user uploaded results support SD/sqrt(30) conversion.
459_level-3,330,459,level 3,PPG,459|level 3,FF-NN,dl,"Feed forward, no details provided",30,everyday activities,"Mio Fuse, Fitbit, Microsoft Band","16 Hz, 32 Hz, 64 Hz",not reported,30-120 min,30-120 min,0,0,1,0,0,0,0,0,wrist,low (one day),?,?,not described,not described,,20.9% (7.92),,,"Split into approximation of coefficients and detail coefficients via discrete wavelet decomposition, then split level 3 into high and low frequency signal component. 10 statistical features are extracted from each level of the sub-band levels: Variance, Maximum, Amplitude Minimum Amplitude, Maximum Energy, Minimum Energy, Standard deviation, Peak2peak, Root mean square level(RMS), Mean or Median absolute deviation and Peak magnitude to RMS ratio",handcrafted,medium,no,"Downsampling to 8 Hz, wavelet transform decomposition",Discreet wavelet transform decomposition splits the input signal into approximation of coefficients and detail coefficients; Each n level is further decomposed into a high and low frequency signal component using a filter bank,none,not specified,no,yes,,20.9,converted EER,79.1,0.7909999999999999,,0.7909999999999999,1.3309637158028425,included,,included; accuracy missing and EER is a valid percentage,EER,7.92,converted subject-level SD,30,0.014459875518136385,0.08746650728673885,1,0.014459875518136385,0.08746650728673885,1,0,Single-user uploaded results support SD/sqrt(30) conversion.
459_level-4,331,459,level 4,PPG,459|level 4,FF-NN,dl,"Feed forward, no details provided",30,everyday activities,"Mio Fuse, Fitbit, Microsoft Band","16 Hz, 32 Hz, 64 Hz",not reported,30-120 min,30-120 min,0,0,1,0,0,0,0,0,wrist,low (one day),?,?,not described,not described,,21.8% (8.26),,,"Split into approximation of coefficients and detail coefficients via discrete wavelet decomposition, then split level 4 into high and low frequency signal component. 10 statistical features are extracted from each level of the sub-band levels: Variance, Maximum, Amplitude Minimum Amplitude, Maximum Energy, Minimum Energy, Standard deviation, Peak2peak, Root mean square level(RMS), Mean or Median absolute deviation and Peak magnitude to RMS ratio",handcrafted,medium,no,"Downsampling to 8 Hz, wavelet transform decomposition",Discreet wavelet transform decomposition splits the input signal into approximation of coefficients and detail coefficients; Each n level is further decomposed into a high and low frequency signal component using a filter bank,none,not specified,no,yes,,21.8,converted EER,78.2,0.782,,0.782,1.2773596777562222,included,,included; accuracy missing and EER is a valid percentage,EER,8.26,converted subject-level SD,30,0.015080627749975572,0.08846188173100948,1,0.015080627749975572,0.08846188173100948,1,0,Single-user uploaded results support SD/sqrt(30) conversion.
459_level-fusion,332,459,level fusion,PPG,459|level fusion,FF-NN,dl,"Feed forward, no details provided",30,everyday activities,"Mio Fuse, Fitbit, Microsoft Band","16 Hz, 32 Hz, 64 Hz",not reported,30-120 min,30-120 min,0,0,1,0,0,0,0,0,wrist,low (one day),?,?,not described,not described,,11.25% (6.16),,,"Split into approximation of coefficients and detail coefficients via discrete wavelet decomposition, then each n level into high and low frequency signal component. 10 statistical features are extracted from each level of the sub-band levels: Variance, Maximum, Amplitude Minimum Amplitude, Maximum Energy, Minimum Energy, Standard deviation, Peak2peak, Root mean square level(RMS), Mean or Median absolute deviation and Peak magnitude to RMS ratio",handcrafted,medium,no,"Downsampling to 8 Hz, wavelet transform decomposition",,none,,yes,yes,,11.25,converted EER,88.75,0.8875,,0.8875,2.0654552997050954,included,,included; accuracy missing and EER is a valid percentage,EER,6.16,converted subject-level SD,30,0.011246569847439412,0.11264170113241347,1,0.011246569847439412,0.11264170113241347,1,0,Single-user uploaded results support SD/sqrt(30) conversion.
447_ResNet50-1s-Sc2,336,447,ResNet50 1s Sc2,ECG,447|ResNet50 1s Sc2,CNN,dl,CNN with residual connections (ResNet50),13,multiple conditions,Hexoskin Hx1,256 Hz,3 electrodes,5-30 min,5-30 min,1,0,0,0,0,0,0,0,chest/torso,low (one day),2s,16 min,80/20 split within 11 users,2 intruders,,41.48%,,,time frequency via scalogram,hybrid,,no,Downsampled to 200 Hz; trimmed moving average filter; a third order Butterworth band-pass filter (0.5 Hz-45 Hz); a mean filter,data were divided into 2-s time windows with a 1-s stride between each window,window,z-score normalisation,yes,yes,,41.48,converted EER,58.52,0.5852,,0.5852,0.3441571927905972,included,,included; accuracy missing and EER is a valid percentage,,,no reported uncertainty,,,,0,,,0,0,No parenthesized uncertainty was reported in the selected accuracy/EER field.
447_ResNet50-1s-Sc4,337,447,ResNet50 1s Sc4,ECG,447|ResNet50 1s Sc4,CNN,dl,CNN with residual connections (ResNet50),13,multiple conditions,Hexoskin Hx1,256 Hz,3 electrodes,5-30 min,5-30 min,1,0,0,0,0,0,0,0,chest/torso,low (one day),4s,16 min,80/20 split within 11 users,2 intruders,,34.01%,,,time frequency via scalogram,hybrid,,no,Downsampled to 200 Hz; trimmed moving average filter; a third order Butterworth band-pass filter (0.5 Hz-45 Hz); a mean filter,data were divided into 4-s time windows with a 1-s stride between each window,window,z-score normalisation,yes,yes,,34.01,converted EER,65.99000000000001,0.6599,,0.6599,0.6628486163762264,included,,included; accuracy missing and EER is a valid percentage,,,no reported uncertainty,,,,0,,,0,0,No parenthesized uncertainty was reported in the selected accuracy/EER field.
447_ResNet50-1s-Sc10,338,447,ResNet50 1s Sc10,ECG,447|ResNet50 1s Sc10,CNN,dl,CNN with residual connections (ResNet50),13,multiple conditions,Hexoskin Hx1,256 Hz,3 electrodes,5-30 min,5-30 min,1,0,0,0,0,0,0,0,chest/torso,low (one day),10s,16 min,80/20 split within 11 users,2 intruders,,22.53%,,,time frequency via scalogram,hybrid,,no,Downsampled to 200 Hz; trimmed moving average filter; a third order Butterworth band-pass filter (0.5 Hz-45 Hz); a mean filter,data were divided into 10-s time windows with a 1-s stride between each window,window,z-score normalisation,yes,yes,,22.53,converted EER,77.47,0.7746999999999999,,0.7746999999999999,1.235043010199658,included,,included; accuracy missing and EER is a valid percentage,,,no reported uncertainty,,,,0,,,0,0,No parenthesized uncertainty was reported in the selected accuracy/EER field.
447_ResNet50-1s-Sp2,339,447,ResNet50 1s Sp2,ECG,447|ResNet50 1s Sp2,CNN,dl,CNN with residual connections (ResNet50),13,multiple conditions,Hexoskin Hx1,256 Hz,3 electrodes,5-30 min,5-30 min,1,0,0,0,0,0,0,0,chest/torso,low (one day),2s,16 min,80/20 split within 11 users,2 intruders,,39.11%,,,time frequency via spectrogram,hybrid,,no,Downsampled to 200 Hz; trimmed moving average filter; a third order Butterworth band-pass filter (0.5 Hz-45 Hz); a mean filter,data were divided into 2-s time windows with a 1-s stride between each window,window,z-score normalisation,yes,yes,,39.11,converted EER,60.89,0.6089,,0.6089,0.4426907688530599,included,,included; accuracy missing and EER is a valid percentage,,,no reported uncertainty,,,,0,,,0,0,No parenthesized uncertainty was reported in the selected accuracy/EER field.
447_ResNet50-1s-Sp4,340,447,ResNet50 1s Sp4,ECG,447|ResNet50 1s Sp4,CNN,dl,CNN with residual connections (ResNet50),13,multiple conditions,Hexoskin Hx1,256 Hz,3 electrodes,5-30 min,5-30 min,1,0,0,0,0,0,0,0,chest/torso,low (one day),4s,16 min,80/20 split within 11 users,2 intruders,,35.97%,,,time frequency via spectrogram,hybrid,,no,Downsampled to 200 Hz; trimmed moving average filter; a third order Butterworth band-pass filter (0.5 Hz-45 Hz); a mean filter,data were divided into 4-s time windows with a 1-s stride between each window,window,z-score normalisation,yes,yes,,35.97,converted EER,64.03,0.6403,,0.6403,0.5766664658231782,included,,included; accuracy missing and EER is a valid percentage,,,no reported uncertainty,,,,0,,,0,0,No parenthesized uncertainty was reported in the selected accuracy/EER field.
447_ResNet50-1s-Sp10,341,447,ResNet50 1s Sp10,ECG,447|ResNet50 1s Sp10,CNN,dl,CNN with residual connections (ResNet50),13,multiple conditions,Hexoskin Hx1,256 Hz,3 electrodes,5-30 min,5-30 min,1,0,0,0,0,0,0,0,chest/torso,low (one day),10s,16 min,80/20 split within 11 users,2 intruders,,24.39%,,,time frequency via spectrogram,hybrid,,no,Downsampled to 200 Hz; trimmed moving average filter; a third order Butterworth band-pass filter (0.5 Hz-45 Hz); a mean filter,data were divided into 10-s time windows with a 1-s stride between each window,window,z-score normalisation,yes,yes,,24.39,converted EER,75.61,0.7561,,0.7561,1.1314153373423497,included,,included; accuracy missing and EER is a valid percentage,,,no reported uncertainty,,,,0,,,0,0,No parenthesized uncertainty was reported in the selected accuracy/EER field.
447_ResNet50-1s-Mel2,342,447,ResNet50 1s Mel2,ECG,447|ResNet50 1s Mel2,CNN,dl,CNN with residual connections (ResNet50),13,multiple conditions,Hexoskin Hx1,256 Hz,3 electrodes,5-30 min,5-30 min,1,0,0,0,0,0,0,0,chest/torso,low (one day),2s,16 min,80/20 split within 11 users,2 intruders,,38.34%,,,time frequency via mel-spectrogram,hybrid,,no,Downsampled to 200 Hz; trimmed moving average filter; a third order Butterworth band-pass filter (0.5 Hz-45 Hz); a mean filter,data were divided into 2-s time windows with a 1-s stride between each window,window,z-score normalisation,yes,yes,,38.34,converted EER,61.66,0.6165999999999999,,0.6165999999999999,0.47514168484050556,included,,included; accuracy missing and EER is a valid percentage,,,no reported uncertainty,,,,0,,,0,0,No parenthesized uncertainty was reported in the selected accuracy/EER field.
447_ResNet50-1s-Mel4,343,447,ResNet50 1s Mel4,ECG,447|ResNet50 1s Mel4,CNN,dl,CNN with residual connections (ResNet50),13,multiple conditions,Hexoskin Hx1,256 Hz,3 electrodes,5-30 min,5-30 min,1,0,0,0,0,0,0,0,chest/torso,low (one day),4s,16 min,80/20 split within 11 users,2 intruders,,35.50%,,,time frequency via mel-spectrogram,hybrid,,no,Downsampled to 200 Hz; trimmed moving average filter; a third order Butterworth band-pass filter (0.5 Hz-45 Hz); a mean filter,data were divided into 4-s time windows with a 1-s stride between each window,window,z-score normalisation,yes,yes,,35.5,converted EER,64.5,0.645,,0.645,0.5971325273203568,included,,included; accuracy missing and EER is a valid percentage,,,no reported uncertainty,,,,0,,,0,0,No parenthesized uncertainty was reported in the selected accuracy/EER field.
447_ResNet50-1s-Mel10,344,447,ResNet50 1s Mel10,ECG,447|ResNet50 1s Mel10,CNN,dl,CNN with residual connections (ResNet50),13,multiple conditions,Hexoskin Hx1,256 Hz,3 electrodes,5-30 min,5-30 min,1,0,0,0,0,0,0,0,chest/torso,low (one day),10s,16 min,80/20 split within 11 users,2 intruders,,28.10%,,,time frequency via mel-spectrogram,hybrid,,no,Downsampled to 200 Hz; trimmed moving average filter; a third order Butterworth band-pass filter (0.5 Hz-45 Hz); a mean filter,data were divided into 10-s time windows with a 1-s stride between each window,window,z-score normalisation,yes,yes,,28.1,converted EER,71.9,0.7190000000000001,,0.7190000000000001,0.9395066883873013,included,,included; accuracy missing and EER is a valid percentage,,,no reported uncertainty,,,,0,,,0,0,No parenthesized uncertainty was reported in the selected accuracy/EER field.
447_ResNet50-3s-Sc2,345,447,ResNet50 3s Sc2,ECG,447|ResNet50 3s Sc2,CNN,dl,CNN with residual connections (ResNet50),13,multiple conditions,Hexoskin Hx1,256 Hz,3 electrodes,5-30 min,5-30 min,1,0,0,0,0,0,0,0,chest/torso,low (one day),2s,16 min,80/20 split within 11 users,2 intruders,,36.45%,,,time frequency via scalogram,hybrid,,no,Downsampled to 200 Hz; trimmed moving average filter; a third order Butterworth band-pass filter (0.5 Hz-45 Hz); a mean filter,data were divided into 2-s time windows with a 1-s stride between each window,window,z-score normalisation,yes,yes,,36.45,converted EER,63.55,0.6355,,0.6355,0.5558855391807958,included,,included; accuracy missing and EER is a valid percentage,,,no reported uncertainty,,,,0,,,0,0,No parenthesized uncertainty was reported in the selected accuracy/EER field.
447_ResNet50-3s-Sc4,346,447,ResNet50 3s Sc4,ECG,447|ResNet50 3s Sc4,CNN,dl,CNN with residual connections (ResNet50),13,multiple conditions,Hexoskin Hx1,256 Hz,3 electrodes,5-30 min,5-30 min,1,0,0,0,0,0,0,0,chest/torso,low (one day),4s,16 min,80/20 split within 11 users,2 intruders,,12.19%,,,time frequency via scalogram,hybrid,,no,Downsampled to 200 Hz; trimmed moving average filter; a third order Butterworth band-pass filter (0.5 Hz-45 Hz); a mean filter,data were divided into 4-s time windows with a 1-s stride between each window,window,z-score normalisation,yes,yes,,12.19,converted EER,87.81,0.8781,,0.8781,1.974559445878724,included,,included; accuracy missing and EER is a valid percentage,,,no reported uncertainty,,,,0,,,0,0,No parenthesized uncertainty was reported in the selected accuracy/EER field.
447_ResNet50-3s-Sc10,347,447,ResNet50 3s Sc10,ECG,447|ResNet50 3s Sc10,CNN,dl,CNN with residual connections (ResNet50),13,multiple conditions,Hexoskin Hx1,256 Hz,3 electrodes,5-30 min,5-30 min,1,0,0,0,0,0,0,0,chest/torso,low (one day),10s,16 min,80/20 split within 11 users,2 intruders,,20.47%,,,time frequency via scalogram,hybrid,,no,Downsampled to 200 Hz; trimmed moving average filter; a third order Butterworth band-pass filter (0.5 Hz-45 Hz); a mean filter,data were divided into 10-s time windows with a 1-s stride between each window,window,z-score normalisation,yes,yes,,20.47,converted EER,79.53,0.7953,,0.7953,1.3571739092958457,included,,included; accuracy missing and EER is a valid percentage,,,no reported uncertainty,,,,0,,,0,0,No parenthesized uncertainty was reported in the selected accuracy/EER field.
447_ResNet50-3s-Sp2,348,447,ResNet50 3s Sp2,ECG,447|ResNet50 3s Sp2,CNN,dl,CNN with residual connections (ResNet50),13,multiple conditions,Hexoskin Hx1,256 Hz,3 electrodes,5-30 min,5-30 min,1,0,0,0,0,0,0,0,chest/torso,low (one day),2s,16 min,80/20 split within 11 users,2 intruders,,33.28%,,,time frequency via spectrogram,hybrid,,no,Downsampled to 200 Hz; trimmed moving average filter; a third order Butterworth band-pass filter (0.5 Hz-45 Hz); a mean filter,data were divided into 2-s time windows with a 1-s stride between each window,window,z-score normalisation,yes,yes,,33.28,converted EER,66.72,0.6672,,0.6672,0.6955481420974836,included,,included; accuracy missing and EER is a valid percentage,,,no reported uncertainty,,,,0,,,0,0,No parenthesized uncertainty was reported in the selected accuracy/EER field.
447_ResNet50-3s-Sp4,349,447,ResNet50 3s Sp4,ECG,447|ResNet50 3s Sp4,CNN,dl,CNN with residual connections (ResNet50),13,multiple conditions,Hexoskin Hx1,256 Hz,3 electrodes,5-30 min,5-30 min,1,0,0,0,0,0,0,0,chest/torso,low (one day),4s,16 min,80/20 split within 11 users,2 intruders,,30.64%,,,time frequency via spectrogram,hybrid,,no,Downsampled to 200 Hz; trimmed moving average filter; a third order Butterworth band-pass filter (0.5 Hz-45 Hz); a mean filter,data were divided into 4-s time windows with a 1-s stride between each window,window,z-score normalisation,yes,yes,,30.64,converted EER,69.36,0.6936,,0.6936,0.8170039875998959,included,,included; accuracy missing and EER is a valid percentage,,,no reported uncertainty,,,,0,,,0,0,No parenthesized uncertainty was reported in the selected accuracy/EER field.
447_ResNet50-3s-Sp10,350,447,ResNet50 3s Sp10,ECG,447|ResNet50 3s Sp10,CNN,dl,CNN with residual connections (ResNet50),13,multiple conditions,Hexoskin Hx1,256 Hz,3 electrodes,5-30 min,5-30 min,1,0,0,0,0,0,0,0,chest/torso,low (one day),10s,16 min,80/20 split within 11 users,2 intruders,,20.95%,,,time frequency via spectrogram,hybrid,,no,Downsampled to 200 Hz; trimmed moving average filter; a third order Butterworth band-pass filter (0.5 Hz-45 Hz); a mean filter,data were divided into 10-s time windows with a 1-s stride between each window,window,z-score normalisation,yes,yes,,20.95,converted EER,79.05,0.7905,,0.7905,1.3279419172873341,included,,included; accuracy missing and EER is a valid percentage,,,no reported uncertainty,,,,0,,,0,0,No parenthesized uncertainty was reported in the selected accuracy/EER field.
447_ResNet50-3s-Mel2,351,447,ResNet50 3s Mel2,ECG,447|ResNet50 3s Mel2,CNN,dl,CNN with residual connections (ResNet50),13,multiple conditions,Hexoskin Hx1,256 Hz,3 electrodes,5-30 min,5-30 min,1,0,0,0,0,0,0,0,chest/torso,low (one day),2s,16 min,80/20 split within 11 users,2 intruders,,39.22%,,,time frequency via mel-spectrogram,hybrid,,no,Downsampled to 200 Hz; trimmed moving average filter; a third order Butterworth band-pass filter (0.5 Hz-45 Hz); a mean filter,data were divided into 2-s time windows with a 1-s stride between each window,window,z-score normalisation,yes,yes,,39.22,converted EER,60.78,0.6078,,0.6078,0.4380739667204468,included,,included; accuracy missing and EER is a valid percentage,,,no reported uncertainty,,,,0,,,0,0,No parenthesized uncertainty was reported in the selected accuracy/EER field.
447_ResNet50-3s-Mel4,352,447,ResNet50 3s Mel4,ECG,447|ResNet50 3s Mel4,CNN,dl,CNN with residual connections (ResNet50),13,multiple conditions,Hexoskin Hx1,256 Hz,3 electrodes,5-30 min,5-30 min,1,0,0,0,0,0,0,0,chest/torso,low (one day),4s,16 min,80/20 split within 11 users,2 intruders,,34.37%,,,time frequency via mel-spectrogram,hybrid,,no,Downsampled to 200 Hz; trimmed moving average filter; a third order Butterworth band-pass filter (0.5 Hz-45 Hz); a mean filter,data were divided into 4-s time windows with a 1-s stride between each window,window,z-score normalisation,yes,yes,,34.37,converted EER,65.63,0.6563,,0.6563,0.6468488176238889,included,,included; accuracy missing and EER is a valid percentage,,,no reported uncertainty,,,,0,,,0,0,No parenthesized uncertainty was reported in the selected accuracy/EER field.
447_ResNet50-3s-Mel10,353,447,ResNet50 3s Mel10,ECG,447|ResNet50 3s Mel10,CNN,dl,CNN with residual connections (ResNet50),13,multiple conditions,Hexoskin Hx1,256 Hz,3 electrodes,5-30 min,5-30 min,1,0,0,0,0,0,0,0,chest/torso,low (one day),10s,16 min,80/20 split within 11 users,2 intruders,,28.79%,,,time frequency via mel-spectrogram,hybrid,,no,Downsampled to 200 Hz; trimmed moving average filter; a third order Butterworth band-pass filter (0.5 Hz-45 Hz); a mean filter,data were divided into 10-s time windows with a 1-s stride between each window,window,z-score normalisation,yes,yes,,28.79,converted EER,71.21000000000001,0.7121000000000001,,0.7121000000000001,0.9056051533699492,included,,included; accuracy missing and EER is a valid percentage,,,no reported uncertainty,,,,0,,,0,0,No parenthesized uncertainty was reported in the selected accuracy/EER field.
447_ResNet50-5s-Sc2,354,447,ResNet50 5s Sc2,ECG,447|ResNet50 5s Sc2,CNN,dl,CNN with residual connections (ResNet50),13,multiple conditions,Hexoskin Hx1,256 Hz,3 electrodes,5-30 min,5-30 min,1,0,0,0,0,0,0,0,chest/torso,low (one day),2s,16 min,80/20 split within 11 users,2 intruders,,34.46%,,,time frequency via scalogram,hybrid,,no,Downsampled to 200 Hz; trimmed moving average filter; a third order Butterworth band-pass filter (0.5 Hz-45 Hz); a mean filter,data were divided into 2-s time windows with a 1-s stride between each window,window,z-score normalisation,yes,yes,,34.46,converted EER,65.53999999999999,0.6553999999999999,,0.6553999999999999,0.6428614121708844,included,,included; accuracy missing and EER is a valid percentage,,,no reported uncertainty,,,,0,,,0,0,No parenthesized uncertainty was reported in the selected accuracy/EER field.
447_ResNet50-5s-Sc4,355,447,ResNet50 5s Sc4,ECG,447|ResNet50 5s Sc4,CNN,dl,CNN with residual connections (ResNet50),13,multiple conditions,Hexoskin Hx1,256 Hz,3 electrodes,5-30 min,5-30 min,1,0,0,0,0,0,0,0,chest/torso,low (one day),4s,16 min,80/20 split within 11 users,2 intruders,,11.21%,,,time frequency via scalogram,hybrid,,no,Downsampled to 200 Hz; trimmed moving average filter; a third order Butterworth band-pass filter (0.5 Hz-45 Hz); a mean filter,data were divided into 4-s time windows with a 1-s stride between each window,window,z-score normalisation,yes,yes,,11.21,converted EER,88.78999999999999,0.8878999999999999,,0.8878999999999999,2.069467793960166,included,,included; accuracy missing and EER is a valid percentage,,,no reported uncertainty,,,,0,,,0,0,No parenthesized uncertainty was reported in the selected accuracy/EER field.
447_ResNet50-5s-Sc10,356,447,ResNet50 5s Sc10,ECG,447|ResNet50 5s Sc10,CNN,dl,CNN with residual connections (ResNet50),13,multiple conditions,Hexoskin Hx1,256 Hz,3 electrodes,5-30 min,5-30 min,1,0,0,0,0,0,0,0,chest/torso,low (one day),10s,16 min,80/20 split within 11 users,2 intruders,,19.09%,,,time frequency via scalogram,hybrid,,no,Downsampled to 200 Hz; trimmed moving average filter; a third order Butterworth band-pass filter (0.5 Hz-45 Hz); a mean filter,data were divided into 10-s time windows with a 1-s stride between each window,window,z-score normalisation,yes,yes,,19.09,converted EER,80.91,0.8090999999999999,,0.8090999999999999,1.4441727880820916,included,,included; accuracy missing and EER is a valid percentage,,,no reported uncertainty,,,,0,,,0,0,No parenthesized uncertainty was reported in the selected accuracy/EER field.
447_ResNet50-5s-Sp2,357,447,ResNet50 5s Sp2,ECG,447|ResNet50 5s Sp2,CNN,dl,CNN with residual connections (ResNet50),13,multiple conditions,Hexoskin Hx1,256 Hz,3 electrodes,5-30 min,5-30 min,1,0,0,0,0,0,0,0,chest/torso,low (one day),2s,16 min,80/20 split within 11 users,2 intruders,,34.64%,,,time frequency via spectrogram,hybrid,,no,Downsampled to 200 Hz; trimmed moving average filter; a third order Butterworth band-pass filter (0.5 Hz-45 Hz); a mean filter,data were divided into 2-s time windows with a 1-s stride between each window,window,z-score normalisation,yes,yes,,34.64,converted EER,65.36,0.6536,,0.6536,0.6349013668575129,included,,included; accuracy missing and EER is a valid percentage,,,no reported uncertainty,,,,0,,,0,0,No parenthesized uncertainty was reported in the selected accuracy/EER field.
447_ResNet50-5s-Sp4,358,447,ResNet50 5s Sp4,ECG,447|ResNet50 5s Sp4,CNN,dl,CNN with residual connections (ResNet50),13,multiple conditions,Hexoskin Hx1,256 Hz,3 electrodes,5-30 min,5-30 min,1,0,0,0,0,0,0,0,chest/torso,low (one day),4s,16 min,80/20 split within 11 users,2 intruders,,28.62%,,,time frequency via spectrogram,hybrid,,no,Downsampled to 200 Hz; trimmed moving average filter; a third order Butterworth band-pass filter (0.5 Hz-45 Hz); a mean filter,data were divided into 4-s time windows with a 1-s stride between each window,window,z-score normalisation,yes,yes,,28.62,converted EER,71.38,0.7138,,0.7138,0.9139119439337094,included,,included; accuracy missing and EER is a valid percentage,,,no reported uncertainty,,,,0,,,0,0,No parenthesized uncertainty was reported in the selected accuracy/EER field.
447_ResNet50-5s-Sp10,359,447,ResNet50 5s Sp10,ECG,447|ResNet50 5s Sp10,CNN,dl,CNN with residual connections (ResNet50),13,multiple conditions,Hexoskin Hx1,256 Hz,3 electrodes,5-30 min,5-30 min,1,0,0,0,0,0,0,0,chest/torso,low (one day),10s,16 min,80/20 split within 11 users,2 intruders,,21.23%,,,time frequency via spectrogram,hybrid,,no,Downsampled to 200 Hz; trimmed moving average filter; a third order Butterworth band-pass filter (0.5 Hz-45 Hz); a mean filter,data were divided into 10-s time windows with a 1-s stride between each window,window,z-score normalisation,yes,yes,,21.23,converted EER,78.77,0.7877,,0.7877,1.311116938000068,included,,included; accuracy missing and EER is a valid percentage,,,no reported uncertainty,,,,0,,,0,0,No parenthesized uncertainty was reported in the selected accuracy/EER field.
447_ResNet50-5s-Mel2,360,447,ResNet50 5s Mel2,ECG,447|ResNet50 5s Mel2,CNN,dl,CNN with residual connections (ResNet50),13,multiple conditions,Hexoskin Hx1,256 Hz,3 electrodes,5-30 min,5-30 min,1,0,0,0,0,0,0,0,chest/torso,low (one day),2s,16 min,80/20 split within 11 users,2 intruders,,39.48%,,,time frequency via mel-spectrogram,hybrid,,no,Downsampled to 200 Hz; trimmed moving average filter; a third order Butterworth band-pass filter (0.5 Hz-45 Hz); a mean filter,data were divided into 2-s time windows with a 1-s stride between each window,window,z-score normalisation,yes,yes,,39.48,converted EER,60.52,0.6052000000000001,,0.6052000000000001,0.4271796743548746,included,,included; accuracy missing and EER is a valid percentage,,,no reported uncertainty,,,,0,,,0,0,No parenthesized uncertainty was reported in the selected accuracy/EER field.
447_ResNet50-5s-Mel4,361,447,ResNet50 5s Mel4,ECG,447|ResNet50 5s Mel4,CNN,dl,CNN with residual connections (ResNet50),13,multiple conditions,Hexoskin Hx1,256 Hz,3 electrodes,5-30 min,5-30 min,1,0,0,0,0,0,0,0,chest/torso,low (one day),4s,16 min,80/20 split within 11 users,2 intruders,,35.68%,,,time frequency via mel-spectrogram,hybrid,,no,Downsampled to 200 Hz; trimmed moving average filter; a third order Butterworth band-pass filter (0.5 Hz-45 Hz); a mean filter,data were divided into 4-s time windows with a 1-s stride between each window,window,z-score normalisation,yes,yes,,35.68,converted EER,64.32,0.6431999999999999,,0.6431999999999999,0.5892803171589017,included,,included; accuracy missing and EER is a valid percentage,,,no reported uncertainty,,,,0,,,0,0,No parenthesized uncertainty was reported in the selected accuracy/EER field.
447_ResNet50-5s-Mel10,362,447,ResNet50 5s Mel10,ECG,447|ResNet50 5s Mel10,CNN,dl,CNN with residual connections (ResNet50),13,multiple conditions,Hexoskin Hx1,256 Hz,3 electrodes,5-30 min,5-30 min,1,0,0,0,0,0,0,0,chest/torso,low (one day),10s,16 min,80/20 split within 11 users,2 intruders,,27.55%,,,time frequency via mel-spectrogram,hybrid,,no,Downsampled to 200 Hz; trimmed moving average filter; a third order Butterworth band-pass filter (0.5 Hz-45 Hz); a mean filter,data were divided into 10-s time windows with a 1-s stride between each window,window,z-score normalisation,yes,yes,,27.55,converted EER,72.45,0.7245,,0.7245,0.966894133167768,included,,included; accuracy missing and EER is a valid percentage,,,no reported uncertainty,,,,0,,,0,0,No parenthesized uncertainty was reported in the selected accuracy/EER field.
447_DensNet201-1s-Sc2,363,447,DensNet201 1s Sc2,ECG,447|DensNet201 1s Sc2,CNN,dl,CNN with dense connections (DensNet201),13,multiple conditions,Hexoskin Hx1,256 Hz,3 electrodes,5-30 min,5-30 min,1,0,0,0,0,0,0,0,chest/torso,low (one day),2s,16 min,80/20 split within 11 users,2 intruders,,35.78%,,,time frequency via scalogram,hybrid,,no,Downsampled to 200 Hz; trimmed moving average filter; a third order Butterworth band-pass filter (0.5 Hz-45 Hz); a mean filter,data were divided into 2-s time windows with a 1-s stride between each window,window,z-score normalisation,yes,yes,,35.78,converted EER,64.22,0.6422,,0.6422,0.5849256105807947,included,,included; accuracy missing and EER is a valid percentage,,,no reported uncertainty,,,,0,,,0,0,No parenthesized uncertainty was reported in the selected accuracy/EER field.
447_DensNet201-1s-Sc4,364,447,DensNet201 1s Sc4,ECG,447|DensNet201 1s Sc4,CNN,dl,CNN with dense connections (DensNet201),13,multiple conditions,Hexoskin Hx1,256 Hz,3 electrodes,5-30 min,5-30 min,1,0,0,0,0,0,0,0,chest/torso,low (one day),4s,16 min,80/20 split within 11 users,2 intruders,,22.49%,,,time frequency via scalogram,hybrid,,no,Downsampled to 200 Hz; trimmed moving average filter; a third order Butterworth band-pass filter (0.5 Hz-45 Hz); a mean filter,data were divided into 4-s time windows with a 1-s stride between each window,window,z-score normalisation,yes,yes,,22.49,converted EER,77.51,0.7751,,0.7751,1.2373361943221959,included,,included; accuracy missing and EER is a valid percentage,,,no reported uncertainty,,,,0,,,0,0,No parenthesized uncertainty was reported in the selected accuracy/EER field.
447_DensNet201-1s-Sc10,365,447,DensNet201 1s Sc10,ECG,447|DensNet201 1s Sc10,CNN,dl,CNN with dense connections (DensNet201),13,multiple conditions,Hexoskin Hx1,256 Hz,3 electrodes,5-30 min,5-30 min,1,0,0,0,0,0,0,0,chest/torso,low (one day),10s,16 min,80/20 split within 11 users,2 intruders,,20.47%,,,time frequency via scalogram,hybrid,,no,Downsampled to 200 Hz; trimmed moving average filter; a third order Butterworth band-pass filter (0.5 Hz-45 Hz); a mean filter,data were divided into 10-s time windows with a 1-s stride between each window,window,z-score normalisation,yes,yes,,20.47,converted EER,79.53,0.7953,,0.7953,1.3571739092958457,included,,included; accuracy missing and EER is a valid percentage,,,no reported uncertainty,,,,0,,,0,0,No parenthesized uncertainty was reported in the selected accuracy/EER field.
447_DensNet201-1s-Sp2,366,447,DensNet201 1s Sp2,ECG,447|DensNet201 1s Sp2,CNN,dl,CNN with dense connections (DensNet201),13,multiple conditions,Hexoskin Hx1,256 Hz,3 electrodes,5-30 min,5-30 min,1,0,0,0,0,0,0,0,chest/torso,low (one day),2s,16 min,80/20 split within 11 users,2 intruders,,38.78%,,,time frequency via spectrogram,hybrid,,no,Downsampled to 200 Hz; trimmed moving average filter; a third order Butterworth band-pass filter (0.5 Hz-45 Hz); a mean filter,data were divided into 2-s time windows with a 1-s stride between each window,window,z-score normalisation,yes,yes,,38.78,converted EER,61.22,0.6122,,0.6122,0.4565692837027606,included,,included; accuracy missing and EER is a valid percentage,,,no reported uncertainty,,,,0,,,0,0,No parenthesized uncertainty was reported in the selected accuracy/EER field.
447_DensNet201-1s-Sp4,367,447,DensNet201 1s Sp4,ECG,447|DensNet201 1s Sp4,CNN,dl,CNN with dense connections (DensNet201),13,multiple conditions,Hexoskin Hx1,256 Hz,3 electrodes,5-30 min,5-30 min,1,0,0,0,0,0,0,0,chest/torso,low (one day),4s,16 min,80/20 split within 11 users,2 intruders,,33.95%,,,time frequency via spectrogram,hybrid,,no,Downsampled to 200 Hz; trimmed moving average filter; a third order Butterworth band-pass filter (0.5 Hz-45 Hz); a mean filter,data were divided into 4-s time windows with a 1-s stride between each window,window,z-score normalisation,yes,yes,,33.95,converted EER,66.05,0.6605,,0.6605,0.6655231769636291,included,,included; accuracy missing and EER is a valid percentage,,,no reported uncertainty,,,,0,,,0,0,No parenthesized uncertainty was reported in the selected accuracy/EER field.
447_DensNet201-1s-Sp10,368,447,DensNet201 1s Sp10,ECG,447|DensNet201 1s Sp10,CNN,dl,CNN with dense connections (DensNet201),13,multiple conditions,Hexoskin Hx1,256 Hz,3 electrodes,5-30 min,5-30 min,1,0,0,0,0,0,0,0,chest/torso,low (one day),10s,16 min,80/20 split within 11 users,2 intruders,,19.58%,,,time frequency via spectrogram,hybrid,,no,Downsampled to 200 Hz; trimmed moving average filter; a third order Butterworth band-pass filter (0.5 Hz-45 Hz); a mean filter,data were divided into 10-s time windows with a 1-s stride between each window,window,z-score normalisation,yes,yes,,19.58,converted EER,80.42,0.8042,,0.8042,1.4127542643667637,included,,included; accuracy missing and EER is a valid percentage,,,no reported uncertainty,,,,0,,,0,0,No parenthesized uncertainty was reported in the selected accuracy/EER field.
447_DensNet201-1s-Mel2,369,447,DensNet201 1s Mel2,ECG,447|DensNet201 1s Mel2,CNN,dl,CNN with dense connections (DensNet201),13,multiple conditions,Hexoskin Hx1,256 Hz,3 electrodes,5-30 min,5-30 min,1,0,0,0,0,0,0,0,chest/torso,low (one day),2s,16 min,80/20 split within 11 users,2 intruders,,39.26%,,,time frequency via mel-spectrogram,hybrid,,no,Downsampled to 200 Hz; trimmed moving average filter; a third order Butterworth band-pass filter (0.5 Hz-45 Hz); a mean filter,data were divided into 2-s time windows with a 1-s stride between each window,window,z-score normalisation,yes,yes,,39.26,converted EER,60.74,0.6074,,0.6074,0.43639627076928794,included,,included; accuracy missing and EER is a valid percentage,,,no reported uncertainty,,,,0,,,0,0,No parenthesized uncertainty was reported in the selected accuracy/EER field.
447_DensNet201-1s-Mel4,370,447,DensNet201 1s Mel4,ECG,447|DensNet201 1s Mel4,CNN,dl,CNN with dense connections (DensNet201),13,multiple conditions,Hexoskin Hx1,256 Hz,3 electrodes,5-30 min,5-30 min,1,0,0,0,0,0,0,0,chest/torso,low (one day),4s,16 min,80/20 split within 11 users,2 intruders,,38.56%,,,time frequency via mel-spectrogram,hybrid,,no,Downsampled to 200 Hz; trimmed moving average filter; a third order Butterworth band-pass filter (0.5 Hz-45 Hz); a mean filter,data were divided into 4-s time windows with a 1-s stride between each window,window,z-score normalisation,yes,yes,,38.56,converted EER,61.44,0.6144,,0.6144,0.4658456190970717,included,,included; accuracy missing and EER is a valid percentage,,,no reported uncertainty,,,,0,,,0,0,No parenthesized uncertainty was reported in the selected accuracy/EER field.
447_DensNet201-1s-Mel10,371,447,DensNet201 1s Mel10,ECG,447|DensNet201 1s Mel10,CNN,dl,CNN with dense connections (DensNet201),13,multiple conditions,Hexoskin Hx1,256 Hz,3 electrodes,5-30 min,5-30 min,1,0,0,0,0,0,0,0,chest/torso,low (one day),10s,16 min,80/20 split within 11 users,2 intruders,,29.17%,,,time frequency via mel-spectrogram,hybrid,,no,Downsampled to 200 Hz; trimmed moving average filter; a third order Butterworth band-pass filter (0.5 Hz-45 Hz); a mean filter,data were divided into 10-s time windows with a 1-s stride between each window,window,z-score normalisation,yes,yes,,29.17,converted EER,70.83,0.7082999999999999,,0.7082999999999999,0.8871418558859008,included,,included; accuracy missing and EER is a valid percentage,,,no reported uncertainty,,,,0,,,0,0,No parenthesized uncertainty was reported in the selected accuracy/EER field.
447_DensNet201-3s-Sc2,372,447,DensNet201 3s Sc2,ECG,447|DensNet201 3s Sc2,CNN,dl,CNN with dense connections (DensNet201),13,multiple conditions,Hexoskin Hx1,256 Hz,3 electrodes,5-30 min,5-30 min,1,0,0,0,0,0,0,0,chest/torso,low (one day),2s,16 min,80/20 split within 11 users,2 intruders,,31.12%,,,time frequency via scalogram,hybrid,,no,Downsampled to 200 Hz; trimmed moving average filter; a third order Butterworth band-pass filter (0.5 Hz-45 Hz); a mean filter,data were divided into 2-s time windows with a 1-s stride between each window,window,z-score normalisation,yes,yes,,31.12,converted EER,68.88,0.6888,,0.6888,0.7945151608092843,included,,included; accuracy missing and EER is a valid percentage,,,no reported uncertainty,,,,0,,,0,0,No parenthesized uncertainty was reported in the selected accuracy/EER field.
447_DensNet201-3s-Sc4,373,447,DensNet201 3s Sc4,ECG,447|DensNet201 3s Sc4,CNN,dl,CNN with dense connections (DensNet201),13,multiple conditions,Hexoskin Hx1,256 Hz,3 electrodes,5-30 min,5-30 min,1,0,0,0,0,0,0,0,chest/torso,low (one day),4s,16 min,80/20 split within 11 users,2 intruders,,10.60%,,,time frequency via scalogram,hybrid,,no,Downsampled to 200 Hz; trimmed moving average filter; a third order Butterworth band-pass filter (0.5 Hz-45 Hz); a mean filter,data were divided into 4-s time windows with a 1-s stride between each window,window,z-score normalisation,yes,yes,,10.6,converted EER,89.4,0.894,,0.894,2.1322666810614472,included,,included; accuracy missing and EER is a valid percentage,,,no reported uncertainty,,,,0,,,0,0,No parenthesized uncertainty was reported in the selected accuracy/EER field.
447_DensNet201-3s-Sc10,374,447,DensNet201 3s Sc10,ECG,447|DensNet201 3s Sc10,CNN,dl,CNN with dense connections (DensNet201),13,multiple conditions,Hexoskin Hx1,256 Hz,3 electrodes,5-30 min,5-30 min,1,0,0,0,0,0,0,0,chest/torso,low (one day),10s,16 min,80/20 split within 11 users,2 intruders,,19.92%,,,time frequency via scalogram,hybrid,,no,Downsampled to 200 Hz; trimmed moving average filter; a third order Butterworth band-pass filter (0.5 Hz-45 Hz); a mean filter,data were divided into 10-s time windows with a 1-s stride between each window,window,z-score normalisation,yes,yes,,19.92,converted EER,80.08,0.8008,,0.8008,1.3913018828505126,included,,included; accuracy missing and EER is a valid percentage,,,no reported uncertainty,,,,0,,,0,0,No parenthesized uncertainty was reported in the selected accuracy/EER field.
447_DensNet201-3s-Sp2,375,447,DensNet201 3s Sp2,ECG,447|DensNet201 3s Sp2,CNN,dl,CNN with dense connections (DensNet201),13,multiple conditions,Hexoskin Hx1,256 Hz,3 electrodes,5-30 min,5-30 min,1,0,0,0,0,0,0,0,chest/torso,low (one day),2s,16 min,80/20 split within 11 users,2 intruders,,36.58%,,,time frequency via spectrogram,hybrid,,no,Downsampled to 200 Hz; trimmed moving average filter; a third order Butterworth band-pass filter (0.5 Hz-45 Hz); a mean filter,data were divided into 2-s time windows with a 1-s stride between each window,window,z-score normalisation,yes,yes,,36.58,converted EER,63.42,0.6342,,0.6342,0.5502776261474815,included,,included; accuracy missing and EER is a valid percentage,,,no reported uncertainty,,,,0,,,0,0,No parenthesized uncertainty was reported in the selected accuracy/EER field.
447_DensNet201-3s-Sp4,376,447,DensNet201 3s Sp4,ECG,447|DensNet201 3s Sp4,CNN,dl,CNN with dense connections (DensNet201),13,multiple conditions,Hexoskin Hx1,256 Hz,3 electrodes,5-30 min,5-30 min,1,0,0,0,0,0,0,0,chest/torso,low (one day),4s,16 min,80/20 split within 11 users,2 intruders,,29.29%,,,time frequency via spectrogram,hybrid,,no,Downsampled to 200 Hz; trimmed moving average filter; a third order Butterworth band-pass filter (0.5 Hz-45 Hz); a mean filter,data were divided into 4-s time windows with a 1-s stride between each window,window,z-score normalisation,yes,yes,,29.29,converted EER,70.71000000000001,0.7071000000000001,,0.7071000000000001,0.8813408447765076,included,,included; accuracy missing and EER is a valid percentage,,,no reported uncertainty,,,,0,,,0,0,No parenthesized uncertainty was reported in the selected accuracy/EER field.
447_DensNet201-3s-Sp10,377,447,DensNet201 3s Sp10,ECG,447|DensNet201 3s Sp10,CNN,dl,CNN with dense connections (DensNet201),13,multiple conditions,Hexoskin Hx1,256 Hz,3 electrodes,5-30 min,5-30 min,1,0,0,0,0,0,0,0,chest/torso,low (one day),10s,16 min,80/20 split within 11 users,2 intruders,,19.03%,,,time frequency via spectrogram,hybrid,,no,Downsampled to 200 Hz; trimmed moving average filter; a third order Butterworth band-pass filter (0.5 Hz-45 Hz); a mean filter,data were divided into 10-s time windows with a 1-s stride between each window,window,z-score normalisation,yes,yes,,19.03,converted EER,80.97,0.8097,,0.8097,1.4480620343899646,included,,included; accuracy missing and EER is a valid percentage,,,no reported uncertainty,,,,0,,,0,0,No parenthesized uncertainty was reported in the selected accuracy/EER field.
447_DensNet201-3s-Mel2,378,447,DensNet201 3s Mel2,ECG,447|DensNet201 3s Mel2,CNN,dl,CNN with dense connections (DensNet201),13,multiple conditions,Hexoskin Hx1,256 Hz,3 electrodes,5-30 min,5-30 min,1,0,0,0,0,0,0,0,chest/torso,low (one day),2s,16 min,80/20 split within 11 users,2 intruders,,38.93%,,,time frequency via mel-spectrogram,hybrid,,no,Downsampled to 200 Hz; trimmed moving average filter; a third order Butterworth band-pass filter (0.5 Hz-45 Hz); a mean filter,data were divided into 2-s time windows with a 1-s stride between each window,window,z-score normalisation,yes,yes,,38.93,converted EER,61.07,0.6107,,0.6107,0.4502555856126791,included,,included; accuracy missing and EER is a valid percentage,,,no reported uncertainty,,,,0,,,0,0,No parenthesized uncertainty was reported in the selected accuracy/EER field.
447_DensNet201-3s-Mel4,379,447,DensNet201 3s Mel4,ECG,447|DensNet201 3s Mel4,CNN,dl,CNN with dense connections (DensNet201),13,multiple conditions,Hexoskin Hx1,256 Hz,3 electrodes,5-30 min,5-30 min,1,0,0,0,0,0,0,0,chest/torso,low (one day),4s,16 min,80/20 split within 11 users,2 intruders,,37.21%,,,time frequency via mel-spectrogram,hybrid,,no,Downsampled to 200 Hz; trimmed moving average filter; a third order Butterworth band-pass filter (0.5 Hz-45 Hz); a mean filter,data were divided into 4-s time windows with a 1-s stride between each window,window,z-score normalisation,yes,yes,,37.21,converted EER,62.79,0.6279,,0.6279,0.523218282767487,included,,included; accuracy missing and EER is a valid percentage,,,no reported uncertainty,,,,0,,,0,0,No parenthesized uncertainty was reported in the selected accuracy/EER field.
447_DensNet201-3s-Mel10,380,447,DensNet201 3s Mel10,ECG,447|DensNet201 3s Mel10,CNN,dl,CNN with dense connections (DensNet201),13,multiple conditions,Hexoskin Hx1,256 Hz,3 electrodes,5-30 min,5-30 min,1,0,0,0,0,0,0,0,chest/torso,low (one day),10s,16 min,80/20 split within 11 users,2 intruders,,28.90%,,,time frequency via mel-spectrogram,hybrid,,no,Downsampled to 200 Hz; trimmed moving average filter; a third order Butterworth band-pass filter (0.5 Hz-45 Hz); a mean filter,data were divided into 10-s time windows with a 1-s stride between each window,window,z-score normalisation,yes,yes,,28.9,converted EER,71.1,0.711,,0.711,0.9002457416908086,included,,included; accuracy missing and EER is a valid percentage,,,no reported uncertainty,,,,0,,,0,0,No parenthesized uncertainty was reported in the selected accuracy/EER field.
447_DensNet201-5s-Sc2,381,447,DensNet201 5s Sc2,ECG,447|DensNet201 5s Sc2,CNN,dl,CNN with dense connections (DensNet201),13,multiple conditions,Hexoskin Hx1,256 Hz,3 electrodes,5-30 min,5-30 min,1,0,0,0,0,0,0,0,chest/torso,low (one day),2s,16 min,80/20 split within 11 users,2 intruders,,30.79%,,,time frequency via scalogram,hybrid,,no,Downsampled to 200 Hz; trimmed moving average filter; a third order Butterworth band-pass filter (0.5 Hz-45 Hz); a mean filter,data were divided into 2-s time windows with a 1-s stride between each window,window,z-score normalisation,yes,yes,,30.79,converted EER,69.21000000000001,0.6921,,0.6921,0.8099553989173632,included,,included; accuracy missing and EER is a valid percentage,,,no reported uncertainty,,,,0,,,0,0,No parenthesized uncertainty was reported in the selected accuracy/EER field.
447_DensNet201-5s-Sc4,382,447,DensNet201 5s Sc4,ECG,447|DensNet201 5s Sc4,CNN,dl,CNN with dense connections (DensNet201),13,multiple conditions,Hexoskin Hx1,256 Hz,3 electrodes,5-30 min,5-30 min,1,0,0,0,0,0,0,0,chest/torso,low (one day),4s,16 min,80/20 split within 11 users,2 intruders,,8.88%,,,time frequency via scalogram,hybrid,,no,Downsampled to 200 Hz; trimmed moving average filter; a third order Butterworth band-pass filter (0.5 Hz-45 Hz); a mean filter,data were divided into 4-s time windows with a 1-s stride between each window,window,z-score normalisation,yes,yes,,8.88,converted EER,91.12,0.9112,,0.9112,2.328375762134848,included,,included; accuracy missing and EER is a valid percentage,,,no reported uncertainty,,,,0,,,0,0,No parenthesized uncertainty was reported in the selected accuracy/EER field.
447_DensNet201-5s-Sc10,383,447,DensNet201 5s Sc10,ECG,447|DensNet201 5s Sc10,CNN,dl,CNN with dense connections (DensNet201),13,multiple conditions,Hexoskin Hx1,256 Hz,3 electrodes,5-30 min,5-30 min,1,0,0,0,0,0,0,0,chest/torso,low (one day),10s,16 min,80/20 split within 11 users,2 intruders,,18.13%,,,time frequency via scalogram,hybrid,,no,Downsampled to 200 Hz; trimmed moving average filter; a third order Butterworth band-pass filter (0.5 Hz-45 Hz); a mean filter,data were divided into 10-s time windows with a 1-s stride between each window,window,z-score normalisation,yes,yes,,18.13,converted EER,81.87,0.8187000000000001,,0.8187000000000001,1.5075645986215978,included,,included; accuracy missing and EER is a valid percentage,,,no reported uncertainty,,,,0,,,0,0,No parenthesized uncertainty was reported in the selected accuracy/EER field.
447_DensNet201-5s-Sp2,384,447,DensNet201 5s Sp2,ECG,447|DensNet201 5s Sp2,CNN,dl,CNN with dense connections (DensNet201),13,multiple conditions,Hexoskin Hx1,256 Hz,3 electrodes,5-30 min,5-30 min,1,0,0,0,0,0,0,0,chest/torso,low (one day),2s,16 min,80/20 split within 11 users,2 intruders,,35.30%,,,time frequency via spectrogram,hybrid,,no,Downsampled to 200 Hz; trimmed moving average filter; a third order Butterworth band-pass filter (0.5 Hz-45 Hz); a mean filter,data were divided into 2-s time windows with a 1-s stride between each window,window,z-score normalisation,yes,yes,,35.3,converted EER,64.7,0.647,,0.647,0.6058782375676038,included,,included; accuracy missing and EER is a valid percentage,,,no reported uncertainty,,,,0,,,0,0,No parenthesized uncertainty was reported in the selected accuracy/EER field.
447_DensNet201-5s-Sp4,385,447,DensNet201 5s Sp4,ECG,447|DensNet201 5s Sp4,CNN,dl,CNN with dense connections (DensNet201),13,multiple conditions,Hexoskin Hx1,256 Hz,3 electrodes,5-30 min,5-30 min,1,0,0,0,0,0,0,0,chest/torso,low (one day),4s,16 min,80/20 split within 11 users,2 intruders,,27.76%,,,time frequency via spectrogram,hybrid,,no,Downsampled to 200 Hz; trimmed moving average filter; a third order Butterworth band-pass filter (0.5 Hz-45 Hz); a mean filter,data were divided into 4-s time windows with a 1-s stride between each window,window,z-score normalisation,yes,yes,,27.76,converted EER,72.24,0.7223999999999999,,0.7223999999999999,0.9563977734701259,included,,included; accuracy missing and EER is a valid percentage,,,no reported uncertainty,,,,0,,,0,0,No parenthesized uncertainty was reported in the selected accuracy/EER field.
447_DensNet201-5s-Sp10,386,447,DensNet201 5s Sp10,ECG,447|DensNet201 5s Sp10,CNN,dl,CNN with dense connections (DensNet201),13,multiple conditions,Hexoskin Hx1,256 Hz,3 electrodes,5-30 min,5-30 min,1,0,0,0,0,0,0,0,chest/torso,low (one day),10s,16 min,80/20 split within 11 users,2 intruders,,18.20%,,,time frequency via spectrogram,hybrid,,no,Downsampled to 200 Hz; trimmed moving average filter; a third order Butterworth band-pass filter (0.5 Hz-45 Hz); a mean filter,data were divided into 10-s time windows with a 1-s stride between each window,window,z-score normalisation,yes,yes,,18.2,converted EER,81.8,0.818,,0.818,1.5028556495259513,included,,included; accuracy missing and EER is a valid percentage,,,no reported uncertainty,,,,0,,,0,0,No parenthesized uncertainty was reported in the selected accuracy/EER field.
447_DensNet201-5s-Mel2,387,447,DensNet201 5s Mel2,ECG,447|DensNet201 5s Mel2,CNN,dl,CNN with dense connections (DensNet201),13,multiple conditions,Hexoskin Hx1,256 Hz,3 electrodes,5-30 min,5-30 min,1,0,0,0,0,0,0,0,chest/torso,low (one day),2s,16 min,80/20 split within 11 users,2 intruders,,41.06%,,,time frequency via mel-spectrogram,hybrid,,no,Downsampled to 200 Hz; trimmed moving average filter; a third order Butterworth band-pass filter (0.5 Hz-45 Hz); a mean filter,data were divided into 2-s time windows with a 1-s stride between each window,window,z-score normalisation,yes,yes,,41.06,converted EER,58.94,0.5893999999999999,,0.5893999999999999,0.3614855657187609,included,,included; accuracy missing and EER is a valid percentage,,,no reported uncertainty,,,,0,,,0,0,No parenthesized uncertainty was reported in the selected accuracy/EER field.
447_DensNet201-5s-Mel4,388,447,DensNet201 5s Mel4,ECG,447|DensNet201 5s Mel4,CNN,dl,CNN with dense connections (DensNet201),13,multiple conditions,Hexoskin Hx1,256 Hz,3 electrodes,5-30 min,5-30 min,1,0,0,0,0,0,0,0,chest/torso,low (one day),4s,16 min,80/20 split within 11 users,2 intruders,,35.62%,,,time frequency via mel-spectrogram,hybrid,,no,Downsampled to 200 Hz; trimmed moving average filter; a third order Butterworth band-pass filter (0.5 Hz-45 Hz); a mean filter,data were divided into 4-s time windows with a 1-s stride between each window,window,z-score normalisation,yes,yes,,35.62,converted EER,64.38,0.6437999999999999,,0.6437999999999999,0.5918957480091462,included,,included; accuracy missing and EER is a valid percentage,,,no reported uncertainty,,,,0,,,0,0,No parenthesized uncertainty was reported in the selected accuracy/EER field.
447_DensNet201-5s-Mel10,389,447,DensNet201 5s Mel10,ECG,447|DensNet201 5s Mel10,CNN,dl,CNN with dense connections (DensNet201),13,multiple conditions,Hexoskin Hx1,256 Hz,3 electrodes,5-30 min,5-30 min,1,0,0,0,0,0,0,0,chest/torso,low (one day),10s,16 min,80/20 split within 11 users,2 intruders,,26.85%,,,time frequency via mel-spectrogram,hybrid,,no,Downsampled to 200 Hz; trimmed moving average filter; a third order Butterworth band-pass filter (0.5 Hz-45 Hz); a mean filter,data were divided into 10-s time windows with a 1-s stride between each window,window,z-score normalisation,yes,yes,,26.85,converted EER,73.15,0.7315,,0.7315,1.00224630651126,included,,included; accuracy missing and EER is a valid percentage,,,no reported uncertainty,,,,0,,,0,0,No parenthesized uncertainty was reported in the selected accuracy/EER field.
447_ResNet50-1s-Sc2-Resting,390,447,ResNet50 1s Sc2 Resting,ECG,447|ResNet50 1s Sc2 Resting,CNN,dl,CNN with residual connections (ResNet50),13,one condition,Hexoskin Hx1,256 Hz,3 electrodes,up to 5 min,up to 5 min,1,0,0,0,0,0,0,0,chest/torso,low (one day),2s,4 min,80/20 split within 11 users,2 intruders,,25.44%,,,time frequency via scalogram,hybrid,,no,Downsampled to 200 Hz; trimmed moving average filter; a third order Butterworth band-pass filter (0.5 Hz-45 Hz); a mean filter,data were divided into 2-s time windows with a 1-s stride between each window,window,z-score normalisation,yes,yes,,25.44,converted EER,74.56,0.7456,,0.7456,1.0752814319054145,included,,included; accuracy missing and EER is a valid percentage,,,no reported uncertainty,,,,0,,,0,0,No parenthesized uncertainty was reported in the selected accuracy/EER field.
447_ResNet50-1s-Sc4-Resting,391,447,ResNet50 1s Sc4 Resting,ECG,447|ResNet50 1s Sc4 Resting,CNN,dl,CNN with residual connections (ResNet50),13,one condition,Hexoskin Hx1,256 Hz,3 electrodes,up to 5 min,up to 5 min,1,0,0,0,0,0,0,0,chest/torso,low (one day),4s,4 min,80/20 split within 11 users,2 intruders,,0.98%,,,time frequency via scalogram,hybrid,,no,Downsampled to 200 Hz; trimmed moving average filter; a third order Butterworth band-pass filter (0.5 Hz-45 Hz); a mean filter,data were divided into 4-s time windows with a 1-s stride between each window,window,z-score normalisation,yes,yes,,0.98,converted EER,99.02,0.9902,,0.9902,4.615524557250794,included,,included; accuracy missing and EER is a valid percentage,,,no reported uncertainty,,,,0,,,0,0,No parenthesized uncertainty was reported in the selected accuracy/EER field.
447_ResNet50-1s-Sc10-Resting,392,447,ResNet50 1s Sc10 Resting,ECG,447|ResNet50 1s Sc10 Resting,CNN,dl,CNN with residual connections (ResNet50),13,one condition,Hexoskin Hx1,256 Hz,3 electrodes,up to 5 min,up to 5 min,1,0,0,0,0,0,0,0,chest/torso,low (one day),10s,4 min,80/20 split within 11 users,2 intruders,,15.83%,,,time frequency via scalogram,hybrid,,no,Downsampled to 200 Hz; trimmed moving average filter; a third order Butterworth band-pass filter (0.5 Hz-45 Hz); a mean filter,data were divided into 10-s time windows with a 1-s stride between each window,window,z-score normalisation,yes,yes,,15.83,converted EER,84.17,0.8417,,0.8417,1.670931689330564,included,,included; accuracy missing and EER is a valid percentage,,,no reported uncertainty,,,,0,,,0,0,No parenthesized uncertainty was reported in the selected accuracy/EER field.
447_ResNet50-1s-Sp2-Resting,393,447,ResNet50 1s Sp2 Resting,ECG,447|ResNet50 1s Sp2 Resting,CNN,dl,CNN with residual connections (ResNet50),13,one condition,Hexoskin Hx1,256 Hz,3 electrodes,up to 5 min,up to 5 min,1,0,0,0,0,0,0,0,chest/torso,low (one day),2s,4 min,80/20 split within 11 users,2 intruders,,30.82%,,,time frequency via spectrogram,hybrid,,no,Downsampled to 200 Hz; trimmed moving average filter; a third order Butterworth band-pass filter (0.5 Hz-45 Hz); a mean filter,data were divided into 2-s time windows with a 1-s stride between each window,window,z-score normalisation,yes,yes,,30.82,converted EER,69.18,0.6918000000000001,,0.6918000000000001,0.8085479736170533,included,,included; accuracy missing and EER is a valid percentage,,,no reported uncertainty,,,,0,,,0,0,No parenthesized uncertainty was reported in the selected accuracy/EER field.
447_ResNet50-1s-Sp4-Resting,394,447,ResNet50 1s Sp4 Resting,ECG,447|ResNet50 1s Sp4 Resting,CNN,dl,CNN with residual connections (ResNet50),13,one condition,Hexoskin Hx1,256 Hz,3 electrodes,up to 5 min,up to 5 min,1,0,0,0,0,0,0,0,chest/torso,low (one day),4s,4 min,80/20 split within 11 users,2 intruders,,25.74%,,,time frequency via spectrogram,hybrid,,no,Downsampled to 200 Hz; trimmed moving average filter; a third order Butterworth band-pass filter (0.5 Hz-45 Hz); a mean filter,data were divided into 4-s time windows with a 1-s stride between each window,window,z-score normalisation,yes,yes,,25.74,converted EER,74.26,0.7426,,0.7426,1.0595262465809536,included,,included; accuracy missing and EER is a valid percentage,,,no reported uncertainty,,,,0,,,0,0,No parenthesized uncertainty was reported in the selected accuracy/EER field.
447_ResNet50-1s-Sp10-Resting,395,447,ResNet50 1s Sp10 Resting,ECG,447|ResNet50 1s Sp10 Resting,CNN,dl,CNN with residual connections (ResNet50),13,one condition,Hexoskin Hx1,256 Hz,3 electrodes,up to 5 min,up to 5 min,1,0,0,0,0,0,0,0,chest/torso,low (one day),10s,4 min,80/20 split within 11 users,2 intruders,,12.62%,,,time frequency via spectrogram,hybrid,,no,Downsampled to 200 Hz; trimmed moving average filter; a third order Butterworth band-pass filter (0.5 Hz-45 Hz); a mean filter,data were divided into 10-s time windows with a 1-s stride between each window,window,z-score normalisation,yes,yes,,12.62,converted EER,87.38,0.8737999999999999,,0.8737999999999999,1.934983566410222,included,,included; accuracy missing and EER is a valid percentage,,,no reported uncertainty,,,,0,,,0,0,No parenthesized uncertainty was reported in the selected accuracy/EER field.
447_ResNet50-1s-Mel2-Resting,396,447,ResNet50 1s Mel2 Resting,ECG,447|ResNet50 1s Mel2 Resting,CNN,dl,CNN with residual connections (ResNet50),13,one condition,Hexoskin Hx1,256 Hz,3 electrodes,up to 5 min,up to 5 min,1,0,0,0,0,0,0,0,chest/torso,low (one day),2s,4 min,80/20 split within 11 users,2 intruders,,38.28%,,,time frequency via mel-spectrogram,hybrid,,no,Downsampled to 200 Hz; trimmed moving average filter; a third order Butterworth band-pass filter (0.5 Hz-45 Hz); a mean filter,data were divided into 2-s time windows with a 1-s stride between each window,window,z-score normalisation,yes,yes,,38.28,converted EER,61.72,0.6172,,0.6172,0.4776804609102064,included,,included; accuracy missing and EER is a valid percentage,,,no reported uncertainty,,,,0,,,0,0,No parenthesized uncertainty was reported in the selected accuracy/EER field.
447_ResNet50-1s-Mel4-Resting,397,447,ResNet50 1s Mel4 Resting,ECG,447|ResNet50 1s Mel4 Resting,CNN,dl,CNN with residual connections (ResNet50),13,one condition,Hexoskin Hx1,256 Hz,3 electrodes,up to 5 min,up to 5 min,1,0,0,0,0,0,0,0,chest/torso,low (one day),4s,4 min,80/20 split within 11 users,2 intruders,,31.35%,,,time frequency via mel-spectrogram,hybrid,,no,Downsampled to 200 Hz; trimmed moving average filter; a third order Butterworth band-pass filter (0.5 Hz-45 Hz); a mean filter,data were divided into 4-s time windows with a 1-s stride between each window,window,z-score normalisation,yes,yes,,31.35,converted EER,68.65,0.6865000000000001,,0.6865000000000001,0.7838068651350508,included,,included; accuracy missing and EER is a valid percentage,,,no reported uncertainty,,,,0,,,0,0,No parenthesized uncertainty was reported in the selected accuracy/EER field.
447_ResNet50-1s-Mel10-Resting,398,447,ResNet50 1s Mel10 Resting,ECG,447|ResNet50 1s Mel10 Resting,CNN,dl,CNN with residual connections (ResNet50),13,one condition,Hexoskin Hx1,256 Hz,3 electrodes,up to 5 min,up to 5 min,1,0,0,0,0,0,0,0,chest/torso,low (one day),10s,4 min,80/20 split within 11 users,2 intruders,,25.54%,,,time frequency via mel-spectrogram,hybrid,,no,Downsampled to 200 Hz; trimmed moving average filter; a third order Butterworth band-pass filter (0.5 Hz-45 Hz); a mean filter,data were divided into 10-s time windows with a 1-s stride between each window,window,z-score normalisation,yes,yes,,25.54,converted EER,74.46000000000001,0.7446,,0.7446,1.0700162178401778,included,,included; accuracy missing and EER is a valid percentage,,,no reported uncertainty,,,,0,,,0,0,No parenthesized uncertainty was reported in the selected accuracy/EER field.
447_ResNet50-3s-Sc2-Resting,399,447,ResNet50 3s Sc2 Resting,ECG,447|ResNet50 3s Sc2 Resting,CNN,dl,CNN with residual connections (ResNet50),13,one condition,Hexoskin Hx1,256 Hz,3 electrodes,up to 5 min,up to 5 min,1,0,0,0,0,0,0,0,chest/torso,low (one day),2s,4 min,80/20 split within 11 users,2 intruders,,21.56%,,,time frequency via scalogram,hybrid,,no,Downsampled to 200 Hz; trimmed moving average filter; a third order Butterworth band-pass filter (0.5 Hz-45 Hz); a mean filter,data were divided into 2-s time windows with a 1-s stride between each window,window,z-score normalisation,yes,yes,,21.56,converted EER,78.44,0.7844,,0.7844,1.291494255287349,included,,included; accuracy missing and EER is a valid percentage,,,no reported uncertainty,,,,0,,,0,0,No parenthesized uncertainty was reported in the selected accuracy/EER field.
447_ResNet50-3s-Sc4-Resting,400,447,ResNet50 3s Sc4 Resting,ECG,447|ResNet50 3s Sc4 Resting,CNN,dl,CNN with residual connections (ResNet50),13,one condition,Hexoskin Hx1,256 Hz,3 electrodes,up to 5 min,up to 5 min,1,0,0,0,0,0,0,0,chest/torso,low (one day),4s,4 min,80/20 split within 11 users,2 intruders,,0.98%,,,time frequency via scalogram,hybrid,,no,Downsampled to 200 Hz; trimmed moving average filter; a third order Butterworth band-pass filter (0.5 Hz-45 Hz); a mean filter,data were divided into 4-s time windows with a 1-s stride between each window,window,z-score normalisation,yes,yes,,0.98,converted EER,99.02,0.9902,,0.9902,4.615524557250794,included,,included; accuracy missing and EER is a valid percentage,,,no reported uncertainty,,,,0,,,0,0,No parenthesized uncertainty was reported in the selected accuracy/EER field.
447_ResNet50-3s-Sc10-Resting,401,447,ResNet50 3s Sc10 Resting,ECG,447|ResNet50 3s Sc10 Resting,CNN,dl,CNN with residual connections (ResNet50),13,one condition,Hexoskin Hx1,256 Hz,3 electrodes,up to 5 min,up to 5 min,1,0,0,0,0,0,0,0,chest/torso,low (one day),10s,4 min,80/20 split within 11 users,2 intruders,,13.12%,,,time frequency via scalogram,hybrid,,no,Downsampled to 200 Hz; trimmed moving average filter; a third order Butterworth band-pass filter (0.5 Hz-45 Hz); a mean filter,data were divided into 10-s time windows with a 1-s stride between each window,window,z-score normalisation,yes,yes,,13.12,converted EER,86.88,0.8687999999999999,,0.8687999999999999,1.8903900726696816,included,,included; accuracy missing and EER is a valid percentage,,,no reported uncertainty,,,,0,,,0,0,No parenthesized uncertainty was reported in the selected accuracy/EER field.
447_ResNet50-3s-Sp2-Resting,402,447,ResNet50 3s Sp2 Resting,ECG,447|ResNet50 3s Sp2 Resting,CNN,dl,CNN with residual connections (ResNet50),13,one condition,Hexoskin Hx1,256 Hz,3 electrodes,up to 5 min,up to 5 min,1,0,0,0,0,0,0,0,chest/torso,low (one day),2s,4 min,80/20 split within 11 users,2 intruders,,26.90%,,,time frequency via spectrogram,hybrid,,no,Downsampled to 200 Hz; trimmed moving average filter; a third order Butterworth band-pass filter (0.5 Hz-45 Hz); a mean filter,data were divided into 2-s time windows with a 1-s stride between each window,window,z-score normalisation,yes,yes,,26.9,converted EER,73.1,0.731,,0.731,0.9997020801479394,included,,included; accuracy missing and EER is a valid percentage,,,no reported uncertainty,,,,0,,,0,0,No parenthesized uncertainty was reported in the selected accuracy/EER field.
447_ResNet50-3s-Sp4-Resting,403,447,ResNet50 3s Sp4 Resting,ECG,447|ResNet50 3s Sp4 Resting,CNN,dl,CNN with residual connections (ResNet50),13,one condition,Hexoskin Hx1,256 Hz,3 electrodes,up to 5 min,up to 5 min,1,0,0,0,0,0,0,0,chest/torso,low (one day),4s,4 min,80/20 split within 11 users,2 intruders,,23.53%,,,time frequency via spectrogram,hybrid,,no,Downsampled to 200 Hz; trimmed moving average filter; a third order Butterworth band-pass filter (0.5 Hz-45 Hz); a mean filter,data were divided into 4-s time windows with a 1-s stride between each window,window,z-score normalisation,yes,yes,,23.53,converted EER,76.47,0.7646999999999999,,0.7646999999999999,1.1786223043168622,included,,included; accuracy missing and EER is a valid percentage,,,no reported uncertainty,,,,0,,,0,0,No parenthesized uncertainty was reported in the selected accuracy/EER field.
447_ResNet50-3s-Sp10-Resting,404,447,ResNet50 3s Sp10 Resting,ECG,447|ResNet50 3s Sp10 Resting,CNN,dl,CNN with residual connections (ResNet50),13,one condition,Hexoskin Hx1,256 Hz,3 electrodes,up to 5 min,up to 5 min,1,0,0,0,0,0,0,0,chest/torso,low (one day),10s,4 min,80/20 split within 11 users,2 intruders,,10.99%,,,time frequency via spectrogram,hybrid,,no,Downsampled to 200 Hz; trimmed moving average filter; a third order Butterworth band-pass filter (0.5 Hz-45 Hz); a mean filter,data were divided into 10-s time windows with a 1-s stride between each window,window,z-score normalisation,yes,yes,,10.99,converted EER,89.01,0.8901,,0.8901,2.09176295455531,included,,included; accuracy missing and EER is a valid percentage,,,no reported uncertainty,,,,0,,,0,0,No parenthesized uncertainty was reported in the selected accuracy/EER field.
447_ResNet50-3s-Mel2-Resting,405,447,ResNet50 3s Mel2 Resting,ECG,447|ResNet50 3s Mel2 Resting,CNN,dl,CNN with residual connections (ResNet50),13,one condition,Hexoskin Hx1,256 Hz,3 electrodes,up to 5 min,up to 5 min,1,0,0,0,0,0,0,0,chest/torso,low (one day),2s,4 min,80/20 split within 11 users,2 intruders,,36.47%,,,time frequency via mel-spectrogram,hybrid,,no,Downsampled to 200 Hz; trimmed moving average filter; a third order Butterworth band-pass filter (0.5 Hz-45 Hz); a mean filter,data were divided into 2-s time windows with a 1-s stride between each window,window,z-score normalisation,yes,yes,,36.47,converted EER,63.53,0.6353,,0.6353,0.5550222304578529,included,,included; accuracy missing and EER is a valid percentage,,,no reported uncertainty,,,,0,,,0,0,No parenthesized uncertainty was reported in the selected accuracy/EER field.
447_ResNet50-3s-Mel4-Resting,406,447,ResNet50 3s Mel4 Resting,ECG,447|ResNet50 3s Mel4 Resting,CNN,dl,CNN with residual connections (ResNet50),13,one condition,Hexoskin Hx1,256 Hz,3 electrodes,up to 5 min,up to 5 min,1,0,0,0,0,0,0,0,chest/torso,low (one day),4s,4 min,80/20 split within 11 users,2 intruders,,31.63%,,,time frequency via mel-spectrogram,hybrid,,no,Downsampled to 200 Hz; trimmed moving average filter; a third order Butterworth band-pass filter (0.5 Hz-45 Hz); a mean filter,data were divided into 4-s time windows with a 1-s stride between each window,window,z-score normalisation,yes,yes,,31.63,converted EER,68.37,0.6837000000000001,,0.6837000000000001,0.7708280946081455,included,,included; accuracy missing and EER is a valid percentage,,,no reported uncertainty,,,,0,,,0,0,No parenthesized uncertainty was reported in the selected accuracy/EER field.
447_ResNet50-3s-Mel10-Resting,407,447,ResNet50 3s Mel10 Resting,ECG,447|ResNet50 3s Mel10 Resting,CNN,dl,CNN with residual connections (ResNet50),13,one condition,Hexoskin Hx1,256 Hz,3 electrodes,up to 5 min,up to 5 min,1,0,0,0,0,0,0,0,chest/torso,low (one day),10s,4 min,80/20 split within 11 users,2 intruders,,23.91%,,,time frequency via mel-spectrogram,hybrid,,no,Downsampled to 200 Hz; trimmed moving average filter; a third order Butterworth band-pass filter (0.5 Hz-45 Hz); a mean filter,data were divided into 10-s time windows with a 1-s stride between each window,window,z-score normalisation,yes,yes,,23.91,converted EER,76.09,0.7609,,0.7609,1.1576200687181981,included,,included; accuracy missing and EER is a valid percentage,,,no reported uncertainty,,,,0,,,0,0,No parenthesized uncertainty was reported in the selected accuracy/EER field.
447_ResNet50-5s-Sc2-Resting,408,447,ResNet50 5s Sc2 Resting,ECG,447|ResNet50 5s Sc2 Resting,CNN,dl,CNN with residual connections (ResNet50),13,one condition,Hexoskin Hx1,256 Hz,3 electrodes,up to 5 min,up to 5 min,1,0,0,0,0,0,0,0,chest/torso,low (one day),2s,4 min,80/20 split within 11 users,2 intruders,,21.98%,,,time frequency via scalogram,hybrid,,no,Downsampled to 200 Hz; trimmed moving average filter; a third order Butterworth band-pass filter (0.5 Hz-45 Hz); a mean filter,data were divided into 2-s time windows with a 1-s stride between each window,window,z-score normalisation,yes,yes,,21.98,converted EER,78.02,0.7802,,0.7802,1.266832255103035,included,,included; accuracy missing and EER is a valid percentage,,,no reported uncertainty,,,,0,,,0,0,No parenthesized uncertainty was reported in the selected accuracy/EER field.
447_ResNet50-5s-Sc4-Resting,409,447,ResNet50 5s Sc4 Resting,ECG,447|ResNet50 5s Sc4 Resting,CNN,dl,CNN with residual connections (ResNet50),13,one condition,Hexoskin Hx1,256 Hz,3 electrodes,up to 5 min,up to 5 min,1,0,0,0,0,0,0,0,chest/torso,low (one day),4s,4 min,80/20 split within 11 users,2 intruders,,0.74%,,,time frequency via scalogram,hybrid,,no,Downsampled to 200 Hz; trimmed moving average filter; a third order Butterworth band-pass filter (0.5 Hz-45 Hz); a mean filter,data were divided into 4-s time windows with a 1-s stride between each window,window,z-score normalisation,yes,yes,,0.74,converted EER,99.26,0.9926,,0.9926,4.898847762943221,included,,included; accuracy missing and EER is a valid percentage,,,no reported uncertainty,,,,0,,,0,0,No parenthesized uncertainty was reported in the selected accuracy/EER field.
447_ResNet50-5s-Sc10-Resting,410,447,ResNet50 5s Sc10 Resting,ECG,447|ResNet50 5s Sc10 Resting,CNN,dl,CNN with residual connections (ResNet50),13,one condition,Hexoskin Hx1,256 Hz,3 electrodes,up to 5 min,up to 5 min,1,0,0,0,0,0,0,0,chest/torso,low (one day),10s,4 min,80/20 split within 11 users,2 intruders,,12.03%,,,time frequency via scalogram,hybrid,,no,Downsampled to 200 Hz; trimmed moving average filter; a third order Butterworth band-pass filter (0.5 Hz-45 Hz); a mean filter,data were divided into 10-s time windows with a 1-s stride between each window,window,z-score normalisation,yes,yes,,12.03,converted EER,87.97,0.8797,,0.8797,1.9895923172779961,included,,included; accuracy missing and EER is a valid percentage,,,no reported uncertainty,,,,0,,,0,0,No parenthesized uncertainty was reported in the selected accuracy/EER field.
447_ResNet50-5s-Sp2-Resting,411,447,ResNet50 5s Sp2 Resting,ECG,447|ResNet50 5s Sp2 Resting,CNN,dl,CNN with residual connections (ResNet50),13,one condition,Hexoskin Hx1,256 Hz,3 electrodes,up to 5 min,up to 5 min,1,0,0,0,0,0,0,0,chest/torso,low (one day),2s,4 min,80/20 split within 11 users,2 intruders,,26.47%,,,time frequency via spectrogram,hybrid,,no,Downsampled to 200 Hz; trimmed moving average filter; a third order Butterworth band-pass filter (0.5 Hz-45 Hz); a mean filter,data were divided into 2-s time windows with a 1-s stride between each window,window,z-score normalisation,yes,yes,,26.47,converted EER,73.53,0.7353000000000001,,0.7353000000000001,1.0216814699691212,included,,included; accuracy missing and EER is a valid percentage,,,no reported uncertainty,,,,0,,,0,0,No parenthesized uncertainty was reported in the selected accuracy/EER field.
447_ResNet50-5s-Sp4-Resting,412,447,ResNet50 5s Sp4 Resting,ECG,447|ResNet50 5s Sp4 Resting,CNN,dl,CNN with residual connections (ResNet50),13,one condition,Hexoskin Hx1,256 Hz,3 electrodes,up to 5 min,up to 5 min,1,0,0,0,0,0,0,0,chest/torso,low (one day),4s,4 min,80/20 split within 11 users,2 intruders,,21.57%,,,time frequency via spectrogram,hybrid,,no,Downsampled to 200 Hz; trimmed moving average filter; a third order Butterworth band-pass filter (0.5 Hz-45 Hz); a mean filter,data were divided into 4-s time windows with a 1-s stride between each window,window,z-score normalisation,yes,yes,,21.57,converted EER,78.43,0.7843000000000001,,0.7843000000000001,1.2909030468235108,included,,included; accuracy missing and EER is a valid percentage,,,no reported uncertainty,,,,0,,,0,0,No parenthesized uncertainty was reported in the selected accuracy/EER field.
447_ResNet50-5s-Sp10-Resting,413,447,ResNet50 5s Sp10 Resting,ECG,447|ResNet50 5s Sp10 Resting,CNN,dl,CNN with residual connections (ResNet50),13,one condition,Hexoskin Hx1,256 Hz,3 electrodes,up to 5 min,up to 5 min,1,0,0,0,0,0,0,0,chest/torso,low (one day),10s,4 min,80/20 split within 11 users,2 intruders,,8.82%,,,time frequency via spectrogram,hybrid,,no,Downsampled to 200 Hz; trimmed moving average filter; a third order Butterworth band-pass filter (0.5 Hz-45 Hz); a mean filter,data were divided into 10-s time windows with a 1-s stride between each window,window,z-score normalisation,yes,yes,,8.82,converted EER,91.18,0.9118,,0.9118,2.335813704766596,included,,included; accuracy missing and EER is a valid percentage,,,no reported uncertainty,,,,0,,,0,0,No parenthesized uncertainty was reported in the selected accuracy/EER field.
447_ResNet50-5s-Mel2-Resting,414,447,ResNet50 5s Mel2 Resting,ECG,447|ResNet50 5s Mel2 Resting,CNN,dl,CNN with residual connections (ResNet50),13,one condition,Hexoskin Hx1,256 Hz,3 electrodes,up to 5 min,up to 5 min,1,0,0,0,0,0,0,0,chest/torso,low (one day),2s,4 min,80/20 split within 11 users,2 intruders,,35.44%,,,time frequency via mel-spectrogram,hybrid,,no,Downsampled to 200 Hz; trimmed moving average filter; a third order Butterworth band-pass filter (0.5 Hz-45 Hz); a mean filter,data were divided into 2-s time windows with a 1-s stride between each window,window,z-score normalisation,yes,yes,,35.44,converted EER,64.56,0.6456000000000001,,0.6456000000000001,0.5997538982248134,included,,included; accuracy missing and EER is a valid percentage,,,no reported uncertainty,,,,0,,,0,0,No parenthesized uncertainty was reported in the selected accuracy/EER field.
447_ResNet50-5s-Mel4-Resting,415,447,ResNet50 5s Mel4 Resting,ECG,447|ResNet50 5s Mel4 Resting,CNN,dl,CNN with residual connections (ResNet50),13,one condition,Hexoskin Hx1,256 Hz,3 electrodes,up to 5 min,up to 5 min,1,0,0,0,0,0,0,0,chest/torso,low (one day),4s,4 min,80/20 split within 11 users,2 intruders,,31.37%,,,time frequency via mel-spectrogram,hybrid,,no,Downsampled to 200 Hz; trimmed moving average filter; a third order Butterworth band-pass filter (0.5 Hz-45 Hz); a mean filter,data were divided into 4-s time windows with a 1-s stride between each window,window,z-score normalisation,yes,yes,,31.37,converted EER,68.63,0.6862999999999999,,0.6862999999999999,0.7828777347179561,included,,included; accuracy missing and EER is a valid percentage,,,no reported uncertainty,,,,0,,,0,0,No parenthesized uncertainty was reported in the selected accuracy/EER field.
447_ResNet50-5s-Mel10-Resting,416,447,ResNet50 5s Mel10 Resting,ECG,447|ResNet50 5s Mel10 Resting,CNN,dl,CNN with residual connections (ResNet50),13,one condition,Hexoskin Hx1,256 Hz,3 electrodes,up to 5 min,up to 5 min,1,0,0,0,0,0,0,0,chest/torso,low (one day),10s,4 min,80/20 split within 11 users,2 intruders,,23.12%,,,time frequency via mel-spectrogram,hybrid,,no,Downsampled to 200 Hz; trimmed moving average filter; a third order Butterworth band-pass filter (0.5 Hz-45 Hz); a mean filter,data were divided into 10-s time windows with a 1-s stride between each window,window,z-score normalisation,yes,yes,,23.12,converted EER,76.88,0.7687999999999999,,0.7687999999999999,1.20154772085786,included,,included; accuracy missing and EER is a valid percentage,,,no reported uncertainty,,,,0,,,0,0,No parenthesized uncertainty was reported in the selected accuracy/EER field.
447_ResNet50-1s-Sc2-Walking,417,447,ResNet50 1s Sc2 Walking,ECG,447|ResNet50 1s Sc2 Walking,CNN,dl,CNN with residual connections (ResNet50),13,one condition,Hexoskin Hx1,256 Hz,3 electrodes,up to 5 min,up to 5 min,1,0,0,0,0,0,0,0,chest/torso,low (one day),2s,4 min,80/20 split within 11 users,2 intruders,,26.08%,,,time frequency via scalogram,hybrid,,no,Downsampled to 200 Hz; trimmed moving average filter; a third order Butterworth band-pass filter (0.5 Hz-45 Hz); a mean filter,data were divided into 2-s time windows with a 1-s stride between each window,window,z-score normalisation,yes,yes,,26.08,converted EER,73.92,0.7392,,0.7392,1.0418146902749763,included,,included; accuracy missing and EER is a valid percentage,,,no reported uncertainty,,,,0,,,0,0,No parenthesized uncertainty was reported in the selected accuracy/EER field.
447_ResNet50-1s-Sc4-Walking,418,447,ResNet50 1s Sc4 Walking,ECG,447|ResNet50 1s Sc4 Walking,CNN,dl,CNN with residual connections (ResNet50),13,one condition,Hexoskin Hx1,256 Hz,3 electrodes,up to 5 min,up to 5 min,1,0,0,0,0,0,0,0,chest/torso,low (one day),4s,4 min,80/20 split within 11 users,2 intruders,,4.29%,,,time frequency via scalogram,hybrid,,no,Downsampled to 200 Hz; trimmed moving average filter; a third order Butterworth band-pass filter (0.5 Hz-45 Hz); a mean filter,data were divided into 4-s time windows with a 1-s stride between each window,window,z-score normalisation,yes,yes,,4.29,converted EER,95.71,0.9571,,0.9571,3.1050360532678885,included,,included; accuracy missing and EER is a valid percentage,,,no reported uncertainty,,,,0,,,0,0,No parenthesized uncertainty was reported in the selected accuracy/EER field.
447_ResNet50-1s-Sc10-Walking,419,447,ResNet50 1s Sc10 Walking,ECG,447|ResNet50 1s Sc10 Walking,CNN,dl,CNN with residual connections (ResNet50),13,one condition,Hexoskin Hx1,256 Hz,3 electrodes,up to 5 min,up to 5 min,1,0,0,0,0,0,0,0,chest/torso,low (one day),10s,4 min,80/20 split within 11 users,2 intruders,,16.38%,,,time frequency via scalogram,hybrid,,no,Downsampled to 200 Hz; trimmed moving average filter; a third order Butterworth band-pass filter (0.5 Hz-45 Hz); a mean filter,data were divided into 10-s time windows with a 1-s stride between each window,window,z-score normalisation,yes,yes,,16.38,converted EER,83.62,0.8362,,0.8362,1.630221647503496,included,,included; accuracy missing and EER is a valid percentage,,,no reported uncertainty,,,,0,,,0,0,No parenthesized uncertainty was reported in the selected accuracy/EER field.
447_ResNet50-1s-Sp2-Walking,420,447,ResNet50 1s Sp2 Walking,ECG,447|ResNet50 1s Sp2 Walking,CNN,dl,CNN with residual connections (ResNet50),13,one condition,Hexoskin Hx1,256 Hz,3 electrodes,up to 5 min,up to 5 min,1,0,0,0,0,0,0,0,chest/torso,low (one day),2s,4 min,80/20 split within 11 users,2 intruders,,33.51%,,,time frequency via spectrogram,hybrid,,no,Downsampled to 200 Hz; trimmed moving average filter; a third order Butterworth band-pass filter (0.5 Hz-45 Hz); a mean filter,data were divided into 2-s time windows with a 1-s stride between each window,window,z-score normalisation,yes,yes,,33.51,converted EER,66.49000000000001,0.6649,,0.6649,0.6852076586651448,included,,included; accuracy missing and EER is a valid percentage,,,no reported uncertainty,,,,0,,,0,0,No parenthesized uncertainty was reported in the selected accuracy/EER field.
447_ResNet50-1s-Sp4-Walking,421,447,ResNet50 1s Sp4 Walking,ECG,447|ResNet50 1s Sp4 Walking,CNN,dl,CNN with residual connections (ResNet50),13,one condition,Hexoskin Hx1,256 Hz,3 electrodes,up to 5 min,up to 5 min,1,0,0,0,0,0,0,0,chest/torso,low (one day),4s,4 min,80/20 split within 11 users,2 intruders,,17.40%,,,time frequency via spectrogram,hybrid,,no,Downsampled to 200 Hz; trimmed moving average filter; a third order Butterworth band-pass filter (0.5 Hz-45 Hz); a mean filter,data were divided into 4-s time windows with a 1-s stride between each window,window,z-score normalisation,yes,yes,,17.4,converted EER,82.6,0.826,,0.826,1.5575394743064488,included,,included; accuracy missing and EER is a valid percentage,,,no reported uncertainty,,,,0,,,0,0,No parenthesized uncertainty was reported in the selected accuracy/EER field.
447_ResNet50-1s-Sp10-Walking,422,447,ResNet50 1s Sp10 Walking,ECG,447|ResNet50 1s Sp10 Walking,CNN,dl,CNN with residual connections (ResNet50),13,one condition,Hexoskin Hx1,256 Hz,3 electrodes,up to 5 min,up to 5 min,1,0,0,0,0,0,0,0,chest/torso,low (one day),10s,4 min,80/20 split within 11 users,2 intruders,,16.43%,,,time frequency via spectrogram,hybrid,,no,Downsampled to 200 Hz; trimmed moving average filter; a third order Butterworth band-pass filter (0.5 Hz-45 Hz); a mean filter,data were divided into 10-s time windows with a 1-s stride between each window,window,z-score normalisation,yes,yes,,16.43,converted EER,83.57,0.8356999999999999,,0.8356999999999999,1.6265756719641673,included,,included; accuracy missing and EER is a valid percentage,,,no reported uncertainty,,,,0,,,0,0,No parenthesized uncertainty was reported in the selected accuracy/EER field.
447_ResNet50-1s-Mel2-Walking,423,447,ResNet50 1s Mel2 Walking,ECG,447|ResNet50 1s Mel2 Walking,CNN,dl,CNN with residual connections (ResNet50),13,one condition,Hexoskin Hx1,256 Hz,3 electrodes,up to 5 min,up to 5 min,1,0,0,0,0,0,0,0,chest/torso,low (one day),2s,4 min,80/20 split within 11 users,2 intruders,,37.65%,,,time frequency via mel-spectrogram,hybrid,,no,Downsampled to 200 Hz; trimmed moving average filter; a third order Butterworth band-pass filter (0.5 Hz-45 Hz); a mean filter,data were divided into 2-s time windows with a 1-s stride between each window,window,z-score normalisation,yes,yes,,37.65,converted EER,62.35,0.6235,,0.6235,0.504430717880143,included,,included; accuracy missing and EER is a valid percentage,,,no reported uncertainty,,,,0,,,0,0,No parenthesized uncertainty was reported in the selected accuracy/EER field.
447_ResNet50-1s-Mel4-Walking,424,447,ResNet50 1s Mel4 Walking,ECG,447|ResNet50 1s Mel4 Walking,CNN,dl,CNN with residual connections (ResNet50),13,one condition,Hexoskin Hx1,256 Hz,3 electrodes,up to 5 min,up to 5 min,1,0,0,0,0,0,0,0,chest/torso,low (one day),4s,4 min,80/20 split within 11 users,2 intruders,,39.92%,,,time frequency via mel-spectrogram,hybrid,,no,Downsampled to 200 Hz; trimmed moving average filter; a third order Butterworth band-pass filter (0.5 Hz-45 Hz); a mean filter,data were divided into 4-s time windows with a 1-s stride between each window,window,z-score normalisation,yes,yes,,39.92,converted EER,60.08,0.6008,,0.6008,0.40879955601261614,included,,included; accuracy missing and EER is a valid percentage,,,no reported uncertainty,,,,0,,,0,0,No parenthesized uncertainty was reported in the selected accuracy/EER field.
447_ResNet50-1s-Mel10-Walking,425,447,ResNet50 1s Mel10 Walking,ECG,447|ResNet50 1s Mel10 Walking,CNN,dl,CNN with residual connections (ResNet50),13,one condition,Hexoskin Hx1,256 Hz,3 electrodes,up to 5 min,up to 5 min,1,0,0,0,0,0,0,0,chest/torso,low (one day),10s,4 min,80/20 split within 11 users,2 intruders,,23.71%,,,time frequency via mel-spectrogram,hybrid,,no,Downsampled to 200 Hz; trimmed moving average filter; a third order Butterworth band-pass filter (0.5 Hz-45 Hz); a mean filter,data were divided into 10-s time windows with a 1-s stride between each window,window,z-score normalisation,yes,yes,,23.71,converted EER,76.28999999999999,0.7628999999999999,,0.7628999999999999,1.1686449680248234,included,,included; accuracy missing and EER is a valid percentage,,,no reported uncertainty,,,,0,,,0,0,No parenthesized uncertainty was reported in the selected accuracy/EER field.
447_ResNet50-3s-Sc2-Walking,426,447,ResNet50 3s Sc2 Walking,ECG,447|ResNet50 3s Sc2 Walking,CNN,dl,CNN with residual connections (ResNet50),13,one condition,Hexoskin Hx1,256 Hz,3 electrodes,up to 5 min,up to 5 min,1,0,0,0,0,0,0,0,chest/torso,low (one day),2s,4 min,80/20 split within 11 users,2 intruders,,26.55%,,,time frequency via scalogram,hybrid,,no,Downsampled to 200 Hz; trimmed moving average filter; a third order Butterworth band-pass filter (0.5 Hz-45 Hz); a mean filter,data were divided into 2-s time windows with a 1-s stride between each window,window,z-score normalisation,yes,yes,,26.55,converted EER,73.45,0.7345,,0.7345,1.0175751549319387,included,,included; accuracy missing and EER is a valid percentage,,,no reported uncertainty,,,,0,,,0,0,No parenthesized uncertainty was reported in the selected accuracy/EER field.
447_ResNet50-3s-Sc4-Walking,427,447,ResNet50 3s Sc4 Walking,ECG,447|ResNet50 3s Sc4 Walking,CNN,dl,CNN with residual connections (ResNet50),13,one condition,Hexoskin Hx1,256 Hz,3 electrodes,up to 5 min,up to 5 min,1,0,0,0,0,0,0,0,chest/torso,low (one day),4s,4 min,80/20 split within 11 users,2 intruders,,4.04%,,,time frequency via scalogram,hybrid,,no,Downsampled to 200 Hz; trimmed moving average filter; a third order Butterworth band-pass filter (0.5 Hz-45 Hz); a mean filter,data were divided into 4-s time windows with a 1-s stride between each window,window,z-score normalisation,yes,yes,,4.04,converted EER,95.96,0.9595999999999999,,0.9595999999999999,3.1676867459984326,included,,included; accuracy missing and EER is a valid percentage,,,no reported uncertainty,,,,0,,,0,0,No parenthesized uncertainty was reported in the selected accuracy/EER field.
447_ResNet50-3s-Sc10-Walking,428,447,ResNet50 3s Sc10 Walking,ECG,447|ResNet50 3s Sc10 Walking,CNN,dl,CNN with residual connections (ResNet50),13,one condition,Hexoskin Hx1,256 Hz,3 electrodes,up to 5 min,up to 5 min,1,0,0,0,0,0,0,0,chest/torso,low (one day),10s,4 min,80/20 split within 11 users,2 intruders,,9.86%,,,time frequency via scalogram,hybrid,,no,Downsampled to 200 Hz; trimmed moving average filter; a third order Butterworth band-pass filter (0.5 Hz-45 Hz); a mean filter,data were divided into 10-s time windows with a 1-s stride between each window,window,z-score normalisation,yes,yes,,9.86,converted EER,90.14,0.9014,,0.9014,2.212877848647958,included,,included; accuracy missing and EER is a valid percentage,,,no reported uncertainty,,,,0,,,0,0,No parenthesized uncertainty was reported in the selected accuracy/EER field.
447_ResNet50-3s-Sp2-Walking,429,447,ResNet50 3s Sp2 Walking,ECG,447|ResNet50 3s Sp2 Walking,CNN,dl,CNN with residual connections (ResNet50),13,one condition,Hexoskin Hx1,256 Hz,3 electrodes,up to 5 min,up to 5 min,1,0,0,0,0,0,0,0,chest/torso,low (one day),2s,4 min,80/20 split within 11 users,2 intruders,,31.35%,,,time frequency via spectrogram,hybrid,,no,Downsampled to 200 Hz; trimmed moving average filter; a third order Butterworth band-pass filter (0.5 Hz-45 Hz); a mean filter,data were divided into 2-s time windows with a 1-s stride between each window,window,z-score normalisation,yes,yes,,31.35,converted EER,68.65,0.6865000000000001,,0.6865000000000001,0.7838068651350508,included,,included; accuracy missing and EER is a valid percentage,,,no reported uncertainty,,,,0,,,0,0,No parenthesized uncertainty was reported in the selected accuracy/EER field.
447_ResNet50-3s-Sp4-Walking,430,447,ResNet50 3s Sp4 Walking,ECG,447|ResNet50 3s Sp4 Walking,CNN,dl,CNN with residual connections (ResNet50),13,one condition,Hexoskin Hx1,256 Hz,3 electrodes,up to 5 min,up to 5 min,1,0,0,0,0,0,0,0,chest/torso,low (one day),4s,4 min,80/20 split within 11 users,2 intruders,,16.42%,,,time frequency via spectrogram,hybrid,,no,Downsampled to 200 Hz; trimmed moving average filter; a third order Butterworth band-pass filter (0.5 Hz-45 Hz); a mean filter,data were divided into 4-s time windows with a 1-s stride between each window,window,z-score normalisation,yes,yes,,16.42,converted EER,83.58,0.8358,,0.8358,1.627304152995487,included,,included; accuracy missing and EER is a valid percentage,,,no reported uncertainty,,,,0,,,0,0,No parenthesized uncertainty was reported in the selected accuracy/EER field.
447_ResNet50-3s-Sp10-Walking,431,447,ResNet50 3s Sp10 Walking,ECG,447|ResNet50 3s Sp10 Walking,CNN,dl,CNN with residual connections (ResNet50),13,one condition,Hexoskin Hx1,256 Hz,3 electrodes,up to 5 min,up to 5 min,1,0,0,0,0,0,0,0,chest/torso,low (one day),10s,4 min,80/20 split within 11 users,2 intruders,,12.62%,,,time frequency via spectrogram,hybrid,,no,Downsampled to 200 Hz; trimmed moving average filter; a third order Butterworth band-pass filter (0.5 Hz-45 Hz); a mean filter,data were divided into 10-s time windows with a 1-s stride between each window,window,z-score normalisation,yes,yes,,12.62,converted EER,87.38,0.8737999999999999,,0.8737999999999999,1.934983566410222,included,,included; accuracy missing and EER is a valid percentage,,,no reported uncertainty,,,,0,,,0,0,No parenthesized uncertainty was reported in the selected accuracy/EER field.
447_ResNet50-3s-Mel2-Walking,432,447,ResNet50 3s Mel2 Walking,ECG,447|ResNet50 3s Mel2 Walking,CNN,dl,CNN with residual connections (ResNet50),13,one condition,Hexoskin Hx1,256 Hz,3 electrodes,up to 5 min,up to 5 min,1,0,0,0,0,0,0,0,chest/torso,low (one day),2s,4 min,80/20 split within 11 users,2 intruders,,36.62%,,,time frequency via mel-spectrogram,hybrid,,no,Downsampled to 200 Hz; trimmed moving average filter; a third order Butterworth band-pass filter (0.5 Hz-45 Hz); a mean filter,data were divided into 2-s time windows with a 1-s stride between each window,window,z-score normalisation,yes,yes,,36.62,converted EER,63.38,0.6338,,0.6338,0.5485538150164101,included,,included; accuracy missing and EER is a valid percentage,,,no reported uncertainty,,,,0,,,0,0,No parenthesized uncertainty was reported in the selected accuracy/EER field.
447_ResNet50-3s-Mel4-Walking,433,447,ResNet50 3s Mel4 Walking,ECG,447|ResNet50 3s Mel4 Walking,CNN,dl,CNN with residual connections (ResNet50),13,one condition,Hexoskin Hx1,256 Hz,3 electrodes,up to 5 min,up to 5 min,1,0,0,0,0,0,0,0,chest/torso,low (one day),4s,4 min,80/20 split within 11 users,2 intruders,,31.67%,,,time frequency via mel-spectrogram,hybrid,,no,Downsampled to 200 Hz; trimmed moving average filter; a third order Butterworth band-pass filter (0.5 Hz-45 Hz); a mean filter,data were divided into 4-s time windows with a 1-s stride between each window,window,z-score normalisation,yes,yes,,31.67,converted EER,68.33,0.6833,,0.6833,0.7689790482421386,included,,included; accuracy missing and EER is a valid percentage,,,no reported uncertainty,,,,0,,,0,0,No parenthesized uncertainty was reported in the selected accuracy/EER field.
447_ResNet50-3s-Mel10-Walking,434,447,ResNet50 3s Mel10 Walking,ECG,447|ResNet50 3s Mel10 Walking,CNN,dl,CNN with residual connections (ResNet50),13,one condition,Hexoskin Hx1,256 Hz,3 electrodes,up to 5 min,up to 5 min,1,0,0,0,0,0,0,0,chest/torso,low (one day),10s,4 min,80/20 split within 11 users,2 intruders,,21.47%,,,time frequency via mel-spectrogram,hybrid,,no,Downsampled to 200 Hz; trimmed moving average filter; a third order Butterworth band-pass filter (0.5 Hz-45 Hz); a mean filter,data were divided into 10-s time windows with a 1-s stride between each window,window,z-score normalisation,yes,yes,,21.47,converted EER,78.53,0.7853,,0.7853,1.2968241054960936,included,,included; accuracy missing and EER is a valid percentage,,,no reported uncertainty,,,,0,,,0,0,No parenthesized uncertainty was reported in the selected accuracy/EER field.
447_ResNet50-5s-Sc2-Walking,435,447,ResNet50 5s Sc2 Walking,ECG,447|ResNet50 5s Sc2 Walking,CNN,dl,CNN with residual connections (ResNet50),13,one condition,Hexoskin Hx1,256 Hz,3 electrodes,up to 5 min,up to 5 min,1,0,0,0,0,0,0,0,chest/torso,low (one day),2s,4 min,80/20 split within 11 users,2 intruders,,24.20%,,,time frequency via scalogram,hybrid,,no,Downsampled to 200 Hz; trimmed moving average filter; a third order Butterworth band-pass filter (0.5 Hz-45 Hz); a mean filter,data were divided into 2-s time windows with a 1-s stride between each window,window,z-score normalisation,yes,yes,,24.2,converted EER,75.8,0.758,,0.758,1.1417456594856852,included,,included; accuracy missing and EER is a valid percentage,,,no reported uncertainty,,,,0,,,0,0,No parenthesized uncertainty was reported in the selected accuracy/EER field.
447_ResNet50-5s-Sc4-Walking,436,447,ResNet50 5s Sc4 Walking,ECG,447|ResNet50 5s Sc4 Walking,CNN,dl,CNN with residual connections (ResNet50),13,one condition,Hexoskin Hx1,256 Hz,3 electrodes,up to 5 min,up to 5 min,1,0,0,0,0,0,0,0,chest/torso,low (one day),4s,4 min,80/20 split within 11 users,2 intruders,,3.80%,,,time frequency via scalogram,hybrid,,no,Downsampled to 200 Hz; trimmed moving average filter; a third order Butterworth band-pass filter (0.5 Hz-45 Hz); a mean filter,data were divided into 4-s time windows with a 1-s stride between each window,window,z-score normalisation,yes,yes,,3.8,converted EER,96.2,0.9620000000000001,,0.9620000000000001,3.231428290939323,included,,included; accuracy missing and EER is a valid percentage,,,no reported uncertainty,,,,0,,,0,0,No parenthesized uncertainty was reported in the selected accuracy/EER field.
447_ResNet50-5s-Sc10-Walking,437,447,ResNet50 5s Sc10 Walking,ECG,447|ResNet50 5s Sc10 Walking,CNN,dl,CNN with residual connections (ResNet50),13,one condition,Hexoskin Hx1,256 Hz,3 electrodes,up to 5 min,up to 5 min,1,0,0,0,0,0,0,0,chest/torso,low (one day),10s,4 min,80/20 split within 11 users,2 intruders,,15.97%,,,time frequency via scalogram,hybrid,,no,Downsampled to 200 Hz; trimmed moving average filter; a third order Butterworth band-pass filter (0.5 Hz-45 Hz); a mean filter,data were divided into 10-s time windows with a 1-s stride between each window,window,z-score normalisation,yes,yes,,15.97,converted EER,84.03,0.8403,,0.8403,1.6604619157132061,included,,included; accuracy missing and EER is a valid percentage,,,no reported uncertainty,,,,0,,,0,0,No parenthesized uncertainty was reported in the selected accuracy/EER field.
447_ResNet50-5s-Sp2-Walking,438,447,ResNet50 5s Sp2 Walking,ECG,447|ResNet50 5s Sp2 Walking,CNN,dl,CNN with residual connections (ResNet50),13,one condition,Hexoskin Hx1,256 Hz,3 electrodes,up to 5 min,up to 5 min,1,0,0,0,0,0,0,0,chest/torso,low (one day),2s,4 min,80/20 split within 11 users,2 intruders,,30.96%,,,time frequency via spectrogram,hybrid,,no,Downsampled to 200 Hz; trimmed moving average filter; a third order Butterworth band-pass filter (0.5 Hz-45 Hz); a mean filter,data were divided into 2-s time windows with a 1-s stride between each window,window,z-score normalisation,yes,yes,,30.96,converted EER,69.03999999999999,0.6903999999999999,,0.6903999999999999,0.8019899980536456,included,,included; accuracy missing and EER is a valid percentage,,,no reported uncertainty,,,,0,,,0,0,No parenthesized uncertainty was reported in the selected accuracy/EER field.
447_ResNet50-5s-Sp4-Walking,439,447,ResNet50 5s Sp4 Walking,ECG,447|ResNet50 5s Sp4 Walking,CNN,dl,CNN with residual connections (ResNet50),13,one condition,Hexoskin Hx1,256 Hz,3 electrodes,up to 5 min,up to 5 min,1,0,0,0,0,0,0,0,chest/torso,low (one day),4s,4 min,80/20 split within 11 users,2 intruders,,16.24%,,,time frequency via spectrogram,hybrid,,no,Downsampled to 200 Hz; trimmed moving average filter; a third order Butterworth band-pass filter (0.5 Hz-45 Hz); a mean filter,data were divided into 4-s time windows with a 1-s stride between each window,window,z-score normalisation,yes,yes,,16.24,converted EER,83.76,0.8376,,0.8376,1.6404782318287496,included,,included; accuracy missing and EER is a valid percentage,,,no reported uncertainty,,,,0,,,0,0,No parenthesized uncertainty was reported in the selected accuracy/EER field.
447_ResNet50-5s-Sp10-Walking,440,447,ResNet50 5s Sp10 Walking,ECG,447|ResNet50 5s Sp10 Walking,CNN,dl,CNN with residual connections (ResNet50),13,one condition,Hexoskin Hx1,256 Hz,3 electrodes,up to 5 min,up to 5 min,1,0,0,0,0,0,0,0,chest/torso,low (one day),10s,4 min,80/20 split within 11 users,2 intruders,,10.99%,,,time frequency via spectrogram,hybrid,,no,Downsampled to 200 Hz; trimmed moving average filter; a third order Butterworth band-pass filter (0.5 Hz-45 Hz); a mean filter,data were divided into 10-s time windows with a 1-s stride between each window,window,z-score normalisation,yes,yes,,10.99,converted EER,89.01,0.8901,,0.8901,2.09176295455531,included,,included; accuracy missing and EER is a valid percentage,,,no reported uncertainty,,,,0,,,0,0,No parenthesized uncertainty was reported in the selected accuracy/EER field.
447_ResNet50-5s-Mel2-Walking,441,447,ResNet50 5s Mel2 Walking,ECG,447|ResNet50 5s Mel2 Walking,CNN,dl,CNN with residual connections (ResNet50),13,one condition,Hexoskin Hx1,256 Hz,3 electrodes,up to 5 min,up to 5 min,1,0,0,0,0,0,0,0,chest/torso,low (one day),2s,4 min,80/20 split within 11 users,2 intruders,,36.47%,,,time frequency via mel-spectrogram,hybrid,,no,Downsampled to 200 Hz; trimmed moving average filter; a third order Butterworth band-pass filter (0.5 Hz-45 Hz); a mean filter,data were divided into 2-s time windows with a 1-s stride between each window,window,z-score normalisation,yes,yes,,36.47,converted EER,63.53,0.6353,,0.6353,0.5550222304578529,included,,included; accuracy missing and EER is a valid percentage,,,no reported uncertainty,,,,0,,,0,0,No parenthesized uncertainty was reported in the selected accuracy/EER field.
447_ResNet50-5s-Mel4-Walking,442,447,ResNet50 5s Mel4 Walking,ECG,447|ResNet50 5s Mel4 Walking,CNN,dl,CNN with residual connections (ResNet50),13,one condition,Hexoskin Hx1,256 Hz,3 electrodes,up to 5 min,up to 5 min,1,0,0,0,0,0,0,0,chest/torso,low (one day),4s,4 min,80/20 split within 11 users,2 intruders,,32.51%,,,time frequency via mel-spectrogram,hybrid,,no,Downsampled to 200 Hz; trimmed moving average filter; a third order Butterworth band-pass filter (0.5 Hz-45 Hz); a mean filter,data were divided into 4-s time windows with a 1-s stride between each window,window,z-score normalisation,yes,yes,,32.51,converted EER,67.49000000000001,0.67490000000000006,,0.67490000000000006,0.7304317044395013,included,,included; accuracy missing and EER is a valid percentage,,,no reported uncertainty,,,,0,,,0,0,No parenthesized uncertainty was reported in the selected accuracy/EER field.
447_ResNet50-5s-Mel10-Walking,443,447,ResNet50 5s Mel10 Walking,ECG,447|ResNet50 5s Mel10 Walking,CNN,dl,CNN with residual connections (ResNet50),13,one condition,Hexoskin Hx1,256 Hz,3 electrodes,up to 5 min,up to 5 min,1,0,0,0,0,0,0,0,chest/torso,low (one day),10s,4 min,80/20 split within 11 users,2 intruders,,21.74%,,,time frequency via mel-spectrogram,hybrid,,no,Downsampled to 200 Hz; trimmed moving average filter; a third order Butterworth band-pass filter (0.5 Hz-45 Hz); a mean filter,data were divided into 10-s time windows with a 1-s stride between each window,window,z-score normalisation,yes,yes,,21.74,converted EER,78.26,0.7826000000000001,,0.7826000000000001,1.2808827350892034,included,,included; accuracy missing and EER is a valid percentage,,,no reported uncertainty,,,,0,,,0,0,No parenthesized uncertainty was reported in the selected accuracy/EER field.
447_ResNet50-1s-Sc2-Standing,444,447,ResNet50 1s Sc2 Standing,ECG,447|ResNet50 1s Sc2 Standing,CNN,dl,CNN with residual connections (ResNet50),13,one condition,Hexoskin Hx1,256 Hz,3 electrodes,up to 5 min,up to 5 min,1,0,0,0,0,0,0,0,chest/torso,low (one day),2s,4 min,80/20 split within 11 users,2 intruders,,26.55%,,,time frequency via scalogram,hybrid,,no,Downsampled to 200 Hz; trimmed moving average filter; a third order Butterworth band-pass filter (0.5 Hz-45 Hz); a mean filter,data were divided into 2-s time windows with a 1-s stride between each window,window,z-score normalisation,yes,yes,,26.55,converted EER,73.45,0.7345,,0.7345,1.0175751549319387,included,,included; accuracy missing and EER is a valid percentage,,,no reported uncertainty,,,,0,,,0,0,No parenthesized uncertainty was reported in the selected accuracy/EER field.
447_ResNet50-1s-Sc4-Standing,445,447,ResNet50 1s Sc4 Standing,ECG,447|ResNet50 1s Sc4 Standing,CNN,dl,CNN with residual connections (ResNet50),13,one condition,Hexoskin Hx1,256 Hz,3 electrodes,up to 5 min,up to 5 min,1,0,0,0,0,0,0,0,chest/torso,low (one day),4s,4 min,80/20 split within 11 users,2 intruders,,0.61%,,,time frequency via scalogram,hybrid,,no,Downsampled to 200 Hz; trimmed moving average filter; a third order Butterworth band-pass filter (0.5 Hz-45 Hz); a mean filter,data were divided into 4-s time windows with a 1-s stride between each window,window,z-score normalisation,yes,yes,,0.61,converted EER,99.39,0.9939,,0.9939,5.0933478267946954,included,,included; accuracy missing and EER is a valid percentage,,,no reported uncertainty,,,,0,,,0,0,No parenthesized uncertainty was reported in the selected accuracy/EER field.
447_ResNet50-1s-Sc10-Standing,446,447,ResNet50 1s Sc10 Standing,ECG,447|ResNet50 1s Sc10 Standing,CNN,dl,CNN with residual connections (ResNet50),13,one condition,Hexoskin Hx1,256 Hz,3 electrodes,up to 5 min,up to 5 min,1,0,0,0,0,0,0,0,chest/torso,low (one day),10s,4 min,80/20 split within 11 users,2 intruders,,14.13%,,,time frequency via scalogram,hybrid,,no,Downsampled to 200 Hz; trimmed moving average filter; a third order Butterworth band-pass filter (0.5 Hz-45 Hz); a mean filter,data were divided into 10-s time windows with a 1-s stride between each window,window,z-score normalisation,yes,yes,,14.13,converted EER,85.87,0.8587,,0.8587,1.8045343279879573,included,,included; accuracy missing and EER is a valid percentage,,,no reported uncertainty,,,,0,,,0,0,No parenthesized uncertainty was reported in the selected accuracy/EER field.
447_ResNet50-1s-Sp2-Standing,447,447,ResNet50 1s Sp2 Standing,ECG,447|ResNet50 1s Sp2 Standing,CNN,dl,CNN with residual connections (ResNet50),13,one condition,Hexoskin Hx1,256 Hz,3 electrodes,up to 5 min,up to 5 min,1,0,0,0,0,0,0,0,chest/torso,low (one day),2s,4 min,80/20 split within 11 users,2 intruders,,33.09%,,,time frequency via spectrogram,hybrid,,no,Downsampled to 200 Hz; trimmed moving average filter; a third order Butterworth band-pass filter (0.5 Hz-45 Hz); a mean filter,data were divided into 2-s time windows with a 1-s stride between each window,window,z-score normalisation,yes,yes,,33.09,converted EER,66.91,0.6690999999999999,,0.6690999999999999,0.7041173108612044,included,,included; accuracy missing and EER is a valid percentage,,,no reported uncertainty,,,,0,,,0,0,No parenthesized uncertainty was reported in the selected accuracy/EER field.
447_ResNet50-1s-Sp4-Standing,448,447,ResNet50 1s Sp4 Standing,ECG,447|ResNet50 1s Sp4 Standing,CNN,dl,CNN with residual connections (ResNet50),13,one condition,Hexoskin Hx1,256 Hz,3 electrodes,up to 5 min,up to 5 min,1,0,0,0,0,0,0,0,chest/torso,low (one day),4s,4 min,80/20 split within 11 users,2 intruders,,22.79%,,,time frequency via spectrogram,hybrid,,no,Downsampled to 200 Hz; trimmed moving average filter; a third order Butterworth band-pass filter (0.5 Hz-45 Hz); a mean filter,data were divided into 4-s time windows with a 1-s stride between each window,window,z-score normalisation,yes,yes,,22.79,converted EER,77.21000000000001,0.7721000000000001,,0.7721000000000001,1.2202071390631322,included,,included; accuracy missing and EER is a valid percentage,,,no reported uncertainty,,,,0,,,0,0,No parenthesized uncertainty was reported in the selected accuracy/EER field.
447_ResNet50-1s-Sp10-Standing,449,447,ResNet50 1s Sp10 Standing,ECG,447|ResNet50 1s Sp10 Standing,CNN,dl,CNN with residual connections (ResNet50),13,one condition,Hexoskin Hx1,256 Hz,3 electrodes,up to 5 min,up to 5 min,1,0,0,0,0,0,0,0,chest/torso,low (one day),10s,4 min,80/20 split within 11 users,2 intruders,,11.75%,,,time frequency via spectrogram,hybrid,,no,Downsampled to 200 Hz; trimmed moving average filter; a third order Butterworth band-pass filter (0.5 Hz-45 Hz); a mean filter,data were divided into 10-s time windows with a 1-s stride between each window,window,z-score normalisation,yes,yes,,11.75,converted EER,88.25,0.8825,,0.8825,2.0163204552232377,included,,included; accuracy missing and EER is a valid percentage,,,no reported uncertainty,,,,0,,,0,0,No parenthesized uncertainty was reported in the selected accuracy/EER field.
447_ResNet50-1s-Mel2-Standing,450,447,ResNet50 1s Mel2 Standing,ECG,447|ResNet50 1s Mel2 Standing,CNN,dl,CNN with residual connections (ResNet50),13,one condition,Hexoskin Hx1,256 Hz,3 electrodes,up to 5 min,up to 5 min,1,0,0,0,0,0,0,0,chest/torso,low (one day),2s,4 min,80/20 split within 11 users,2 intruders,,37.35%,,,time frequency via mel-spectrogram,hybrid,,no,Downsampled to 200 Hz; trimmed moving average filter; a third order Butterworth band-pass filter (0.5 Hz-45 Hz); a mean filter,data were divided into 2-s time windows with a 1-s stride between each window,window,z-score normalisation,yes,yes,,37.35,converted EER,62.65,0.6265,,0.6265,0.5172307697632508,included,,included; accuracy missing and EER is a valid percentage,,,no reported uncertainty,,,,0,,,0,0,No parenthesized uncertainty was reported in the selected accuracy/EER field.
447_ResNet50-1s-Mel4-Standing,451,447,ResNet50 1s Mel4 Standing,ECG,447|ResNet50 1s Mel4 Standing,CNN,dl,CNN with residual connections (ResNet50),13,one condition,Hexoskin Hx1,256 Hz,3 electrodes,up to 5 min,up to 5 min,1,0,0,0,0,0,0,0,chest/torso,low (one day),4s,4 min,80/20 split within 11 users,2 intruders,,34.88%,,,time frequency via mel-spectrogram,hybrid,,no,Downsampled to 200 Hz; trimmed moving average filter; a third order Butterworth band-pass filter (0.5 Hz-45 Hz); a mean filter,data were divided into 4-s time windows with a 1-s stride between each window,window,z-score normalisation,yes,yes,,34.88,converted EER,65.12,0.6512,,0.6512,0.624318122653506,included,,included; accuracy missing and EER is a valid percentage,,,no reported uncertainty,,,,0,,,0,0,No parenthesized uncertainty was reported in the selected accuracy/EER field.
447_ResNet50-1s-Mel10-Standing,452,447,ResNet50 1s Mel10 Standing,ECG,447|ResNet50 1s Mel10 Standing,CNN,dl,CNN with residual connections (ResNet50),13,one condition,Hexoskin Hx1,256 Hz,3 electrodes,up to 5 min,up to 5 min,1,0,0,0,0,0,0,0,chest/torso,low (one day),10s,4 min,80/20 split within 11 users,2 intruders,,23.37%,,,time frequency via mel-spectrogram,hybrid,,no,Downsampled to 200 Hz; trimmed moving average filter; a third order Butterworth band-pass filter (0.5 Hz-45 Hz); a mean filter,data were divided into 10-s time windows with a 1-s stride between each window,window,z-score normalisation,yes,yes,,23.37,converted EER,76.63,0.7663,,0.7663,1.187535496431546,included,,included; accuracy missing and EER is a valid percentage,,,no reported uncertainty,,,,0,,,0,0,No parenthesized uncertainty was reported in the selected accuracy/EER field.
447_ResNet50-3s-Sc2-Standing,453,447,ResNet50 3s Sc2 Standing,ECG,447|ResNet50 3s Sc2 Standing,CNN,dl,CNN with residual connections (ResNet50),13,one condition,Hexoskin Hx1,256 Hz,3 electrodes,up to 5 min,up to 5 min,1,0,0,0,0,0,0,0,chest/torso,low (one day),2s,4 min,80/20 split within 11 users,2 intruders,,24.79%,,,time frequency via scalogram,hybrid,,no,Downsampled to 200 Hz; trimmed moving average filter; a third order Butterworth band-pass filter (0.5 Hz-45 Hz); a mean filter,data were divided into 2-s time windows with a 1-s stride between each window,window,z-score normalisation,yes,yes,,24.79,converted EER,75.21000000000001,0.7521000000000001,,0.7521000000000001,1.109843854791213,included,,included; accuracy missing and EER is a valid percentage,,,no reported uncertainty,,,,0,,,0,0,No parenthesized uncertainty was reported in the selected accuracy/EER field.
447_ResNet50-3s-Sc4-Standing,454,447,ResNet50 3s Sc4 Standing,ECG,447|ResNet50 3s Sc4 Standing,CNN,dl,CNN with residual connections (ResNet50),13,one condition,Hexoskin Hx1,256 Hz,3 electrodes,up to 5 min,up to 5 min,1,0,0,0,0,0,0,0,chest/torso,low (one day),4s,4 min,80/20 split within 11 users,2 intruders,,0.61%,,,time frequency via scalogram,hybrid,,no,Downsampled to 200 Hz; trimmed moving average filter; a third order Butterworth band-pass filter (0.5 Hz-45 Hz); a mean filter,data were divided into 4-s time windows with a 1-s stride between each window,window,z-score normalisation,yes,yes,,0.61,converted EER,99.39,0.9939,,0.9939,5.0933478267946954,included,,included; accuracy missing and EER is a valid percentage,,,no reported uncertainty,,,,0,,,0,0,No parenthesized uncertainty was reported in the selected accuracy/EER field.
447_ResNet50-3s-Sc10-Standing,455,447,ResNet50 3s Sc10 Standing,ECG,447|ResNet50 3s Sc10 Standing,CNN,dl,CNN with residual connections (ResNet50),13,one condition,Hexoskin Hx1,256 Hz,3 electrodes,up to 5 min,up to 5 min,1,0,0,0,0,0,0,0,chest/torso,low (one day),10s,4 min,80/20 split within 11 users,2 intruders,,12.50%,,,time frequency via scalogram,hybrid,,no,Downsampled to 200 Hz; trimmed moving average filter; a third order Butterworth band-pass filter (0.5 Hz-45 Hz); a mean filter,data were divided into 10-s time windows with a 1-s stride between each window,window,z-score normalisation,yes,yes,,12.5,converted EER,87.5,0.875,,0.875,1.9459101490553132,included,,included; accuracy missing and EER is a valid percentage,,,no reported uncertainty,,,,0,,,0,0,No parenthesized uncertainty was reported in the selected accuracy/EER field.
447_ResNet50-3s-Sp2-Standing,456,447,ResNet50 3s Sp2 Standing,ECG,447|ResNet50 3s Sp2 Standing,CNN,dl,CNN with residual connections (ResNet50),13,one condition,Hexoskin Hx1,256 Hz,3 electrodes,up to 5 min,up to 5 min,1,0,0,0,0,0,0,0,chest/torso,low (one day),2s,4 min,80/20 split within 11 users,2 intruders,,31.32%,,,time frequency via spectrogram,hybrid,,no,Downsampled to 200 Hz; trimmed moving average filter; a third order Butterworth band-pass filter (0.5 Hz-45 Hz); a mean filter,data were divided into 2-s time windows with a 1-s stride between each window,window,z-score normalisation,yes,yes,,31.32,converted EER,68.68,0.6868000000000001,,0.6868000000000001,0.7852011649066728,included,,included; accuracy missing and EER is a valid percentage,,,no reported uncertainty,,,,0,,,0,0,No parenthesized uncertainty was reported in the selected accuracy/EER field.
447_ResNet50-3s-Sp4-Standing,457,447,ResNet50 3s Sp4 Standing,ECG,447|ResNet50 3s Sp4 Standing,CNN,dl,CNN with residual connections (ResNet50),13,one condition,Hexoskin Hx1,256 Hz,3 electrodes,up to 5 min,up to 5 min,1,0,0,0,0,0,0,0,chest/torso,low (one day),4s,4 min,80/20 split within 11 users,2 intruders,,21.65%,,,time frequency via spectrogram,hybrid,,no,Downsampled to 200 Hz; trimmed moving average filter; a third order Butterworth band-pass filter (0.5 Hz-45 Hz); a mean filter,data were divided into 4-s time windows with a 1-s stride between each window,window,z-score normalisation,yes,yes,,21.65,converted EER,78.35,0.7835,,0.7835,1.2861805143535308,included,,included; accuracy missing and EER is a valid percentage,,,no reported uncertainty,,,,0,,,0,0,No parenthesized uncertainty was reported in the selected accuracy/EER field.
447_ResNet50-3s-Sp10-Standing,458,447,ResNet50 3s Sp10 Standing,ECG,447|ResNet50 3s Sp10 Standing,CNN,dl,CNN with residual connections (ResNet50),13,one condition,Hexoskin Hx1,256 Hz,3 electrodes,up to 5 min,up to 5 min,1,0,0,0,0,0,0,0,chest/torso,low (one day),10s,4 min,80/20 split within 11 users,2 intruders,,9.29%,,,time frequency via spectrogram,hybrid,,no,Downsampled to 200 Hz; trimmed moving average filter; a third order Butterworth band-pass filter (0.5 Hz-45 Hz); a mean filter,data were divided into 10-s time windows with a 1-s stride between each window,window,z-score normalisation,yes,yes,,9.29,converted EER,90.71000000000001,0.9071000000000001,,0.9071000000000001,2.278729051801107,included,,included; accuracy missing and EER is a valid percentage,,,no reported uncertainty,,,,0,,,0,0,No parenthesized uncertainty was reported in the selected accuracy/EER field.
447_ResNet50-3s-Mel2-Standing,459,447,ResNet50 3s Mel2 Standing,ECG,447|ResNet50 3s Mel2 Standing,CNN,dl,CNN with residual connections (ResNet50),13,one condition,Hexoskin Hx1,256 Hz,3 electrodes,up to 5 min,up to 5 min,1,0,0,0,0,0,0,0,chest/torso,low (one day),2s,4 min,80/20 split within 11 users,2 intruders,,36.32%,,,time frequency via mel-spectrogram,hybrid,,no,Downsampled to 200 Hz; trimmed moving average filter; a third order Butterworth band-pass filter (0.5 Hz-45 Hz); a mean filter,data were divided into 2-s time windows with a 1-s stride between each window,window,z-score normalisation,yes,yes,,36.32,converted EER,63.68,0.6368,,0.6368,0.5615019878030352,included,,included; accuracy missing and EER is a valid percentage,,,no reported uncertainty,,,,0,,,0,0,No parenthesized uncertainty was reported in the selected accuracy/EER field.
447_ResNet50-3s-Mel4-Standing,460,447,ResNet50 3s Mel4 Standing,ECG,447|ResNet50 3s Mel4 Standing,CNN,dl,CNN with residual connections (ResNet50),13,one condition,Hexoskin Hx1,256 Hz,3 electrodes,up to 5 min,up to 5 min,1,0,0,0,0,0,0,0,chest/torso,low (one day),4s,4 min,80/20 split within 11 users,2 intruders,,33.57%,,,time frequency via mel-spectrogram,hybrid,,no,Downsampled to 200 Hz; trimmed moving average filter; a third order Butterworth band-pass filter (0.5 Hz-45 Hz); a mean filter,data were divided into 4-s time windows with a 1-s stride between each window,window,z-score normalisation,yes,yes,,33.57,converted EER,66.43,0.6643000000000001,,0.6643000000000001,0.6825159506852068,included,,included; accuracy missing and EER is a valid percentage,,,no reported uncertainty,,,,0,,,0,0,No parenthesized uncertainty was reported in the selected accuracy/EER field.
447_ResNet50-3s-Mel10-Standing,461,447,ResNet50 3s Mel10 Standing,ECG,447|ResNet50 3s Mel10 Standing,CNN,dl,CNN with residual connections (ResNet50),13,one condition,Hexoskin Hx1,256 Hz,3 electrodes,up to 5 min,up to 5 min,1,0,0,0,0,0,0,0,chest/torso,low (one day),10s,4 min,80/20 split within 11 users,2 intruders,,21.20%,,,time frequency via mel-spectrogram,hybrid,,no,Downsampled to 200 Hz; trimmed moving average filter; a third order Butterworth band-pass filter (0.5 Hz-45 Hz); a mean filter,data were divided into 10-s time windows with a 1-s stride between each window,window,z-score normalisation,yes,yes,,21.2,converted EER,78.8,0.7879999999999999,,0.7879999999999999,1.312911815185866,included,,included; accuracy missing and EER is a valid percentage,,,no reported uncertainty,,,,0,,,0,0,No parenthesized uncertainty was reported in the selected accuracy/EER field.
447_ResNet50-5s-Sc2-Standing,462,447,ResNet50 5s Sc2 Standing,ECG,447|ResNet50 5s Sc2 Standing,CNN,dl,CNN with residual connections (ResNet50),13,one condition,Hexoskin Hx1,256 Hz,3 electrodes,up to 5 min,up to 5 min,1,0,0,0,0,0,0,0,chest/torso,low (one day),2s,4 min,80/20 split within 11 users,2 intruders,,22.86%,,,time frequency via scalogram,hybrid,,no,Downsampled to 200 Hz; trimmed moving average filter; a third order Butterworth band-pass filter (0.5 Hz-45 Hz); a mean filter,data were divided into 2-s time windows with a 1-s stride between each window,window,z-score normalisation,yes,yes,,22.86,converted EER,77.14,0.7714,,0.7714,1.216233294413417,included,,included; accuracy missing and EER is a valid percentage,,,no reported uncertainty,,,,0,,,0,0,No parenthesized uncertainty was reported in the selected accuracy/EER field.
447_ResNet50-5s-Sc4-Standing,463,447,ResNet50 5s Sc4 Standing,ECG,447|ResNet50 5s Sc4 Standing,CNN,dl,CNN with residual connections (ResNet50),13,one condition,Hexoskin Hx1,256 Hz,3 electrodes,up to 5 min,up to 5 min,1,0,0,0,0,0,0,0,chest/torso,low (one day),4s,4 min,80/20 split within 11 users,2 intruders,,0.49%,,,time frequency via scalogram,hybrid,,no,Downsampled to 200 Hz; trimmed moving average filter; a third order Butterworth band-pass filter (0.5 Hz-45 Hz); a mean filter,data were divided into 4-s time windows with a 1-s stride between each window,window,z-score normalisation,yes,yes,,0.49,converted EER,99.51,0.9951000000000001,,0.9951000000000001,5.313608029504556,included,,included; accuracy missing and EER is a valid percentage,,,no reported uncertainty,,,,0,,,0,0,No parenthesized uncertainty was reported in the selected accuracy/EER field.
447_ResNet50-5s-Sc10-Standing,464,447,ResNet50 5s Sc10 Standing,ECG,447|ResNet50 5s Sc10 Standing,CNN,dl,CNN with residual connections (ResNet50),13,one condition,Hexoskin Hx1,256 Hz,3 electrodes,up to 5 min,up to 5 min,1,0,0,0,0,0,0,0,chest/torso,low (one day),10s,4 min,80/20 split within 11 users,2 intruders,,9.24%,,,time frequency via scalogram,hybrid,,no,Downsampled to 200 Hz; trimmed moving average filter; a third order Butterworth band-pass filter (0.5 Hz-45 Hz); a mean filter,data were divided into 10-s time windows with a 1-s stride between each window,window,z-score normalisation,yes,yes,,9.24,converted EER,90.76,0.9076000000000001,,0.9076000000000001,2.284676774258049,included,,included; accuracy missing and EER is a valid percentage,,,no reported uncertainty,,,,0,,,0,0,No parenthesized uncertainty was reported in the selected accuracy/EER field.
447_ResNet50-5s-Sp2-Standing,465,447,ResNet50 5s Sp2 Standing,ECG,447|ResNet50 5s Sp2 Standing,CNN,dl,CNN with residual connections (ResNet50),13,one condition,Hexoskin Hx1,256 Hz,3 electrodes,up to 5 min,up to 5 min,1,0,0,0,0,0,0,0,chest/torso,low (one day),2s,4 min,80/20 split within 11 users,2 intruders,,31.03%,,,time frequency via spectrogram,hybrid,,no,Downsampled to 200 Hz; trimmed moving average filter; a third order Butterworth band-pass filter (0.5 Hz-45 Hz); a mean filter,data were divided into 2-s time windows with a 1-s stride between each window,window,z-score normalisation,yes,yes,,31.03,converted EER,68.97,0.6897,,0.6897,0.7987171489829109,included,,included; accuracy missing and EER is a valid percentage,,,no reported uncertainty,,,,0,,,0,0,No parenthesized uncertainty was reported in the selected accuracy/EER field.
447_ResNet50-5s-Sp4-Standing,466,447,ResNet50 5s Sp4 Standing,ECG,447|ResNet50 5s Sp4 Standing,CNN,dl,CNN with residual connections (ResNet50),13,one condition,Hexoskin Hx1,256 Hz,3 electrodes,up to 5 min,up to 5 min,1,0,0,0,0,0,0,0,chest/torso,low (one day),4s,4 min,80/20 split within 11 users,2 intruders,,19.54%,,,time frequency via spectrogram,hybrid,,no,Downsampled to 200 Hz; trimmed moving average filter; a third order Butterworth band-pass filter (0.5 Hz-45 Hz); a mean filter,data were divided into 4-s time windows with a 1-s stride between each window,window,z-score normalisation,yes,yes,,19.54,converted EER,80.46000000000001,0.8046000000000001,,0.8046000000000001,1.4152965199070062,included,,included; accuracy missing and EER is a valid percentage,,,no reported uncertainty,,,,0,,,0,0,No parenthesized uncertainty was reported in the selected accuracy/EER field.
447_ResNet50-5s-Sp10-Standing,467,447,ResNet50 5s Sp10 Standing,ECG,447|ResNet50 5s Sp10 Standing,CNN,dl,CNN with residual connections (ResNet50),13,one condition,Hexoskin Hx1,256 Hz,3 electrodes,up to 5 min,up to 5 min,1,0,0,0,0,0,0,0,chest/torso,low (one day),10s,4 min,80/20 split within 11 users,2 intruders,,8.27%,,,time frequency via spectrogram,hybrid,,no,Downsampled to 200 Hz; trimmed moving average filter; a third order Butterworth band-pass filter (0.5 Hz-45 Hz); a mean filter,data were divided into 10-s time windows with a 1-s stride between each window,window,z-score normalisation,yes,yes,,8.27,converted EER,91.73,0.9173,,0.9173,2.4062149704859643,included,,included; accuracy missing and EER is a valid percentage,,,no reported uncertainty,,,,0,,,0,0,No parenthesized uncertainty was reported in the selected accuracy/EER field.
447_ResNet50-5s-Mel2-Standing,468,447,ResNet50 5s Mel2 Standing,ECG,447|ResNet50 5s Mel2 Standing,CNN,dl,CNN with residual connections (ResNet50),13,one condition,Hexoskin Hx1,256 Hz,3 electrodes,up to 5 min,up to 5 min,1,0,0,0,0,0,0,0,chest/torso,low (one day),2s,4 min,80/20 split within 11 users,2 intruders,,35.44%,,,time frequency via mel-spectrogram,hybrid,,no,Downsampled to 200 Hz; trimmed moving average filter; a third order Butterworth band-pass filter (0.5 Hz-45 Hz); a mean filter,data were divided into 2-s time windows with a 1-s stride between each window,window,z-score normalisation,yes,yes,,35.44,converted EER,64.56,0.6456000000000001,,0.6456000000000001,0.5997538982248134,included,,included; accuracy missing and EER is a valid percentage,,,no reported uncertainty,,,,0,,,0,0,No parenthesized uncertainty was reported in the selected accuracy/EER field.
447_ResNet50-5s-Mel4-Standing,469,447,ResNet50 5s Mel4 Standing,ECG,447|ResNet50 5s Mel4 Standing,CNN,dl,CNN with residual connections (ResNet50),13,one condition,Hexoskin Hx1,256 Hz,3 electrodes,up to 5 min,up to 5 min,1,0,0,0,0,0,0,0,chest/torso,low (one day),4s,4 min,80/20 split within 11 users,2 intruders,,33.29%,,,time frequency via mel-spectrogram,hybrid,,no,Downsampled to 200 Hz; trimmed moving average filter; a third order Butterworth band-pass filter (0.5 Hz-45 Hz); a mean filter,data were divided into 4-s time windows with a 1-s stride between each window,window,z-score normalisation,yes,yes,,33.29,converted EER,66.71000000000001,0.6671,,0.6671,0.6950978151344905,included,,included; accuracy missing and EER is a valid percentage,,,no reported uncertainty,,,,0,,,0,0,No parenthesized uncertainty was reported in the selected accuracy/EER field.
447_ResNet50-5s-Mel10-Standing,470,447,ResNet50 5s Mel10 Standing,ECG,447|ResNet50 5s Mel10 Standing,CNN,dl,CNN with residual connections (ResNet50),13,one condition,Hexoskin Hx1,256 Hz,3 electrodes,up to 5 min,up to 5 min,1,0,0,0,0,0,0,0,chest/torso,low (one day),10s,4 min,80/20 split within 11 users,2 intruders,,20.11%,,,time frequency via mel-spectrogram,hybrid,,no,Downsampled to 200 Hz; trimmed moving average filter; a third order Butterworth band-pass filter (0.5 Hz-45 Hz); a mean filter,data were divided into 10-s time windows with a 1-s stride between each window,window,z-score normalisation,yes,yes,,20.11,converted EER,79.89,0.7989,,0.7989,1.3794334847093903,included,,included; accuracy missing and EER is a valid percentage,,,no reported uncertainty,,,,0,,,0,0,No parenthesized uncertainty was reported in the selected accuracy/EER field.
447_ResNet50-1s-Sc2-walking,471,447,ResNet50 1s Sc2 walking,ECG,447|ResNet50 1s Sc2 walking,CNN,dl,CNN with residual connections (ResNet50),13,one condition,Hexoskin Hx1,256 Hz,3 electrodes,up to 5 min,up to 5 min,1,0,0,0,0,0,0,0,chest/torso,low (one day),2s,4 min,80/20 split within 11 users,2 intruders,,25.64%,,,time frequency via scalogram,hybrid,,no,Downsampled to 200 Hz; trimmed moving average filter; a third order Butterworth band-pass filter (0.5 Hz-45 Hz); a mean filter,data were divided into 2-s time windows with a 1-s stride between each window,window,z-score normalisation,yes,yes,,25.64,converted EER,74.36,0.7436,,0.7436,1.064764530800774,included,,included; accuracy missing and EER is a valid percentage,,,no reported uncertainty,,,,0,,,0,0,No parenthesized uncertainty was reported in the selected accuracy/EER field.
447_ResNet50-1s-Sc4-walking,472,447,ResNet50 1s Sc4 walking,ECG,447|ResNet50 1s Sc4 walking,CNN,dl,CNN with residual connections (ResNet50),13,one condition,Hexoskin Hx1,256 Hz,3 electrodes,up to 5 min,up to 5 min,1,0,0,0,0,0,0,0,chest/torso,low (one day),4s,4 min,80/20 split within 11 users,2 intruders,,8.24%,,,time frequency via scalogram,hybrid,,no,Downsampled to 200 Hz; trimmed moving average filter; a third order Butterworth band-pass filter (0.5 Hz-45 Hz); a mean filter,data were divided into 4-s time windows with a 1-s stride between each window,window,z-score normalisation,yes,yes,,8.24,converted EER,91.76,0.9176000000000001,,0.9176000000000001,2.410176128899736,included,,included; accuracy missing and EER is a valid percentage,,,no reported uncertainty,,,,0,,,0,0,No parenthesized uncertainty was reported in the selected accuracy/EER field.
447_ResNet50-1s-Sc10-walking,473,447,ResNet50 1s Sc10 walking,ECG,447|ResNet50 1s Sc10 walking,CNN,dl,CNN with residual connections (ResNet50),13,one condition,Hexoskin Hx1,256 Hz,3 electrodes,up to 5 min,up to 5 min,1,0,0,0,0,0,0,0,chest/torso,low (one day),10s,4 min,80/20 split within 11 users,2 intruders,,22.28%,,,time frequency via scalogram,hybrid,,no,Downsampled to 200 Hz; trimmed moving average filter; a third order Butterworth band-pass filter (0.5 Hz-45 Hz); a mean filter,data were divided into 10-s time windows with a 1-s stride between each window,window,z-score normalisation,yes,yes,,22.28,converted EER,77.72,0.7772,,0.7772,1.249423209450156,included,,included; accuracy missing and EER is a valid percentage,,,no reported uncertainty,,,,0,,,0,0,No parenthesized uncertainty was reported in the selected accuracy/EER field.
447_ResNet50-1s-Sp2-walking,474,447,ResNet50 1s Sp2 walking,ECG,447|ResNet50 1s Sp2 walking,CNN,dl,CNN with residual connections (ResNet50),13,one condition,Hexoskin Hx1,256 Hz,3 electrodes,up to 5 min,up to 5 min,1,0,0,0,0,0,0,0,chest/torso,low (one day),2s,4 min,80/20 split within 11 users,2 intruders,,38.25%,,,time frequency via spectrogram,hybrid,,no,Downsampled to 200 Hz; trimmed moving average filter; a third order Butterworth band-pass filter (0.5 Hz-45 Hz); a mean filter,data were divided into 2-s time windows with a 1-s stride between each window,window,z-score normalisation,yes,yes,,38.25,converted EER,61.75,0.6175,,0.6175,0.4789504152355419,included,,included; accuracy missing and EER is a valid percentage,,,no reported uncertainty,,,,0,,,0,0,No parenthesized uncertainty was reported in the selected accuracy/EER field.
447_ResNet50-1s-Sp4-walking,475,447,ResNet50 1s Sp4 walking,ECG,447|ResNet50 1s Sp4 walking,CNN,dl,CNN with residual connections (ResNet50),13,one condition,Hexoskin Hx1,256 Hz,3 electrodes,up to 5 min,up to 5 min,1,0,0,0,0,0,0,0,chest/torso,low (one day),4s,4 min,80/20 split within 11 users,2 intruders,,29.06%,,,time frequency via spectrogram,hybrid,,no,Downsampled to 200 Hz; trimmed moving average filter; a third order Butterworth band-pass filter (0.5 Hz-45 Hz); a mean filter,data were divided into 4-s time windows with a 1-s stride between each window,window,z-score normalisation,yes,yes,,29.06,converted EER,70.94,0.7094,,0.7094,0.8924717912033391,included,,included; accuracy missing and EER is a valid percentage,,,no reported uncertainty,,,,0,,,0,0,No parenthesized uncertainty was reported in the selected accuracy/EER field.
447_ResNet50-1s-Sp10-walking,476,447,ResNet50 1s Sp10 walking,ECG,447|ResNet50 1s Sp10 walking,CNN,dl,CNN with residual connections (ResNet50),13,one condition,Hexoskin Hx1,256 Hz,3 electrodes,up to 5 min,up to 5 min,1,0,0,0,0,0,0,0,chest/torso,low (one day),10s,4 min,80/20 split within 11 users,2 intruders,,23.71%,,,time frequency via spectrogram,hybrid,,no,Downsampled to 200 Hz; trimmed moving average filter; a third order Butterworth band-pass filter (0.5 Hz-45 Hz); a mean filter,data were divided into 10-s time windows with a 1-s stride between each window,window,z-score normalisation,yes,yes,,23.71,converted EER,76.28999999999999,0.7628999999999999,,0.7628999999999999,1.1686449680248234,included,,included; accuracy missing and EER is a valid percentage,,,no reported uncertainty,,,,0,,,0,0,No parenthesized uncertainty was reported in the selected accuracy/EER field.
447_ResNet50-1s-Mel2-walking,477,447,ResNet50 1s Mel2 walking,ECG,447|ResNet50 1s Mel2 walking,CNN,dl,CNN with residual connections (ResNet50),13,one condition,Hexoskin Hx1,256 Hz,3 electrodes,up to 5 min,up to 5 min,1,0,0,0,0,0,0,0,chest/torso,low (one day),2s,4 min,80/20 split within 11 users,2 intruders,,39.44%,,,time frequency via mel-spectrogram,hybrid,,no,Downsampled to 200 Hz; trimmed moving average filter; a third order Butterworth band-pass filter (0.5 Hz-45 Hz); a mean filter,data were divided into 2-s time windows with a 1-s stride between each window,window,z-score normalisation,yes,yes,,39.44,converted EER,60.56,0.6056,,0.6056,0.4288540793947587,included,,included; accuracy missing and EER is a valid percentage,,,no reported uncertainty,,,,0,,,0,0,No parenthesized uncertainty was reported in the selected accuracy/EER field.
447_ResNet50-1s-Mel4-walking,478,447,ResNet50 1s Mel4 walking,ECG,447|ResNet50 1s Mel4 walking,CNN,dl,CNN with residual connections (ResNet50),13,one condition,Hexoskin Hx1,256 Hz,3 electrodes,up to 5 min,up to 5 min,1,0,0,0,0,0,0,0,chest/torso,low (one day),4s,4 min,80/20 split within 11 users,2 intruders,,33.08%,,,time frequency via mel-spectrogram,hybrid,,no,Downsampled to 200 Hz; trimmed moving average filter; a third order Butterworth band-pass filter (0.5 Hz-45 Hz); a mean filter,data were divided into 4-s time windows with a 1-s stride between each window,window,z-score normalisation,yes,yes,,33.08,converted EER,66.92,0.6692,,0.6692,0.7045690059631329,included,,included; accuracy missing and EER is a valid percentage,,,no reported uncertainty,,,,0,,,0,0,No parenthesized uncertainty was reported in the selected accuracy/EER field.
447_ResNet50-1s-Mel10-walking,479,447,ResNet50 1s Mel10 walking,ECG,447|ResNet50 1s Mel10 walking,CNN,dl,CNN with residual connections (ResNet50),13,one condition,Hexoskin Hx1,256 Hz,3 electrodes,up to 5 min,up to 5 min,1,0,0,0,0,0,0,0,chest/torso,low (one day),10s,4 min,80/20 split within 11 users,2 intruders,,28.00%,,,time frequency via mel-spectrogram,hybrid,,no,Downsampled to 200 Hz; trimmed moving average filter; a third order Butterworth band-pass filter (0.5 Hz-45 Hz); a mean filter,data were divided into 10-s time windows with a 1-s stride between each window,window,z-score normalisation,yes,yes,,28,converted EER,72,0.72,,0.72,0.9444616088408513,included,,included; accuracy missing and EER is a valid percentage,,,no reported uncertainty,,,,0,,,0,0,No parenthesized uncertainty was reported in the selected accuracy/EER field.
447_ResNet50-3s-Sc2-walking,480,447,ResNet50 3s Sc2 walking,ECG,447|ResNet50 3s Sc2 walking,CNN,dl,CNN with residual connections (ResNet50),13,one condition,Hexoskin Hx1,256 Hz,3 electrodes,up to 5 min,up to 5 min,1,0,0,0,0,0,0,0,chest/torso,low (one day),2s,4 min,80/20 split within 11 users,2 intruders,,24.35%,,,time frequency via scalogram,hybrid,,no,Downsampled to 200 Hz; trimmed moving average filter; a third order Butterworth band-pass filter (0.5 Hz-45 Hz); a mean filter,data were divided into 2-s time windows with a 1-s stride between each window,window,z-score normalisation,yes,yes,,24.35,converted EER,75.65,0.7565000000000001,,0.7565000000000001,1.1335855907057664,included,,included; accuracy missing and EER is a valid percentage,,,no reported uncertainty,,,,0,,,0,0,No parenthesized uncertainty was reported in the selected accuracy/EER field.
447_ResNet50-3s-Sc4-walking,481,447,ResNet50 3s Sc4 walking,ECG,447|ResNet50 3s Sc4 walking,CNN,dl,CNN with residual connections (ResNet50),13,one condition,Hexoskin Hx1,256 Hz,3 electrodes,up to 5 min,up to 5 min,1,0,0,0,0,0,0,0,chest/torso,low (one day),4s,4 min,80/20 split within 11 users,2 intruders,,6.72%,,,time frequency via scalogram,hybrid,,no,Downsampled to 200 Hz; trimmed moving average filter; a third order Butterworth band-pass filter (0.5 Hz-45 Hz); a mean filter,data were divided into 4-s time windows with a 1-s stride between each window,window,z-score normalisation,yes,yes,,6.72,converted EER,93.28,0.9328,,0.9328,2.6305175680671233,included,,included; accuracy missing and EER is a valid percentage,,,no reported uncertainty,,,,0,,,0,0,No parenthesized uncertainty was reported in the selected accuracy/EER field.
447_ResNet50-3s-Sc10-walking,482,447,ResNet50 3s Sc10 walking,ECG,447|ResNet50 3s Sc10 walking,CNN,dl,CNN with residual connections (ResNet50),13,one condition,Hexoskin Hx1,256 Hz,3 electrodes,up to 5 min,up to 5 min,1,0,0,0,0,0,0,0,chest/torso,low (one day),10s,4 min,80/20 split within 11 users,2 intruders,,22.28%,,,time frequency via scalogram,hybrid,,no,Downsampled to 200 Hz; trimmed moving average filter; a third order Butterworth band-pass filter (0.5 Hz-45 Hz); a mean filter,data were divided into 10-s time windows with a 1-s stride between each window,window,z-score normalisation,yes,yes,,22.28,converted EER,77.72,0.7772,,0.7772,1.249423209450156,included,,included; accuracy missing and EER is a valid percentage,,,no reported uncertainty,,,,0,,,0,0,No parenthesized uncertainty was reported in the selected accuracy/EER field.
447_ResNet50-3s-Sp2-walking,483,447,ResNet50 3s Sp2 walking,ECG,447|ResNet50 3s Sp2 walking,CNN,dl,CNN with residual connections (ResNet50),13,one condition,Hexoskin Hx1,256 Hz,3 electrodes,up to 5 min,up to 5 min,1,0,0,0,0,0,0,0,chest/torso,low (one day),2s,4 min,80/20 split within 11 users,2 intruders,,36.40%,,,time frequency via spectrogram,hybrid,,no,Downsampled to 200 Hz; trimmed moving average filter; a third order Butterworth band-pass filter (0.5 Hz-45 Hz); a mean filter,data were divided into 2-s time windows with a 1-s stride between each window,window,z-score normalisation,yes,yes,,36.4,converted EER,63.6,0.636,,0.636,0.5580446957033814,included,,included; accuracy missing and EER is a valid percentage,,,no reported uncertainty,,,,0,,,0,0,No parenthesized uncertainty was reported in the selected accuracy/EER field.
447_ResNet50-3s-Sp4-walking,484,447,ResNet50 3s Sp4 walking,ECG,447|ResNet50 3s Sp4 walking,CNN,dl,CNN with residual connections (ResNet50),13,one condition,Hexoskin Hx1,256 Hz,3 electrodes,up to 5 min,up to 5 min,1,0,0,0,0,0,0,0,chest/torso,low (one day),4s,4 min,80/20 split within 11 users,2 intruders,,26.65%,,,time frequency via spectrogram,hybrid,,no,Downsampled to 200 Hz; trimmed moving average filter; a third order Butterworth band-pass filter (0.5 Hz-45 Hz); a mean filter,data were divided into 4-s time windows with a 1-s stride between each window,window,z-score normalisation,yes,yes,,26.65,converted EER,73.35,0.7334999999999999,,0.7334999999999999,1.012453353977137,included,,included; accuracy missing and EER is a valid percentage,,,no reported uncertainty,,,,0,,,0,0,No parenthesized uncertainty was reported in the selected accuracy/EER field.
447_ResNet50-3s-Sp10-walking,485,447,ResNet50 3s Sp10 walking,ECG,447|ResNet50 3s Sp10 walking,CNN,dl,CNN with residual connections (ResNet50),13,one condition,Hexoskin Hx1,256 Hz,3 electrodes,up to 5 min,up to 5 min,1,0,0,0,0,0,0,0,chest/torso,low (one day),10s,4 min,80/20 split within 11 users,2 intruders,,21.54%,,,time frequency via spectrogram,hybrid,,no,Downsampled to 200 Hz; trimmed moving average filter; a third order Butterworth band-pass filter (0.5 Hz-45 Hz); a mean filter,data were divided into 10-s time windows with a 1-s stride between each window,window,z-score normalisation,yes,yes,,21.54,converted EER,78.46000000000001,0.7846000000000001,,0.7846000000000001,1.2926772690531645,included,,included; accuracy missing and EER is a valid percentage,,,no reported uncertainty,,,,0,,,0,0,No parenthesized uncertainty was reported in the selected accuracy/EER field.
447_ResNet50-3s-Mel2-walking,486,447,ResNet50 3s Mel2 walking,ECG,447|ResNet50 3s Mel2 walking,CNN,dl,CNN with residual connections (ResNet50),13,one condition,Hexoskin Hx1,256 Hz,3 electrodes,up to 5 min,up to 5 min,1,0,0,0,0,0,0,0,chest/torso,low (one day),2s,4 min,80/20 split within 11 users,2 intruders,,37.65%,,,time frequency via mel-spectrogram,hybrid,,no,Downsampled to 200 Hz; trimmed moving average filter; a third order Butterworth band-pass filter (0.5 Hz-45 Hz); a mean filter,data were divided into 2-s time windows with a 1-s stride between each window,window,z-score normalisation,yes,yes,,37.65,converted EER,62.35,0.6235,,0.6235,0.504430717880143,included,,included; accuracy missing and EER is a valid percentage,,,no reported uncertainty,,,,0,,,0,0,No parenthesized uncertainty was reported in the selected accuracy/EER field.
447_ResNet50-3s-Mel4-walking,487,447,ResNet50 3s Mel4 walking,ECG,447|ResNet50 3s Mel4 walking,CNN,dl,CNN with residual connections (ResNet50),13,one condition,Hexoskin Hx1,256 Hz,3 electrodes,up to 5 min,up to 5 min,1,0,0,0,0,0,0,0,chest/torso,low (one day),4s,4 min,80/20 split within 11 users,2 intruders,,34.18%,,,time frequency via mel-spectrogram,hybrid,,no,Downsampled to 200 Hz; trimmed moving average filter; a third order Butterworth band-pass filter (0.5 Hz-45 Hz); a mean filter,data were divided into 4-s time windows with a 1-s stride between each window,window,z-score normalisation,yes,yes,,34.18,converted EER,65.82,0.6581999999999999,,0.6581999999999999,0.6552830658277485,included,,included; accuracy missing and EER is a valid percentage,,,no reported uncertainty,,,,0,,,0,0,No parenthesized uncertainty was reported in the selected accuracy/EER field.
447_ResNet50-3s-Mel10-walking,488,447,ResNet50 3s Mel10 walking,ECG,447|ResNet50 3s Mel10 walking,CNN,dl,CNN with residual connections (ResNet50),13,one condition,Hexoskin Hx1,256 Hz,3 electrodes,up to 5 min,up to 5 min,1,0,0,0,0,0,0,0,chest/torso,low (one day),10s,4 min,80/20 split within 11 users,2 intruders,,25.66%,,,time frequency via mel-spectrogram,hybrid,,no,Downsampled to 200 Hz; trimmed moving average filter; a third order Butterworth band-pass filter (0.5 Hz-45 Hz); a mean filter,data were divided into 10-s time windows with a 1-s stride between each window,window,z-score normalisation,yes,yes,,25.66,converted EER,74.34,0.7434000000000001,,0.7434000000000001,1.063715805681616,included,,included; accuracy missing and EER is a valid percentage,,,no reported uncertainty,,,,0,,,0,0,No parenthesized uncertainty was reported in the selected accuracy/EER field.
447_ResNet50-5s-Sc2-walking,489,447,ResNet50 5s Sc2 walking,ECG,447|ResNet50 5s Sc2 walking,CNN,dl,CNN with residual connections (ResNet50),13,one condition,Hexoskin Hx1,256 Hz,3 electrodes,up to 5 min,up to 5 min,1,0,0,0,0,0,0,0,chest/torso,low (one day),2s,4 min,80/20 split within 11 users,2 intruders,,22.22%,,,time frequency via scalogram,hybrid,,no,Downsampled to 200 Hz; trimmed moving average filter; a third order Butterworth band-pass filter (0.5 Hz-45 Hz); a mean filter,data were divided into 2-s time windows with a 1-s stride between each window,window,z-score normalisation,yes,yes,,22.22,converted EER,77.78,0.7778,,0.7778,1.2528915445161175,included,,included; accuracy missing and EER is a valid percentage,,,no reported uncertainty,,,,0,,,0,0,No parenthesized uncertainty was reported in the selected accuracy/EER field.
447_ResNet50-5s-Sc4-walking,490,447,ResNet50 5s Sc4 walking,ECG,447|ResNet50 5s Sc4 walking,CNN,dl,CNN with residual connections (ResNet50),13,one condition,Hexoskin Hx1,256 Hz,3 electrodes,up to 5 min,up to 5 min,1,0,0,0,0,0,0,0,chest/torso,low (one day),4s,4 min,80/20 split within 11 users,2 intruders,,7.43%,,,time frequency via scalogram,hybrid,,no,Downsampled to 200 Hz; trimmed moving average filter; a third order Butterworth band-pass filter (0.5 Hz-45 Hz); a mean filter,data were divided into 4-s time windows with a 1-s stride between each window,window,z-score normalisation,yes,yes,,7.43,converted EER,92.57,0.9257,,0.9257,2.5224392563494518,included,,included; accuracy missing and EER is a valid percentage,,,no reported uncertainty,,,,0,,,0,0,No parenthesized uncertainty was reported in the selected accuracy/EER field.
447_ResNet50-5s-Sc10-walking,491,447,ResNet50 5s Sc10 walking,ECG,447|ResNet50 5s Sc10 walking,CNN,dl,CNN with residual connections (ResNet50),13,one condition,Hexoskin Hx1,256 Hz,3 electrodes,up to 5 min,up to 5 min,1,0,0,0,0,0,0,0,chest/torso,low (one day),10s,4 min,80/20 split within 11 users,2 intruders,,18.34%,,,time frequency via scalogram,hybrid,,no,Downsampled to 200 Hz; trimmed moving average filter; a third order Butterworth band-pass filter (0.5 Hz-45 Hz); a mean filter,data were divided into 10-s time windows with a 1-s stride between each window,window,z-score normalisation,yes,yes,,18.34,converted EER,81.66,0.8166,,0.8166,1.493479819063111,included,,included; accuracy missing and EER is a valid percentage,,,no reported uncertainty,,,,0,,,0,0,No parenthesized uncertainty was reported in the selected accuracy/EER field.
447_ResNet50-5s-Sp2-walking,492,447,ResNet50 5s Sp2 walking,ECG,447|ResNet50 5s Sp2 walking,CNN,dl,CNN with residual connections (ResNet50),13,one condition,Hexoskin Hx1,256 Hz,3 electrodes,up to 5 min,up to 5 min,1,0,0,0,0,0,0,0,chest/torso,low (one day),2s,4 min,80/20 split within 11 users,2 intruders,,35.76%,,,time frequency via spectrogram,hybrid,,no,Downsampled to 200 Hz; trimmed moving average filter; a third order Butterworth band-pass filter (0.5 Hz-45 Hz); a mean filter,data were divided into 2-s time windows with a 1-s stride between each window,window,z-score normalisation,yes,yes,,35.76,converted EER,64.24000000000001,0.6424000000000001,,0.6424000000000001,0.5857961193331932,included,,included; accuracy missing and EER is a valid percentage,,,no reported uncertainty,,,,0,,,0,0,No parenthesized uncertainty was reported in the selected accuracy/EER field.
447_ResNet50-5s-Sp4-walking,493,447,ResNet50 5s Sp4 walking,ECG,447|ResNet50 5s Sp4 walking,CNN,dl,CNN with residual connections (ResNet50),13,one condition,Hexoskin Hx1,256 Hz,3 electrodes,up to 5 min,up to 5 min,1,0,0,0,0,0,0,0,chest/torso,low (one day),4s,4 min,80/20 split within 11 users,2 intruders,,25.61%,,,time frequency via spectrogram,hybrid,,no,Downsampled to 200 Hz; trimmed moving average filter; a third order Butterworth band-pass filter (0.5 Hz-45 Hz); a mean filter,data were divided into 4-s time windows with a 1-s stride between each window,window,z-score normalisation,yes,yes,,25.61,converted EER,74.39,0.7439,,0.7439,1.0663386239918162,included,,included; accuracy missing and EER is a valid percentage,,,no reported uncertainty,,,,0,,,0,0,No parenthesized uncertainty was reported in the selected accuracy/EER field.
447_ResNet50-5s-Sp10-walking,494,447,ResNet50 5s Sp10 walking,ECG,447|ResNet50 5s Sp10 walking,CNN,dl,CNN with residual connections (ResNet50),13,one condition,Hexoskin Hx1,256 Hz,3 electrodes,up to 5 min,up to 5 min,1,0,0,0,0,0,0,0,chest/torso,low (one day),10s,4 min,80/20 split within 11 users,2 intruders,,19.99%,,,time frequency via spectrogram,hybrid,,no,Downsampled to 200 Hz; trimmed moving average filter; a third order Butterworth band-pass filter (0.5 Hz-45 Hz); a mean filter,data were divided into 10-s time windows with a 1-s stride between each window,window,z-score normalisation,yes,yes,,19.99,converted EER,80.01,0.8001,,0.8001,1.3869194783497243,included,,included; accuracy missing and EER is a valid percentage,,,no reported uncertainty,,,,0,,,0,0,No parenthesized uncertainty was reported in the selected accuracy/EER field.
447_ResNet50-5s-Mel2-walking,495,447,ResNet50 5s Mel2 walking,ECG,447|ResNet50 5s Mel2 walking,CNN,dl,CNN with residual connections (ResNet50),13,one condition,Hexoskin Hx1,256 Hz,3 electrodes,up to 5 min,up to 5 min,1,0,0,0,0,0,0,0,chest/torso,low (one day),2s,4 min,80/20 split within 11 users,2 intruders,,37.80%,,,time frequency via mel-spectrogram,hybrid,,no,Downsampled to 200 Hz; trimmed moving average filter; a third order Butterworth band-pass filter (0.5 Hz-45 Hz); a mean filter,data were divided into 2-s time windows with a 1-s stride between each window,window,z-score normalisation,yes,yes,,37.8,converted EER,62.2,0.622,,0.622,0.4980458971195918,included,,included; accuracy missing and EER is a valid percentage,,,no reported uncertainty,,,,0,,,0,0,No parenthesized uncertainty was reported in the selected accuracy/EER field.
447_ResNet50-5s-Mel4-walking,496,447,ResNet50 5s Mel4 walking,ECG,447|ResNet50 5s Mel4 walking,CNN,dl,CNN with residual connections (ResNet50),13,one condition,Hexoskin Hx1,256 Hz,3 electrodes,up to 5 min,up to 5 min,1,0,0,0,0,0,0,0,chest/torso,low (one day),4s,4 min,80/20 split within 11 users,2 intruders,,34.81%,,,time frequency via mel-spectrogram,hybrid,,no,Downsampled to 200 Hz; trimmed moving average filter; a third order Butterworth band-pass filter (0.5 Hz-45 Hz); a mean filter,data were divided into 4-s time windows with a 1-s stride between each window,window,z-score normalisation,yes,yes,,34.81,converted EER,65.19,0.6518999999999999,,0.6518999999999999,0.6274013811131001,included,,included; accuracy missing and EER is a valid percentage,,,no reported uncertainty,,,,0,,,0,0,No parenthesized uncertainty was reported in the selected accuracy/EER field.
447_ResNet50-5s-Mel10-walking,497,447,ResNet50 5s Mel10 walking,ECG,447|ResNet50 5s Mel10 walking,CNN,dl,CNN with residual connections (ResNet50),13,one condition,Hexoskin Hx1,256 Hz,3 electrodes,up to 5 min,up to 5 min,1,0,0,0,0,0,0,0,chest/torso,low (one day),10s,4 min,80/20 split within 11 users,2 intruders,,25.72%,,,time frequency via mel-spectrogram,hybrid,,no,Downsampled to 200 Hz; trimmed moving average filter; a third order Butterworth band-pass filter (0.5 Hz-45 Hz); a mean filter,data were divided into 10-s time windows with a 1-s stride between each window,window,z-score normalisation,yes,yes,,25.72,converted EER,74.28,0.7428,,0.7428,1.0605728371150867,included,,included; accuracy missing and EER is a valid percentage,,,no reported uncertainty,,,,0,,,0,0,No parenthesized uncertainty was reported in the selected accuracy/EER field.
447_DenseNet201-1s-Sc2-Resting,498,447,DenseNet201 1s Sc2 Resting,ECG,447|DenseNet201 1s Sc2 Resting,CNN,dl,CNN with dense connections (DensNet201),13,one condition,Hexoskin Hx1,256 Hz,3 electrodes,up to 5 min,up to 5 min,1,0,0,0,0,0,0,0,chest/torso,low (one day),2s,4 min,80/20 split within 11 users,2 intruders,,19.1%,,,time frequency via scalogram,hybrid,,no,Downsampled to 200 Hz; trimmed moving average filter; a third order Butterworth band-pass filter (0.5 Hz-45 Hz); a mean filter,data were divided into 2-s time windows with a 1-s stride between each window,window,z-score normalisation,yes,yes,,19.1,converted EER,80.9,0.809,,0.809,1.4435254890118623,included,,included; accuracy missing and EER is a valid percentage,,,no reported uncertainty,,,,0,,,0,0,No parenthesized uncertainty was reported in the selected accuracy/EER field.
447_DenseNet201-1s-Sc4-Resting,499,447,DenseNet201 1s Sc4 Resting,ECG,447|DenseNet201 1s Sc4 Resting,CNN,dl,CNN with dense connections (DensNet201),13,one condition,Hexoskin Hx1,256 Hz,3 electrodes,up to 5 min,up to 5 min,1,0,0,0,0,0,0,0,chest/torso,low (one day),4s,4 min,80/20 split within 11 users,2 intruders,,1.96%,,,time frequency via scalogram,hybrid,,no,Downsampled to 200 Hz; trimmed moving average filter; a third order Butterworth band-pass filter (0.5 Hz-45 Hz); a mean filter,data were divided into 4-s time windows with a 1-s stride between each window,window,z-score normalisation,yes,yes,,1.96,converted EER,98.04,0.9804,,0.9804,3.9124310854174884,included,,included; accuracy missing and EER is a valid percentage,,,no reported uncertainty,,,,0,,,0,0,No parenthesized uncertainty was reported in the selected accuracy/EER field.
447_DenseNet201-1s-Sc10-Resting,500,447,DenseNet201 1s Sc10 Resting,ECG,447|DenseNet201 1s Sc10 Resting,CNN,dl,CNN with dense connections (DensNet201),13,one condition,Hexoskin Hx1,256 Hz,3 electrodes,up to 5 min,up to 5 min,1,0,0,0,0,0,0,0,chest/torso,low (one day),10s,4 min,80/20 split within 11 users,2 intruders,,13.05%,,,time frequency via scalogram,hybrid,,no,Downsampled to 200 Hz; trimmed moving average filter; a third order Butterworth band-pass filter (0.5 Hz-45 Hz); a mean filter,data were divided into 10-s time windows with a 1-s stride between each window,window,z-score normalisation,yes,yes,,13.05,converted EER,86.95,0.8695,,0.8695,1.8965451070315902,included,,included; accuracy missing and EER is a valid percentage,,,no reported uncertainty,,,,0,,,0,0,No parenthesized uncertainty was reported in the selected accuracy/EER field.
447_DenseNet201-1s-Sp2-Resting,501,447,DenseNet201 1s Sp2 Resting,ECG,447|DenseNet201 1s Sp2 Resting,CNN,dl,CNN with dense connections (DensNet201),13,one condition,Hexoskin Hx1,256 Hz,3 electrodes,up to 5 min,up to 5 min,1,0,0,0,0,0,0,0,chest/torso,low (one day),2s,4 min,80/20 split within 11 users,2 intruders,,29.71%,,,time frequency via spectrogram,hybrid,,no,Downsampled to 200 Hz; trimmed moving average filter; a third order Butterworth band-pass filter (0.5 Hz-45 Hz); a mean filter,data were divided into 2-s time windows with a 1-s stride between each window,window,z-score normalisation,yes,yes,,29.71,converted EER,70.28999999999999,0.7029,,0.7029,0.8611458517132976,included,,included; accuracy missing and EER is a valid percentage,,,no reported uncertainty,,,,0,,,0,0,No parenthesized uncertainty was reported in the selected accuracy/EER field.
447_DenseNet201-1s-Sp4-Resting,502,447,DenseNet201 1s Sp4 Resting,ECG,447|DenseNet201 1s Sp4 Resting,CNN,dl,CNN with dense connections (DensNet201),13,one condition,Hexoskin Hx1,256 Hz,3 electrodes,up to 5 min,up to 5 min,1,0,0,0,0,0,0,0,chest/torso,low (one day),4s,4 min,80/20 split within 11 users,2 intruders,,22.79%,,,time frequency via spectrogram,hybrid,,no,Downsampled to 200 Hz; trimmed moving average filter; a third order Butterworth band-pass filter (0.5 Hz-45 Hz); a mean filter,data were divided into 4-s time windows with a 1-s stride between each window,window,z-score normalisation,yes,yes,,22.79,converted EER,77.21000000000001,0.7721000000000001,,0.7721000000000001,1.2202071390631322,included,,included; accuracy missing and EER is a valid percentage,,,no reported uncertainty,,,,0,,,0,0,No parenthesized uncertainty was reported in the selected accuracy/EER field.
447_DenseNet201-1s-Sp10-Resting,503,447,DenseNet201 1s Sp10 Resting,ECG,447|DenseNet201 1s Sp10 Resting,CNN,dl,CNN with dense connections (DensNet201),13,one condition,Hexoskin Hx1,256 Hz,3 electrodes,up to 5 min,up to 5 min,1,0,0,0,0,0,0,0,chest/torso,low (one day),10s,4 min,80/20 split within 11 users,2 intruders,,8.82%,,,time frequency via spectrogram,hybrid,,no,Downsampled to 200 Hz; trimmed moving average filter; a third order Butterworth band-pass filter (0.5 Hz-45 Hz); a mean filter,data were divided into 10-s time windows with a 1-s stride between each window,window,z-score normalisation,yes,yes,,8.82,converted EER,91.18,0.9118,,0.9118,2.335813704766596,included,,included; accuracy missing and EER is a valid percentage,,,no reported uncertainty,,,,0,,,0,0,No parenthesized uncertainty was reported in the selected accuracy/EER field.
447_DenseNet201-1s-Mel2-Resting,504,447,DenseNet201 1s Mel2 Resting,ECG,447|DenseNet201 1s Mel2 Resting,CNN,dl,CNN with dense connections (DensNet201),13,one condition,Hexoskin Hx1,256 Hz,3 electrodes,up to 5 min,up to 5 min,1,0,0,0,0,0,0,0,chest/torso,low (one day),2s,4 min,80/20 split within 11 users,2 intruders,,35.59%,,,time frequency via mel-spectrogram,hybrid,,no,Downsampled to 200 Hz; trimmed moving average filter; a third order Butterworth band-pass filter (0.5 Hz-45 Hz); a mean filter,data were divided into 2-s time windows with a 1-s stride between each window,window,z-score normalisation,yes,yes,,35.59,converted EER,64.41,0.6441,,0.6441,0.593204201036698,included,,included; accuracy missing and EER is a valid percentage,,,no reported uncertainty,,,,0,,,0,0,No parenthesized uncertainty was reported in the selected accuracy/EER field.
447_DenseNet201-1s-Mel4-Resting,505,447,DenseNet201 1s Mel4 Resting,ECG,447|DenseNet201 1s Mel4 Resting,CNN,dl,CNN with dense connections (DensNet201),13,one condition,Hexoskin Hx1,256 Hz,3 electrodes,up to 5 min,up to 5 min,1,0,0,0,0,0,0,0,chest/torso,low (one day),4s,4 min,80/20 split within 11 users,2 intruders,,32.11%,,,time frequency via mel-spectrogram,hybrid,,no,Downsampled to 200 Hz; trimmed moving average filter; a third order Butterworth band-pass filter (0.5 Hz-45 Hz); a mean filter,data were divided into 4-s time windows with a 1-s stride between each window,window,z-score normalisation,yes,yes,,32.11,converted EER,67.89,0.6789000000000001,,0.6789000000000001,0.7487212402121334,included,,included; accuracy missing and EER is a valid percentage,,,no reported uncertainty,,,,0,,,0,0,No parenthesized uncertainty was reported in the selected accuracy/EER field.
447_DenseNet201-1s-Mel10-Resting,506,447,DenseNet201 1s Mel10 Resting,ECG,447|DenseNet201 1s Mel10 Resting,CNN,dl,CNN with dense connections (DensNet201),13,one condition,Hexoskin Hx1,256 Hz,3 electrodes,up to 5 min,up to 5 min,1,0,0,0,0,0,0,0,chest/torso,low (one day),10s,4 min,80/20 split within 11 users,2 intruders,,22.83%,,,time frequency via mel-spectrogram,hybrid,,no,Downsampled to 200 Hz; trimmed moving average filter; a third order Butterworth band-pass filter (0.5 Hz-45 Hz); a mean filter,data were divided into 10-s time windows with a 1-s stride between each window,window,z-score normalisation,yes,yes,,22.83,converted EER,77.17,0.7717,,0.7717,1.2179353199278078,included,,included; accuracy missing and EER is a valid percentage,,,no reported uncertainty,,,,0,,,0,0,No parenthesized uncertainty was reported in the selected accuracy/EER field.
447_DenseNet201-3s-Sc2-Resting,507,447,DenseNet201 3s Sc2 Resting,ECG,447|DenseNet201 3s Sc2 Resting,CNN,dl,CNN with dense connections (DensNet201),13,one condition,Hexoskin Hx1,256 Hz,3 electrodes,up to 5 min,up to 5 min,1,0,0,0,0,0,0,0,chest/torso,low (one day),2s,4 min,80/20 split within 11 users,2 intruders,,15.59%,,,time frequency via scalogram,hybrid,,no,Downsampled to 200 Hz; trimmed moving average filter; a third order Butterworth band-pass filter (0.5 Hz-45 Hz); a mean filter,data were divided into 2-s time windows with a 1-s stride between each window,window,z-score normalisation,yes,yes,,15.59,converted EER,84.41,0.8441,,0.8441,1.689056194925943,included,,included; accuracy missing and EER is a valid percentage,,,no reported uncertainty,,,,0,,,0,0,No parenthesized uncertainty was reported in the selected accuracy/EER field.
447_DenseNet201-3s-Sc4-Resting,508,447,DenseNet201 3s Sc4 Resting,ECG,447|DenseNet201 3s Sc4 Resting,CNN,dl,CNN with dense connections (DensNet201),13,one condition,Hexoskin Hx1,256 Hz,3 electrodes,up to 5 min,up to 5 min,1,0,0,0,0,0,0,0,chest/torso,low (one day),4s,4 min,80/20 split within 11 users,2 intruders,,2.94%,,,time frequency via scalogram,hybrid,,no,Downsampled to 200 Hz; trimmed moving average filter; a third order Butterworth band-pass filter (0.5 Hz-45 Hz); a mean filter,data were divided into 4-s time windows with a 1-s stride between each window,window,z-score normalisation,yes,yes,,2.94,converted EER,97.06,0.9706,,0.9706,3.4969197626264803,included,,included; accuracy missing and EER is a valid percentage,,,no reported uncertainty,,,,0,,,0,0,No parenthesized uncertainty was reported in the selected accuracy/EER field.
447_DenseNet201-3s-Sc10-Resting,509,447,DenseNet201 3s Sc10 Resting,ECG,447|DenseNet201 3s Sc10 Resting,CNN,dl,CNN with dense connections (DensNet201),13,one condition,Hexoskin Hx1,256 Hz,3 electrodes,up to 5 min,up to 5 min,1,0,0,0,0,0,0,0,chest/torso,low (one day),10s,4 min,80/20 split within 11 users,2 intruders,,11.41%,,,time frequency via scalogram,hybrid,,no,Downsampled to 200 Hz; trimmed moving average filter; a third order Butterworth band-pass filter (0.5 Hz-45 Hz); a mean filter,data were divided into 10-s time windows with a 1-s stride between each window,window,z-score normalisation,yes,yes,,11.41,converted EER,88.59,0.8859,,0.8859,2.049528820549957,included,,included; accuracy missing and EER is a valid percentage,,,no reported uncertainty,,,,0,,,0,0,No parenthesized uncertainty was reported in the selected accuracy/EER field.
447_DenseNet201-3s-Sp2-Resting,510,447,DenseNet201 3s Sp2 Resting,ECG,447|DenseNet201 3s Sp2 Resting,CNN,dl,CNN with dense connections (DensNet201),13,one condition,Hexoskin Hx1,256 Hz,3 electrodes,up to 5 min,up to 5 min,1,0,0,0,0,0,0,0,chest/torso,low (one day),2s,4 min,80/20 split within 11 users,2 intruders,,26.18%,,,time frequency via spectrogram,hybrid,,no,Downsampled to 200 Hz; trimmed moving average filter; a third order Butterworth band-pass filter (0.5 Hz-45 Hz); a mean filter,data were divided into 2-s time windows with a 1-s stride between each window,window,z-score normalisation,yes,yes,,26.18,converted EER,73.82,0.7382,,0.7382,1.0366339371200985,included,,included; accuracy missing and EER is a valid percentage,,,no reported uncertainty,,,,0,,,0,0,No parenthesized uncertainty was reported in the selected accuracy/EER field.
447_DenseNet201-3s-Sp4-Resting,511,447,DenseNet201 3s Sp4 Resting,ECG,447|DenseNet201 3s Sp4 Resting,CNN,dl,CNN with dense connections (DensNet201),13,one condition,Hexoskin Hx1,256 Hz,3 electrodes,up to 5 min,up to 5 min,1,0,0,0,0,0,0,0,chest/torso,low (one day),4s,4 min,80/20 split within 11 users,2 intruders,,22.79%,,,time frequency via spectrogram,hybrid,,no,Downsampled to 200 Hz; trimmed moving average filter; a third order Butterworth band-pass filter (0.5 Hz-45 Hz); a mean filter,data were divided into 4-s time windows with a 1-s stride between each window,window,z-score normalisation,yes,yes,,22.79,converted EER,77.21000000000001,0.7721000000000001,,0.7721000000000001,1.2202071390631322,included,,included; accuracy missing and EER is a valid percentage,,,no reported uncertainty,,,,0,,,0,0,No parenthesized uncertainty was reported in the selected accuracy/EER field.
447_DenseNet201-3s-Sp10-Resting,512,447,DenseNet201 3s Sp10 Resting,ECG,447|DenseNet201 3s Sp10 Resting,CNN,dl,CNN with dense connections (DensNet201),13,one condition,Hexoskin Hx1,256 Hz,3 electrodes,up to 5 min,up to 5 min,1,0,0,0,0,0,0,0,chest/torso,low (one day),10s,4 min,80/20 split within 11 users,2 intruders,,8.27%,,,time frequency via spectrogram,hybrid,,no,Downsampled to 200 Hz; trimmed moving average filter; a third order Butterworth band-pass filter (0.5 Hz-45 Hz); a mean filter,data were divided into 10-s time windows with a 1-s stride between each window,window,z-score normalisation,yes,yes,,8.27,converted EER,91.73,0.9173,,0.9173,2.4062149704859643,included,,included; accuracy missing and EER is a valid percentage,,,no reported uncertainty,,,,0,,,0,0,No parenthesized uncertainty was reported in the selected accuracy/EER field.
447_DenseNet201-3s-Mel2-Resting,513,447,DenseNet201 3s Mel2 Resting,ECG,447|DenseNet201 3s Mel2 Resting,CNN,dl,CNN with dense connections (DensNet201),13,one condition,Hexoskin Hx1,256 Hz,3 electrodes,up to 5 min,up to 5 min,1,0,0,0,0,0,0,0,chest/torso,low (one day),2s,4 min,80/20 split within 11 users,2 intruders,,35.59%,,,time frequency via mel-spectrogram,hybrid,,no,Downsampled to 200 Hz; trimmed moving average filter; a third order Butterworth band-pass filter (0.5 Hz-45 Hz); a mean filter,data were divided into 2-s time windows with a 1-s stride between each window,window,z-score normalisation,yes,yes,,35.59,converted EER,64.41,0.6441,,0.6441,0.593204201036698,included,,included; accuracy missing and EER is a valid percentage,,,no reported uncertainty,,,,0,,,0,0,No parenthesized uncertainty was reported in the selected accuracy/EER field.
447_DenseNet201-3s-Mel4-Resting,514,447,DenseNet201 3s Mel4 Resting,ECG,447|DenseNet201 3s Mel4 Resting,CNN,dl,CNN with dense connections (DensNet201),13,one condition,Hexoskin Hx1,256 Hz,3 electrodes,up to 5 min,up to 5 min,1,0,0,0,0,0,0,0,chest/torso,low (one day),4s,4 min,80/20 split within 11 users,2 intruders,,30.64%,,,time frequency via mel-spectrogram,hybrid,,no,Downsampled to 200 Hz; trimmed moving average filter; a third order Butterworth band-pass filter (0.5 Hz-45 Hz); a mean filter,data were divided into 4-s time windows with a 1-s stride between each window,window,z-score normalisation,yes,yes,,30.64,converted EER,69.36,0.6936,,0.6936,0.8170039875998959,included,,included; accuracy missing and EER is a valid percentage,,,no reported uncertainty,,,,0,,,0,0,No parenthesized uncertainty was reported in the selected accuracy/EER field.
447_DenseNet201-3s-Mel10-Resting,515,447,DenseNet201 3s Mel10 Resting,ECG,447|DenseNet201 3s Mel10 Resting,CNN,dl,CNN with dense connections (DensNet201),13,one condition,Hexoskin Hx1,256 Hz,3 electrodes,up to 5 min,up to 5 min,1,0,0,0,0,0,0,0,chest/torso,low (one day),10s,4 min,80/20 split within 11 users,2 intruders,,23.91%,,,time frequency via mel-spectrogram,hybrid,,no,Downsampled to 200 Hz; trimmed moving average filter; a third order Butterworth band-pass filter (0.5 Hz-45 Hz); a mean filter,data were divided into 10-s time windows with a 1-s stride between each window,window,z-score normalisation,yes,yes,,23.91,converted EER,76.09,0.7609,,0.7609,1.1576200687181981,included,,included; accuracy missing and EER is a valid percentage,,,no reported uncertainty,,,,0,,,0,0,No parenthesized uncertainty was reported in the selected accuracy/EER field.
447_DenseNet201-5s-Sc2-Resting,516,447,DenseNet201 5s Sc2 Resting,ECG,447|DenseNet201 5s Sc2 Resting,CNN,dl,CNN with dense connections (DensNet201),13,one condition,Hexoskin Hx1,256 Hz,3 electrodes,up to 5 min,up to 5 min,1,0,0,0,0,0,0,0,chest/torso,low (one day),2s,4 min,80/20 split within 11 users,2 intruders,,15.59%,,,time frequency via scalogram,hybrid,,no,Downsampled to 200 Hz; trimmed moving average filter; a third order Butterworth band-pass filter (0.5 Hz-45 Hz); a mean filter,data were divided into 2-s time windows with a 1-s stride between each window,window,z-score normalisation,yes,yes,,15.59,converted EER,84.41,0.8441,,0.8441,1.689056194925943,included,,included; accuracy missing and EER is a valid percentage,,,no reported uncertainty,,,,0,,,0,0,No parenthesized uncertainty was reported in the selected accuracy/EER field.
447_DenseNet201-5s-Sc4-Resting,517,447,DenseNet201 5s Sc4 Resting,ECG,447|DenseNet201 5s Sc4 Resting,CNN,dl,CNN with dense connections (DensNet201),13,one condition,Hexoskin Hx1,256 Hz,3 electrodes,up to 5 min,up to 5 min,1,0,0,0,0,0,0,0,chest/torso,low (one day),4s,4 min,80/20 split within 11 users,2 intruders,,2.94%,,,time frequency via scalogram,hybrid,,no,Downsampled to 200 Hz; trimmed moving average filter; a third order Butterworth band-pass filter (0.5 Hz-45 Hz); a mean filter,data were divided into 4-s time windows with a 1-s stride between each window,window,z-score normalisation,yes,yes,,2.94,converted EER,97.06,0.9706,,0.9706,3.4969197626264803,included,,included; accuracy missing and EER is a valid percentage,,,no reported uncertainty,,,,0,,,0,0,No parenthesized uncertainty was reported in the selected accuracy/EER field.
447_DenseNet201-5s-Sc10-Resting,518,447,DenseNet201 5s Sc10 Resting,ECG,447|DenseNet201 5s Sc10 Resting,CNN,dl,CNN with dense connections (DensNet201),13,one condition,Hexoskin Hx1,256 Hz,3 electrodes,up to 5 min,up to 5 min,1,0,0,0,0,0,0,0,chest/torso,low (one day),10s,4 min,80/20 split within 11 users,2 intruders,,10.87%,,,time frequency via scalogram,hybrid,,no,Downsampled to 200 Hz; trimmed moving average filter; a third order Butterworth band-pass filter (0.5 Hz-45 Hz); a mean filter,data were divided into 10-s time windows with a 1-s stride between each window,window,z-score normalisation,yes,yes,,10.87,converted EER,89.13,0.8913,,0.8913,2.1040892770095074,included,,included; accuracy missing and EER is a valid percentage,,,no reported uncertainty,,,,0,,,0,0,No parenthesized uncertainty was reported in the selected accuracy/EER field.
447_DenseNet201-5s-Sp2-Resting,519,447,DenseNet201 5s Sp2 Resting,ECG,447|DenseNet201 5s Sp2 Resting,CNN,dl,CNN with dense connections (DensNet201),13,one condition,Hexoskin Hx1,256 Hz,3 electrodes,up to 5 min,up to 5 min,1,0,0,0,0,0,0,0,chest/torso,low (one day),2s,4 min,80/20 split within 11 users,2 intruders,,25.74%,,,time frequency via spectrogram,hybrid,,no,Downsampled to 200 Hz; trimmed moving average filter; a third order Butterworth band-pass filter (0.5 Hz-45 Hz); a mean filter,data were divided into 2-s time windows with a 1-s stride between each window,window,z-score normalisation,yes,yes,,25.74,converted EER,74.26,0.7426,,0.7426,1.0595262465809536,included,,included; accuracy missing and EER is a valid percentage,,,no reported uncertainty,,,,0,,,0,0,No parenthesized uncertainty was reported in the selected accuracy/EER field.
447_DenseNet201-5s-Sp4-Resting,520,447,DenseNet201 5s Sp4 Resting,ECG,447|DenseNet201 5s Sp4 Resting,CNN,dl,CNN with dense connections (DensNet201),13,one condition,Hexoskin Hx1,256 Hz,3 electrodes,up to 5 min,up to 5 min,1,0,0,0,0,0,0,0,chest/torso,low (one day),4s,4 min,80/20 split within 11 users,2 intruders,,20.10%,,,time frequency via spectrogram,hybrid,,no,Downsampled to 200 Hz; trimmed moving average filter; a third order Butterworth band-pass filter (0.5 Hz-45 Hz); a mean filter,data were divided into 4-s time windows with a 1-s stride between each window,window,z-score normalisation,yes,yes,,20.1,converted EER,79.9,0.799,,0.799,1.380056037707199,included,,included; accuracy missing and EER is a valid percentage,,,no reported uncertainty,,,,0,,,0,0,No parenthesized uncertainty was reported in the selected accuracy/EER field.
447_DenseNet201-5s-Sp10-Resting,521,447,DenseNet201 5s Sp10 Resting,ECG,447|DenseNet201 5s Sp10 Resting,CNN,dl,CNN with dense connections (DensNet201),13,one condition,Hexoskin Hx1,256 Hz,3 electrodes,up to 5 min,up to 5 min,1,0,0,0,0,0,0,0,chest/torso,low (one day),10s,4 min,80/20 split within 11 users,2 intruders,,7.73%,,,time frequency via spectrogram,hybrid,,no,Downsampled to 200 Hz; trimmed moving average filter; a third order Butterworth band-pass filter (0.5 Hz-45 Hz); a mean filter,data were divided into 10-s time windows with a 1-s stride between each window,window,z-score normalisation,yes,yes,,7.73,converted EER,92.27,0.9227,,0.9227,2.4796101989911334,included,,included; accuracy missing and EER is a valid percentage,,,no reported uncertainty,,,,0,,,0,0,No parenthesized uncertainty was reported in the selected accuracy/EER field.
447_DenseNet201-5s-Mel2-Resting,522,447,DenseNet201 5s Mel2 Resting,ECG,447|DenseNet201 5s Mel2 Resting,CNN,dl,CNN with dense connections (DensNet201),13,one condition,Hexoskin Hx1,256 Hz,3 electrodes,up to 5 min,up to 5 min,1,0,0,0,0,0,0,0,chest/torso,low (one day),2s,4 min,80/20 split within 11 users,2 intruders,,35.91%,,,time frequency via mel-spectrogram,hybrid,,no,Downsampled to 200 Hz; trimmed moving average filter; a third order Butterworth band-pass filter (0.5 Hz-45 Hz); a mean filter,data were divided into 2-s time windows with a 1-s stride between each window,window,z-score normalisation,yes,yes,,35.91,converted EER,64.09,0.6409,,0.6409,0.5792725372781442,included,,included; accuracy missing and EER is a valid percentage,,,no reported uncertainty,,,,0,,,0,0,No parenthesized uncertainty was reported in the selected accuracy/EER field.
447_DenseNet201-5s-Mel4-Resting,523,447,DenseNet201 5s Mel4 Resting,ECG,447|DenseNet201 5s Mel4 Resting,CNN,dl,CNN with dense connections (DensNet201),13,one condition,Hexoskin Hx1,256 Hz,3 electrodes,up to 5 min,up to 5 min,1,0,0,0,0,0,0,0,chest/torso,low (one day),4s,4 min,80/20 split within 11 users,2 intruders,,32.35%,,,time frequency via mel-spectrogram,hybrid,,no,Downsampled to 200 Hz; trimmed moving average filter; a third order Butterworth band-pass filter (0.5 Hz-45 Hz); a mean filter,data were divided into 4-s time windows with a 1-s stride between each window,window,z-score normalisation,yes,yes,,32.35,converted EER,67.65,0.6765000000000001,,0.6765000000000001,0.737733333669888,included,,included; accuracy missing and EER is a valid percentage,,,no reported uncertainty,,,,0,,,0,0,No parenthesized uncertainty was reported in the selected accuracy/EER field.
447_DenseNet201-5s-Mel10-Resting,524,447,DenseNet201 5s Mel10 Resting,ECG,447|DenseNet201 5s Mel10 Resting,CNN,dl,CNN with dense connections (DensNet201),13,one condition,Hexoskin Hx1,256 Hz,3 electrodes,up to 5 min,up to 5 min,1,0,0,0,0,0,0,0,chest/torso,low (one day),10s,4 min,80/20 split within 11 users,2 intruders,,22.83%,,,time frequency via mel-spectrogram,hybrid,,no,Downsampled to 200 Hz; trimmed moving average filter; a third order Butterworth band-pass filter (0.5 Hz-45 Hz); a mean filter,data were divided into 10-s time windows with a 1-s stride between each window,window,z-score normalisation,yes,yes,,22.83,converted EER,77.17,0.7717,,0.7717,1.2179353199278078,included,,included; accuracy missing and EER is a valid percentage,,,no reported uncertainty,,,,0,,,0,0,No parenthesized uncertainty was reported in the selected accuracy/EER field.
447_DenseNet201-1s-Sc2-Walking,525,447,DenseNet201 1s Sc2 Walking,ECG,447|DenseNet201 1s Sc2 Walking,CNN,dl,CNN with dense connections (DensNet201),13,one condition,Hexoskin Hx1,256 Hz,3 electrodes,up to 5 min,up to 5 min,1,0,0,0,0,0,0,0,chest/torso,low (one day),2s,4 min,80/20 split within 11 users,2 intruders,,27.65%,,,time frequency via scalogram,hybrid,,no,Downsampled to 200 Hz; trimmed moving average filter; a third order Butterworth band-pass filter (0.5 Hz-45 Hz); a mean filter,data were divided into 2-s time windows with a 1-s stride between each window,window,z-score normalisation,yes,yes,,27.65,converted EER,72.35,0.7234999999999999,,0.7234999999999999,0.9618897251091486,included,,included; accuracy missing and EER is a valid percentage,,,no reported uncertainty,,,,0,,,0,0,No parenthesized uncertainty was reported in the selected accuracy/EER field.
447_DenseNet201-1s-Sc4-Walking,526,447,DenseNet201 1s Sc4 Walking,ECG,447|DenseNet201 1s Sc4 Walking,CNN,dl,CNN with dense connections (DensNet201),13,one condition,Hexoskin Hx1,256 Hz,3 electrodes,up to 5 min,up to 5 min,1,0,0,0,0,0,0,0,chest/torso,low (one day),4s,4 min,80/20 split within 11 users,2 intruders,,3.19%,,,time frequency via scalogram,hybrid,,no,Downsampled to 200 Hz; trimmed moving average filter; a third order Butterworth band-pass filter (0.5 Hz-45 Hz); a mean filter,data were divided into 4-s time windows with a 1-s stride between each window,window,z-score normalisation,yes,yes,,3.19,converted EER,96.81,0.9681000000000001,,0.9681000000000001,3.412729377935229,included,,included; accuracy missing and EER is a valid percentage,,,no reported uncertainty,,,,0,,,0,0,No parenthesized uncertainty was reported in the selected accuracy/EER field.
447_DenseNet201-1s-Sc10-Walking,527,447,DenseNet201 1s Sc10 Walking,ECG,447|DenseNet201 1s Sc10 Walking,CNN,dl,CNN with dense connections (DensNet201),13,one condition,Hexoskin Hx1,256 Hz,3 electrodes,up to 5 min,up to 5 min,1,0,0,0,0,0,0,0,chest/torso,low (one day),10s,4 min,80/20 split within 11 users,2 intruders,,10.06%,,,time frequency via scalogram,hybrid,,no,Downsampled to 200 Hz; trimmed moving average filter; a third order Butterworth band-pass filter (0.5 Hz-45 Hz); a mean filter,data were divided into 10-s time windows with a 1-s stride between each window,window,z-score normalisation,yes,yes,,10.06,converted EER,89.94,0.8994,,0.8994,2.190575616670968,included,,included; accuracy missing and EER is a valid percentage,,,no reported uncertainty,,,,0,,,0,0,No parenthesized uncertainty was reported in the selected accuracy/EER field.
447_DenseNet201-1s-Sp2-Walking,528,447,DenseNet201 1s Sp2 Walking,ECG,447|DenseNet201 1s Sp2 Walking,CNN,dl,CNN with dense connections (DensNet201),13,one condition,Hexoskin Hx1,256 Hz,3 electrodes,up to 5 min,up to 5 min,1,0,0,0,0,0,0,0,chest/torso,low (one day),2s,4 min,80/20 split within 11 users,2 intruders,,28.09%,,,time frequency via spectrogram,hybrid,,no,Downsampled to 200 Hz; trimmed moving average filter; a third order Butterworth band-pass filter (0.5 Hz-45 Hz); a mean filter,data were divided into 2-s time windows with a 1-s stride between each window,window,z-score normalisation,yes,yes,,28.09,converted EER,71.91,0.7191,,0.7191,0.9400016959982502,included,,included; accuracy missing and EER is a valid percentage,,,no reported uncertainty,,,,0,,,0,0,No parenthesized uncertainty was reported in the selected accuracy/EER field.
447_DenseNet201-1s-Sp4-Walking,529,447,DenseNet201 1s Sp4 Walking,ECG,447|DenseNet201 1s Sp4 Walking,CNN,dl,CNN with dense connections (DensNet201),13,one condition,Hexoskin Hx1,256 Hz,3 electrodes,up to 5 min,up to 5 min,1,0,0,0,0,0,0,0,chest/torso,low (one day),4s,4 min,80/20 split within 11 users,2 intruders,,16.91%,,,time frequency via spectrogram,hybrid,,no,Downsampled to 200 Hz; trimmed moving average filter; a third order Butterworth band-pass filter (0.5 Hz-45 Hz); a mean filter,data were divided into 4-s time windows with a 1-s stride between each window,window,z-score normalisation,yes,yes,,16.91,converted EER,83.09,0.8309000000000001,,0.8309000000000001,1.5920191947664017,included,,included; accuracy missing and EER is a valid percentage,,,no reported uncertainty,,,,0,,,0,0,No parenthesized uncertainty was reported in the selected accuracy/EER field.
447_DenseNet201-1s-Sp10-Walking,530,447,DenseNet201 1s Sp10 Walking,ECG,447|DenseNet201 1s Sp10 Walking,CNN,dl,CNN with dense connections (DensNet201),13,one condition,Hexoskin Hx1,256 Hz,3 electrodes,up to 5 min,up to 5 min,1,0,0,0,0,0,0,0,chest/torso,low (one day),10s,4 min,80/20 split within 11 users,2 intruders,,8.82%,,,time frequency via spectrogram,hybrid,,no,Downsampled to 200 Hz; trimmed moving average filter; a third order Butterworth band-pass filter (0.5 Hz-45 Hz); a mean filter,data were divided into 10-s time windows with a 1-s stride between each window,window,z-score normalisation,yes,yes,,8.82,converted EER,91.18,0.9118,,0.9118,2.335813704766596,included,,included; accuracy missing and EER is a valid percentage,,,no reported uncertainty,,,,0,,,0,0,No parenthesized uncertainty was reported in the selected accuracy/EER field.
447_DenseNet201-1s-Mel2-Walking,531,447,DenseNet201 1s Mel2 Walking,ECG,447|DenseNet201 1s Mel2 Walking,CNN,dl,CNN with dense connections (DensNet201),13,one condition,Hexoskin Hx1,256 Hz,3 electrodes,up to 5 min,up to 5 min,1,0,0,0,0,0,0,0,chest/torso,low (one day),2s,4 min,80/20 split within 11 users,2 intruders,,35.88%,,,time frequency via mel-spectrogram,hybrid,,no,Downsampled to 200 Hz; trimmed moving average filter; a third order Butterworth band-pass filter (0.5 Hz-45 Hz); a mean filter,data were divided into 2-s time windows with a 1-s stride between each window,window,z-score normalisation,yes,yes,,35.88,converted EER,64.12,0.6412,,0.6412,0.5805762905507569,included,,included; accuracy missing and EER is a valid percentage,,,no reported uncertainty,,,,0,,,0,0,No parenthesized uncertainty was reported in the selected accuracy/EER field.
447_DenseNet201-1s-Mel4-Walking,532,447,DenseNet201 1s Mel4 Walking,ECG,447|DenseNet201 1s Mel4 Walking,CNN,dl,CNN with dense connections (DensNet201),13,one condition,Hexoskin Hx1,256 Hz,3 electrodes,up to 5 min,up to 5 min,1,0,0,0,0,0,0,0,chest/torso,low (one day),4s,4 min,80/20 split within 11 users,2 intruders,,31.13%,,,time frequency via mel-spectrogram,hybrid,,no,Downsampled to 200 Hz; trimmed moving average filter; a third order Butterworth band-pass filter (0.5 Hz-45 Hz); a mean filter,data were divided into 4-s time windows with a 1-s stride between each window,window,z-score normalisation,yes,yes,,31.13,converted EER,68.87,0.6887000000000001,,0.6887000000000001,0.7940486851030905,included,,included; accuracy missing and EER is a valid percentage,,,no reported uncertainty,,,,0,,,0,0,No parenthesized uncertainty was reported in the selected accuracy/EER field.
447_DenseNet201-1s-Mel10-Walking,533,447,DenseNet201 1s Mel10 Walking,ECG,447|DenseNet201 1s Mel10 Walking,CNN,dl,CNN with dense connections (DensNet201),13,one condition,Hexoskin Hx1,256 Hz,3 electrodes,up to 5 min,up to 5 min,1,0,0,0,0,0,0,0,chest/torso,low (one day),10s,4 min,80/20 split within 11 users,2 intruders,,20.83%,,,time frequency via mel-spectrogram,hybrid,,no,Downsampled to 200 Hz; trimmed moving average filter; a third order Butterworth band-pass filter (0.5 Hz-45 Hz); a mean filter,data were divided into 10-s time windows with a 1-s stride between each window,window,z-score normalisation,yes,yes,,20.83,converted EER,79.17,0.7917000000000001,,0.7917000000000001,1.3352031839104623,included,,included; accuracy missing and EER is a valid percentage,,,no reported uncertainty,,,,0,,,0,0,No parenthesized uncertainty was reported in the selected accuracy/EER field.
447_DenseNet201-3s-Sc2-Walking,534,447,DenseNet201 3s Sc2 Walking,ECG,447|DenseNet201 3s Sc2 Walking,CNN,dl,CNN with dense connections (DensNet201),13,one condition,Hexoskin Hx1,256 Hz,3 electrodes,up to 5 min,up to 5 min,1,0,0,0,0,0,0,0,chest/torso,low (one day),2s,4 min,80/20 split within 11 users,2 intruders,,25.59%,,,time frequency via scalogram,hybrid,,no,Downsampled to 200 Hz; trimmed moving average filter; a third order Butterworth band-pass filter (0.5 Hz-45 Hz); a mean filter,data were divided into 2-s time windows with a 1-s stride between each window,window,z-score normalisation,yes,yes,,25.59,converted EER,74.41,0.7441,,0.7441,1.0673886912374724,included,,included; accuracy missing and EER is a valid percentage,,,no reported uncertainty,,,,0,,,0,0,No parenthesized uncertainty was reported in the selected accuracy/EER field.
447_DenseNet201-3s-Sc4-Walking,535,447,DenseNet201 3s Sc4 Walking,ECG,447|DenseNet201 3s Sc4 Walking,CNN,dl,CNN with dense connections (DensNet201),13,one condition,Hexoskin Hx1,256 Hz,3 electrodes,up to 5 min,up to 5 min,1,0,0,0,0,0,0,0,chest/torso,low (one day),4s,4 min,80/20 split within 11 users,2 intruders,,2.21%,,,time frequency via scalogram,hybrid,,no,Downsampled to 200 Hz; trimmed moving average filter; a third order Butterworth band-pass filter (0.5 Hz-45 Hz); a mean filter,data were divided into 4-s time windows with a 1-s stride between each window,window,z-score normalisation,yes,yes,,2.21,converted EER,97.79,0.9779000000000001,,0.9779000000000001,3.789829806794527,included,,included; accuracy missing and EER is a valid percentage,,,no reported uncertainty,,,,0,,,0,0,No parenthesized uncertainty was reported in the selected accuracy/EER field.
447_DenseNet201-3s-Sc10-Walking,536,447,DenseNet201 3s Sc10 Walking,ECG,447|DenseNet201 3s Sc10 Walking,CNN,dl,CNN with dense connections (DensNet201),13,one condition,Hexoskin Hx1,256 Hz,3 electrodes,up to 5 min,up to 5 min,1,0,0,0,0,0,0,0,chest/torso,low (one day),10s,4 min,80/20 split within 11 users,2 intruders,,9.51%,,,time frequency via scalogram,hybrid,,no,Downsampled to 200 Hz; trimmed moving average filter; a third order Butterworth band-pass filter (0.5 Hz-45 Hz); a mean filter,data were divided into 10-s time windows with a 1-s stride between each window,window,z-score normalisation,yes,yes,,9.51,converted EER,90.49,0.9048999999999999,,0.9048999999999999,2.252895470805742,included,,included; accuracy missing and EER is a valid percentage,,,no reported uncertainty,,,,0,,,0,0,No parenthesized uncertainty was reported in the selected accuracy/EER field.
447_DenseNet201-3s-Sp2-Walking,537,447,DenseNet201 3s Sp2 Walking,ECG,447|DenseNet201 3s Sp2 Walking,CNN,dl,CNN with dense connections (DensNet201),13,one condition,Hexoskin Hx1,256 Hz,3 electrodes,up to 5 min,up to 5 min,1,0,0,0,0,0,0,0,chest/torso,low (one day),2s,4 min,80/20 split within 11 users,2 intruders,,28.09%,,,time frequency via spectrogram,hybrid,,no,Downsampled to 200 Hz; trimmed moving average filter; a third order Butterworth band-pass filter (0.5 Hz-45 Hz); a mean filter,data were divided into 2-s time windows with a 1-s stride between each window,window,z-score normalisation,yes,yes,,28.09,converted EER,71.91,0.7191,,0.7191,0.9400016959982502,included,,included; accuracy missing and EER is a valid percentage,,,no reported uncertainty,,,,0,,,0,0,No parenthesized uncertainty was reported in the selected accuracy/EER field.
447_DenseNet201-3s-Sp4-Walking,538,447,DenseNet201 3s Sp4 Walking,ECG,447|DenseNet201 3s Sp4 Walking,CNN,dl,CNN with dense connections (DensNet201),13,one condition,Hexoskin Hx1,256 Hz,3 electrodes,up to 5 min,up to 5 min,1,0,0,0,0,0,0,0,chest/torso,low (one day),4s,4 min,80/20 split within 11 users,2 intruders,,14.46%,,,time frequency via spectrogram,hybrid,,no,Downsampled to 200 Hz; trimmed moving average filter; a third order Butterworth band-pass filter (0.5 Hz-45 Hz); a mean filter,data were divided into 4-s time windows with a 1-s stride between each window,window,z-score normalisation,yes,yes,,14.46,converted EER,85.53999999999999,0.8553999999999999,,0.8553999999999999,1.7775978860681434,included,,included; accuracy missing and EER is a valid percentage,,,no reported uncertainty,,,,0,,,0,0,No parenthesized uncertainty was reported in the selected accuracy/EER field.
447_DenseNet201-3s-Sp10-Walking,539,447,DenseNet201 3s Sp10 Walking,ECG,447|DenseNet201 3s Sp10 Walking,CNN,dl,CNN with dense connections (DensNet201),13,one condition,Hexoskin Hx1,256 Hz,3 electrodes,up to 5 min,up to 5 min,1,0,0,0,0,0,0,0,chest/torso,low (one day),10s,4 min,80/20 split within 11 users,2 intruders,,6.64%,,,time frequency via spectrogram,hybrid,,no,Downsampled to 200 Hz; trimmed moving average filter; a third order Butterworth band-pass filter (0.5 Hz-45 Hz); a mean filter,data were divided into 10-s time windows with a 1-s stride between each window,window,z-score normalisation,yes,yes,,6.64,converted EER,93.36,0.9336,,0.9336,2.643351024489958,included,,included; accuracy missing and EER is a valid percentage,,,no reported uncertainty,,,,0,,,0,0,No parenthesized uncertainty was reported in the selected accuracy/EER field.
447_DenseNet201-3s-Mel2-Walking,540,447,DenseNet201 3s Mel2 Walking,ECG,447|DenseNet201 3s Mel2 Walking,CNN,dl,CNN with dense connections (DensNet201),13,one condition,Hexoskin Hx1,256 Hz,3 electrodes,up to 5 min,up to 5 min,1,0,0,0,0,0,0,0,chest/torso,low (one day),2s,4 min,80/20 split within 11 users,2 intruders,,35.74%,,,time frequency via mel-spectrogram,hybrid,,no,Downsampled to 200 Hz; trimmed moving average filter; a third order Butterworth band-pass filter (0.5 Hz-45 Hz); a mean filter,data were divided into 2-s time windows with a 1-s stride between each window,window,z-score normalisation,yes,yes,,35.74,converted EER,64.25999999999999,0.6426,,0.6426,0.5866668439564302,included,,included; accuracy missing and EER is a valid percentage,,,no reported uncertainty,,,,0,,,0,0,No parenthesized uncertainty was reported in the selected accuracy/EER field.
447_DenseNet201-3s-Mel4-Walking,541,447,DenseNet201 3s Mel4 Walking,ECG,447|DenseNet201 3s Mel4 Walking,CNN,dl,CNN with dense connections (DensNet201),13,one condition,Hexoskin Hx1,256 Hz,3 electrodes,up to 5 min,up to 5 min,1,0,0,0,0,0,0,0,chest/torso,low (one day),4s,4 min,80/20 split within 11 users,2 intruders,,29.90%,,,time frequency via mel-spectrogram,hybrid,,no,Downsampled to 200 Hz; trimmed moving average filter; a third order Butterworth band-pass filter (0.5 Hz-45 Hz); a mean filter,data were divided into 4-s time windows with a 1-s stride between each window,window,z-score normalisation,yes,yes,,29.9,converted EER,70.1,0.701,,0.701,0.8520643136439034,included,,included; accuracy missing and EER is a valid percentage,,,no reported uncertainty,,,,0,,,0,0,No parenthesized uncertainty was reported in the selected accuracy/EER field.
447_DenseNet201-3s-Mel10-Walking,542,447,DenseNet201 3s Mel10 Walking,ECG,447|DenseNet201 3s Mel10 Walking,CNN,dl,CNN with dense connections (DensNet201),13,one condition,Hexoskin Hx1,256 Hz,3 electrodes,up to 5 min,up to 5 min,1,0,0,0,0,0,0,0,chest/torso,low (one day),10s,4 min,80/20 split within 11 users,2 intruders,,20.92%,,,time frequency via mel-spectrogram,hybrid,,no,Downsampled to 200 Hz; trimmed moving average filter; a third order Butterworth band-pass filter (0.5 Hz-45 Hz); a mean filter,data were divided into 10-s time windows with a 1-s stride between each window,window,z-score normalisation,yes,yes,,20.92,converted EER,79.08,0.7908,,0.7908,1.3297543591056937,included,,included; accuracy missing and EER is a valid percentage,,,no reported uncertainty,,,,0,,,0,0,No parenthesized uncertainty was reported in the selected accuracy/EER field.
447_DenseNet201-5s-Sc2-Walking,543,447,DenseNet201 5s Sc2 Walking,ECG,447|DenseNet201 5s Sc2 Walking,CNN,dl,CNN with dense connections (DensNet201),13,one condition,Hexoskin Hx1,256 Hz,3 electrodes,up to 5 min,up to 5 min,1,0,0,0,0,0,0,0,chest/torso,low (one day),2s,4 min,80/20 split within 11 users,2 intruders,,22.50%,,,time frequency via scalogram,hybrid,,no,Downsampled to 200 Hz; trimmed moving average filter; a third order Butterworth band-pass filter (0.5 Hz-45 Hz); a mean filter,data were divided into 2-s time windows with a 1-s stride between each window,window,z-score normalisation,yes,yes,,22.5,converted EER,77.5,0.775,,0.775,1.2367626271489272,included,,included; accuracy missing and EER is a valid percentage,,,no reported uncertainty,,,,0,,,0,0,No parenthesized uncertainty was reported in the selected accuracy/EER field.
447_DenseNet201-5s-Sc4-Walking,544,447,DenseNet201 5s Sc4 Walking,ECG,447|DenseNet201 5s Sc4 Walking,CNN,dl,CNN with dense connections (DensNet201),13,one condition,Hexoskin Hx1,256 Hz,3 electrodes,up to 5 min,up to 5 min,1,0,0,0,0,0,0,0,chest/torso,low (one day),4s,4 min,80/20 split within 11 users,2 intruders,,2.45%,,,time frequency via scalogram,hybrid,,no,Downsampled to 200 Hz; trimmed moving average filter; a third order Butterworth band-pass filter (0.5 Hz-45 Hz); a mean filter,data were divided into 4-s time windows with a 1-s stride between each window,window,z-score normalisation,yes,yes,,2.45,converted EER,97.55,0.9754999999999999,,0.9754999999999999,3.6842770425124813,included,,included; accuracy missing and EER is a valid percentage,,,no reported uncertainty,,,,0,,,0,0,No parenthesized uncertainty was reported in the selected accuracy/EER field.
447_DenseNet201-5s-Sc10-Walking,545,447,DenseNet201 5s Sc10 Walking,ECG,447|DenseNet201 5s Sc10 Walking,CNN,dl,CNN with dense connections (DensNet201),13,one condition,Hexoskin Hx1,256 Hz,3 electrodes,up to 5 min,up to 5 min,1,0,0,0,0,0,0,0,chest/torso,low (one day),10s,4 min,80/20 split within 11 users,2 intruders,,8.42%,,,time frequency via scalogram,hybrid,,no,Downsampled to 200 Hz; trimmed moving average filter; a third order Butterworth band-pass filter (0.5 Hz-45 Hz); a mean filter,data were divided into 10-s time windows with a 1-s stride between each window,window,z-score normalisation,yes,yes,,8.42,converted EER,91.58,0.9158,,0.9158,2.3866030789747135,included,,included; accuracy missing and EER is a valid percentage,,,no reported uncertainty,,,,0,,,0,0,No parenthesized uncertainty was reported in the selected accuracy/EER field.
447_DenseNet201-5s-Sp2-Walking,546,447,DenseNet201 5s Sp2 Walking,ECG,447|DenseNet201 5s Sp2 Walking,CNN,dl,CNN with dense connections (DensNet201),13,one condition,Hexoskin Hx1,256 Hz,3 electrodes,up to 5 min,up to 5 min,1,0,0,0,0,0,0,0,chest/torso,low (one day),2s,4 min,80/20 split within 11 users,2 intruders,,25.59%,,,time frequency via spectrogram,hybrid,,no,Downsampled to 200 Hz; trimmed moving average filter; a third order Butterworth band-pass filter (0.5 Hz-45 Hz); a mean filter,data were divided into 2-s time windows with a 1-s stride between each window,window,z-score normalisation,yes,yes,,25.59,converted EER,74.41,0.7441,,0.7441,1.0673886912374724,included,,included; accuracy missing and EER is a valid percentage,,,no reported uncertainty,,,,0,,,0,0,No parenthesized uncertainty was reported in the selected accuracy/EER field.
447_DenseNet201-5s-Sp4-Walking,547,447,DenseNet201 5s Sp4 Walking,ECG,447|DenseNet201 5s Sp4 Walking,CNN,dl,CNN with dense connections (DensNet201),13,one condition,Hexoskin Hx1,256 Hz,3 electrodes,up to 5 min,up to 5 min,1,0,0,0,0,0,0,0,chest/torso,low (one day),4s,4 min,80/20 split within 11 users,2 intruders,,14.71%,,,time frequency via spectrogram,hybrid,,no,Downsampled to 200 Hz; trimmed moving average filter; a third order Butterworth band-pass filter (0.5 Hz-45 Hz); a mean filter,data were divided into 4-s time windows with a 1-s stride between each window,window,z-score normalisation,yes,yes,,14.71,converted EER,85.28999999999999,0.8528999999999999,,0.8528999999999999,1.757529679717671,included,,included; accuracy missing and EER is a valid percentage,,,no reported uncertainty,,,,0,,,0,0,No parenthesized uncertainty was reported in the selected accuracy/EER field.
447_DenseNet201-5s-Sp10-Walking,548,447,DenseNet201 5s Sp10 Walking,ECG,447|DenseNet201 5s Sp10 Walking,CNN,dl,CNN with dense connections (DensNet201),13,one condition,Hexoskin Hx1,256 Hz,3 electrodes,up to 5 min,up to 5 min,1,0,0,0,0,0,0,0,chest/torso,low (one day),10s,4 min,80/20 split within 11 users,2 intruders,,6.10%,,,time frequency via spectrogram,hybrid,,no,Downsampled to 200 Hz; trimmed moving average filter; a third order Butterworth band-pass filter (0.5 Hz-45 Hz); a mean filter,data were divided into 10-s time windows with a 1-s stride between each window,window,z-score normalisation,yes,yes,,6.1,converted EER,93.9,0.9390000000000001,,0.9390000000000001,2.7339416150349525,included,,included; accuracy missing and EER is a valid percentage,,,no reported uncertainty,,,,0,,,0,0,No parenthesized uncertainty was reported in the selected accuracy/EER field.
447_DenseNet201-5s-Mel2-Walking,549,447,DenseNet201 5s Mel2 Walking,ECG,447|DenseNet201 5s Mel2 Walking,CNN,dl,CNN with dense connections (DensNet201),13,one condition,Hexoskin Hx1,256 Hz,3 electrodes,up to 5 min,up to 5 min,1,0,0,0,0,0,0,0,chest/torso,low (one day),2s,4 min,80/20 split within 11 users,2 intruders,,36.03%,,,time frequency via mel-spectrogram,hybrid,,no,Downsampled to 200 Hz; trimmed moving average filter; a third order Butterworth band-pass filter (0.5 Hz-45 Hz); a mean filter,data were divided into 2-s time windows with a 1-s stride between each window,window,z-score normalisation,yes,yes,,36.03,converted EER,63.97,0.6396999999999999,,0.6396999999999999,0.5740622987020442,included,,included; accuracy missing and EER is a valid percentage,,,no reported uncertainty,,,,0,,,0,0,No parenthesized uncertainty was reported in the selected accuracy/EER field.
447_DenseNet201-5s-Mel4-Walking,550,447,DenseNet201 5s Mel4 Walking,ECG,447|DenseNet201 5s Mel4 Walking,CNN,dl,CNN with dense connections (DensNet201),13,one condition,Hexoskin Hx1,256 Hz,3 electrodes,up to 5 min,up to 5 min,1,0,0,0,0,0,0,0,chest/torso,low (one day),4s,4 min,80/20 split within 11 users,2 intruders,,30.15%,,,time frequency via mel-spectrogram,hybrid,,no,Downsampled to 200 Hz; trimmed moving average filter; a third order Butterworth band-pass filter (0.5 Hz-45 Hz); a mean filter,data were divided into 4-s time windows with a 1-s stride between each window,window,z-score normalisation,yes,yes,,30.15,converted EER,69.85,0.6984999999999999,,0.6984999999999999,0.8401651625297758,included,,included; accuracy missing and EER is a valid percentage,,,no reported uncertainty,,,,0,,,0,0,No parenthesized uncertainty was reported in the selected accuracy/EER field.
447_DenseNet201-5s-Mel10-Walking,551,447,DenseNet201 5s Mel10 Walking,ECG,447|DenseNet201 5s Mel10 Walking,CNN,dl,CNN with dense connections (DensNet201),13,one condition,Hexoskin Hx1,256 Hz,3 electrodes,up to 5 min,up to 5 min,1,0,0,0,0,0,0,0,chest/torso,low (one day),10s,4 min,80/20 split within 11 users,2 intruders,,19.57%,,,time frequency via mel-spectrogram,hybrid,,no,Downsampled to 200 Hz; trimmed moving average filter; a third order Butterworth band-pass filter (0.5 Hz-45 Hz); a mean filter,data were divided into 10-s time windows with a 1-s stride between each window,window,z-score normalisation,yes,yes,,19.57,converted EER,80.43,0.8043,,0.8043,1.413389459507993,included,,included; accuracy missing and EER is a valid percentage,,,no reported uncertainty,,,,0,,,0,0,No parenthesized uncertainty was reported in the selected accuracy/EER field.
447_DenseNet201-1s-Sc2-Standing,552,447,DenseNet201 1s Sc2 Standing,ECG,447|DenseNet201 1s Sc2 Standing,CNN,dl,CNN with dense connections (DensNet201),13,one condition,Hexoskin Hx1,256 Hz,3 electrodes,up to 5 min,up to 5 min,1,0,0,0,0,0,0,0,chest/torso,low (one day),2s,4 min,80/20 split within 11 users,2 intruders,,20.00%,,,time frequency via scalogram,hybrid,,no,Downsampled to 200 Hz; trimmed moving average filter; a third order Butterworth band-pass filter (0.5 Hz-45 Hz); a mean filter,data were divided into 2-s time windows with a 1-s stride between each window,window,z-score normalisation,yes,yes,,20,converted EER,80,0.8,,0.8,1.3862943611198908,included,,included; accuracy missing and EER is a valid percentage,,,no reported uncertainty,,,,0,,,0,0,No parenthesized uncertainty was reported in the selected accuracy/EER field.
447_DenseNet201-1s-Sc4-Standing,553,447,DenseNet201 1s Sc4 Standing,ECG,447|DenseNet201 1s Sc4 Standing,CNN,dl,CNN with dense connections (DensNet201),13,one condition,Hexoskin Hx1,256 Hz,3 electrodes,up to 5 min,up to 5 min,1,0,0,0,0,0,0,0,chest/torso,low (one day),4s,4 min,80/20 split within 11 users,2 intruders,,0.49%,,,time frequency via scalogram,hybrid,,no,Downsampled to 200 Hz; trimmed moving average filter; a third order Butterworth band-pass filter (0.5 Hz-45 Hz); a mean filter,data were divided into 4-s time windows with a 1-s stride between each window,window,z-score normalisation,yes,yes,,0.49,converted EER,99.51,0.9951000000000001,,0.9951000000000001,5.313608029504556,included,,included; accuracy missing and EER is a valid percentage,,,no reported uncertainty,,,,0,,,0,0,No parenthesized uncertainty was reported in the selected accuracy/EER field.
447_DenseNet201-1s-Sc10-Standing,554,447,DenseNet201 1s Sc10 Standing,ECG,447|DenseNet201 1s Sc10 Standing,CNN,dl,CNN with dense connections (DensNet201),13,one condition,Hexoskin Hx1,256 Hz,3 electrodes,up to 5 min,up to 5 min,1,0,0,0,0,0,0,0,chest/torso,low (one day),10s,4 min,80/20 split within 11 users,2 intruders,,9.51%,,,time frequency via scalogram,hybrid,,no,Downsampled to 200 Hz; trimmed moving average filter; a third order Butterworth band-pass filter (0.5 Hz-45 Hz); a mean filter,data were divided into 10-s time windows with a 1-s stride between each window,window,z-score normalisation,yes,yes,,9.51,converted EER,90.49,0.9048999999999999,,0.9048999999999999,2.252895470805742,included,,included; accuracy missing and EER is a valid percentage,,,no reported uncertainty,,,,0,,,0,0,No parenthesized uncertainty was reported in the selected accuracy/EER field.
447_DenseNet201-1s-Sp2-Standing,555,447,DenseNet201 1s Sp2 Standing,ECG,447|DenseNet201 1s Sp2 Standing,CNN,dl,CNN with dense connections (DensNet201),13,one condition,Hexoskin Hx1,256 Hz,3 electrodes,up to 5 min,up to 5 min,1,0,0,0,0,0,0,0,chest/torso,low (one day),2s,4 min,80/20 split within 11 users,2 intruders,,27.94%,,,time frequency via spectrogram,hybrid,,no,Downsampled to 200 Hz; trimmed moving average filter; a third order Butterworth band-pass filter (0.5 Hz-45 Hz); a mean filter,data were divided into 2-s time windows with a 1-s stride between each window,window,z-score normalisation,yes,yes,,27.94,converted EER,72.06,0.7206,,0.7206,0.9474397514911316,included,,included; accuracy missing and EER is a valid percentage,,,no reported uncertainty,,,,0,,,0,0,No parenthesized uncertainty was reported in the selected accuracy/EER field.
447_DenseNet201-1s-Sp4-Standing,556,447,DenseNet201 1s Sp4 Standing,ECG,447|DenseNet201 1s Sp4 Standing,CNN,dl,CNN with dense connections (DensNet201),13,one condition,Hexoskin Hx1,256 Hz,3 electrodes,up to 5 min,up to 5 min,1,0,0,0,0,0,0,0,chest/torso,low (one day),4s,4 min,80/20 split within 11 users,2 intruders,,20.34%,,,time frequency via spectrogram,hybrid,,no,Downsampled to 200 Hz; trimmed moving average filter; a third order Butterworth band-pass filter (0.5 Hz-45 Hz); a mean filter,data were divided into 4-s time windows with a 1-s stride between each window,window,z-score normalisation,yes,yes,,20.34,converted EER,79.66,0.7966,,0.7966,1.3651781871330841,included,,included; accuracy missing and EER is a valid percentage,,,no reported uncertainty,,,,0,,,0,0,No parenthesized uncertainty was reported in the selected accuracy/EER field.
447_DenseNet201-1s-Sp10-Standing,557,447,DenseNet201 1s Sp10 Standing,ECG,447|DenseNet201 1s Sp10 Standing,CNN,dl,CNN with dense connections (DensNet201),13,one condition,Hexoskin Hx1,256 Hz,3 electrodes,up to 5 min,up to 5 min,1,0,0,0,0,0,0,0,chest/torso,low (one day),10s,4 min,80/20 split within 11 users,2 intruders,,7.73%,,,time frequency via spectrogram,hybrid,,no,Downsampled to 200 Hz; trimmed moving average filter; a third order Butterworth band-pass filter (0.5 Hz-45 Hz); a mean filter,data were divided into 10-s time windows with a 1-s stride between each window,window,z-score normalisation,yes,yes,,7.73,converted EER,92.27,0.9227,,0.9227,2.4796101989911334,included,,included; accuracy missing and EER is a valid percentage,,,no reported uncertainty,,,,0,,,0,0,No parenthesized uncertainty was reported in the selected accuracy/EER field.
447_DenseNet201-1s-Mel2-Standing,558,447,DenseNet201 1s Mel2 Standing,ECG,447|DenseNet201 1s Mel2 Standing,CNN,dl,CNN with dense connections (DensNet201),13,one condition,Hexoskin Hx1,256 Hz,3 electrodes,up to 5 min,up to 5 min,1,0,0,0,0,0,0,0,chest/torso,low (one day),2s,4 min,80/20 split within 11 users,2 intruders,,38.82%,,,time frequency via mel-spectrogram,hybrid,,no,Downsampled to 200 Hz; trimmed moving average filter; a third order Butterworth band-pass filter (0.5 Hz-45 Hz); a mean filter,data were divided into 2-s time windows with a 1-s stride between each window,window,z-score normalisation,yes,yes,,38.82,converted EER,61.18,0.6118,,0.6118,0.4548847609818932,included,,included; accuracy missing and EER is a valid percentage,,,no reported uncertainty,,,,0,,,0,0,No parenthesized uncertainty was reported in the selected accuracy/EER field.
447_DenseNet201-1s-Mel4-Standing,559,447,DenseNet201 1s Mel4 Standing,ECG,447|DenseNet201 1s Mel4 Standing,CNN,dl,CNN with dense connections (DensNet201),13,one condition,Hexoskin Hx1,256 Hz,3 electrodes,up to 5 min,up to 5 min,1,0,0,0,0,0,0,0,chest/torso,low (one day),4s,4 min,80/20 split within 11 users,2 intruders,,36.61%,,,time frequency via mel-spectrogram,hybrid,,no,Downsampled to 200 Hz; trimmed moving average filter; a third order Butterworth band-pass filter (0.5 Hz-45 Hz); a mean filter,data were divided into 4-s time windows with a 1-s stride between each window,window,z-score normalisation,yes,yes,,36.61,converted EER,63.39,0.6339,,0.6339,0.5489846931639303,included,,included; accuracy missing and EER is a valid percentage,,,no reported uncertainty,,,,0,,,0,0,No parenthesized uncertainty was reported in the selected accuracy/EER field.
447_DenseNet201-1s-Mel10-Standing,560,447,DenseNet201 1s Mel10 Standing,ECG,447|DenseNet201 1s Mel10 Standing,CNN,dl,CNN with dense connections (DensNet201),13,one condition,Hexoskin Hx1,256 Hz,3 electrodes,up to 5 min,up to 5 min,1,0,0,0,0,0,0,0,chest/torso,low (one day),10s,4 min,80/20 split within 11 users,2 intruders,,21.74%,,,time frequency via mel-spectrogram,hybrid,,no,Downsampled to 200 Hz; trimmed moving average filter; a third order Butterworth band-pass filter (0.5 Hz-45 Hz); a mean filter,data were divided into 10-s time windows with a 1-s stride between each window,window,z-score normalisation,yes,yes,,21.74,converted EER,78.26,0.7826000000000001,,0.7826000000000001,1.2808827350892034,included,,included; accuracy missing and EER is a valid percentage,,,no reported uncertainty,,,,0,,,0,0,No parenthesized uncertainty was reported in the selected accuracy/EER field.
447_DenseNet201-3s-Sc2-Standing,561,447,DenseNet201 3s Sc2 Standing,ECG,447|DenseNet201 3s Sc2 Standing,CNN,dl,CNN with dense connections (DensNet201),13,one condition,Hexoskin Hx1,256 Hz,3 electrodes,up to 5 min,up to 5 min,1,0,0,0,0,0,0,0,chest/torso,low (one day),2s,4 min,80/20 split within 11 users,2 intruders,,17.79%,,,time frequency via scalogram,hybrid,,no,Downsampled to 200 Hz; trimmed moving average filter; a third order Butterworth band-pass filter (0.5 Hz-45 Hz); a mean filter,data were divided into 2-s time windows with a 1-s stride between each window,window,z-score normalisation,yes,yes,,17.79,converted EER,82.21000000000001,0.8221,,0.8221,1.5306404474862987,included,,included; accuracy missing and EER is a valid percentage,,,no reported uncertainty,,,,0,,,0,0,No parenthesized uncertainty was reported in the selected accuracy/EER field.
447_DenseNet201-3s-Sc4-Standing,562,447,DenseNet201 3s Sc4 Standing,ECG,447|DenseNet201 3s Sc4 Standing,CNN,dl,CNN with dense connections (DensNet201),13,one condition,Hexoskin Hx1,256 Hz,3 electrodes,up to 5 min,up to 5 min,1,0,0,0,0,0,0,0,chest/torso,low (one day),4s,4 min,80/20 split within 11 users,2 intruders,,0.49%,,,time frequency via scalogram,hybrid,,no,Downsampled to 200 Hz; trimmed moving average filter; a third order Butterworth band-pass filter (0.5 Hz-45 Hz); a mean filter,data were divided into 4-s time windows with a 1-s stride between each window,window,z-score normalisation,yes,yes,,0.49,converted EER,99.51,0.9951000000000001,,0.9951000000000001,5.313608029504556,included,,included; accuracy missing and EER is a valid percentage,,,no reported uncertainty,,,,0,,,0,0,No parenthesized uncertainty was reported in the selected accuracy/EER field.
447_DenseNet201-3s-Sc10-Standing,563,447,DenseNet201 3s Sc10 Standing,ECG,447|DenseNet201 3s Sc10 Standing,CNN,dl,CNN with dense connections (DensNet201),13,one condition,Hexoskin Hx1,256 Hz,3 electrodes,up to 5 min,up to 5 min,1,0,0,0,0,0,0,0,chest/torso,low (one day),10s,4 min,80/20 split within 11 users,2 intruders,,8.42%,,,time frequency via scalogram,hybrid,,no,Downsampled to 200 Hz; trimmed moving average filter; a third order Butterworth band-pass filter (0.5 Hz-45 Hz); a mean filter,data were divided into 10-s time windows with a 1-s stride between each window,window,z-score normalisation,yes,yes,,8.42,converted EER,91.58,0.9158,,0.9158,2.3866030789747135,included,,included; accuracy missing and EER is a valid percentage,,,no reported uncertainty,,,,0,,,0,0,No parenthesized uncertainty was reported in the selected accuracy/EER field.
447_DenseNet201-3s-Sp2-Standing,564,447,DenseNet201 3s Sp2 Standing,ECG,447|DenseNet201 3s Sp2 Standing,CNN,dl,CNN with dense connections (DensNet201),13,one condition,Hexoskin Hx1,256 Hz,3 electrodes,up to 5 min,up to 5 min,1,0,0,0,0,0,0,0,chest/torso,low (one day),2s,4 min,80/20 split within 11 users,2 intruders,,28.68%,,,time frequency via spectrogram,hybrid,,no,Downsampled to 200 Hz; trimmed moving average filter; a third order Butterworth band-pass filter (0.5 Hz-45 Hz); a mean filter,data were divided into 2-s time windows with a 1-s stride between each window,window,z-score normalisation,yes,yes,,28.68,converted EER,71.32,0.7132,,0.7132,0.9109767772635199,included,,included; accuracy missing and EER is a valid percentage,,,no reported uncertainty,,,,0,,,0,0,No parenthesized uncertainty was reported in the selected accuracy/EER field.
447_DenseNet201-3s-Sp4-Standing,565,447,DenseNet201 3s Sp4 Standing,ECG,447|DenseNet201 3s Sp4 Standing,CNN,dl,CNN with dense connections (DensNet201),13,one condition,Hexoskin Hx1,256 Hz,3 electrodes,up to 5 min,up to 5 min,1,0,0,0,0,0,0,0,chest/torso,low (one day),4s,4 min,80/20 split within 11 users,2 intruders,,20.10%,,,time frequency via spectrogram,hybrid,,no,Downsampled to 200 Hz; trimmed moving average filter; a third order Butterworth band-pass filter (0.5 Hz-45 Hz); a mean filter,data were divided into 4-s time windows with a 1-s stride between each window,window,z-score normalisation,yes,yes,,20.1,converted EER,79.9,0.799,,0.799,1.380056037707199,included,,included; accuracy missing and EER is a valid percentage,,,no reported uncertainty,,,,0,,,0,0,No parenthesized uncertainty was reported in the selected accuracy/EER field.
447_DenseNet201-3s-Sp10-Standing,566,447,DenseNet201 3s Sp10 Standing,ECG,447|DenseNet201 3s Sp10 Standing,CNN,dl,CNN with dense connections (DensNet201),13,one condition,Hexoskin Hx1,256 Hz,3 electrodes,up to 5 min,up to 5 min,1,0,0,0,0,0,0,0,chest/torso,low (one day),10s,4 min,80/20 split within 11 users,2 intruders,,7.19%,,,time frequency via spectrogram,hybrid,,no,Downsampled to 200 Hz; trimmed moving average filter; a third order Butterworth band-pass filter (0.5 Hz-45 Hz); a mean filter,data were divided into 10-s time windows with a 1-s stride between each window,window,z-score normalisation,yes,yes,,7.19,converted EER,92.81,0.9281,,0.9281,2.5578632208743466,included,,included; accuracy missing and EER is a valid percentage,,,no reported uncertainty,,,,0,,,0,0,No parenthesized uncertainty was reported in the selected accuracy/EER field.
447_DenseNet201-3s-Mel2-Standing,567,447,DenseNet201 3s Mel2 Standing,ECG,447|DenseNet201 3s Mel2 Standing,CNN,dl,CNN with dense connections (DensNet201),13,one condition,Hexoskin Hx1,256 Hz,3 electrodes,up to 5 min,up to 5 min,1,0,0,0,0,0,0,0,chest/torso,low (one day),2s,4 min,80/20 split within 11 users,2 intruders,,35.59%,,,time frequency via mel-spectrogram,hybrid,,no,Downsampled to 200 Hz; trimmed moving average filter; a third order Butterworth band-pass filter (0.5 Hz-45 Hz); a mean filter,data were divided into 2-s time windows with a 1-s stride between each window,window,z-score normalisation,yes,yes,,35.59,converted EER,64.41,0.6441,,0.6441,0.593204201036698,included,,included; accuracy missing and EER is a valid percentage,,,no reported uncertainty,,,,0,,,0,0,No parenthesized uncertainty was reported in the selected accuracy/EER field.
447_DenseNet201-3s-Mel4-Standing,568,447,DenseNet201 3s Mel4 Standing,ECG,447|DenseNet201 3s Mel4 Standing,CNN,dl,CNN with dense connections (DensNet201),13,one condition,Hexoskin Hx1,256 Hz,3 electrodes,up to 5 min,up to 5 min,1,0,0,0,0,0,0,0,chest/torso,low (one day),4s,4 min,80/20 split within 11 users,2 intruders,,35.88%,,,time frequency via mel-spectrogram,hybrid,,no,Downsampled to 200 Hz; trimmed moving average filter; a third order Butterworth band-pass filter (0.5 Hz-45 Hz); a mean filter,data were divided into 4-s time windows with a 1-s stride between each window,window,z-score normalisation,yes,yes,,35.88,converted EER,64.12,0.6412,,0.6412,0.5805762905507569,included,,included; accuracy missing and EER is a valid percentage,,,no reported uncertainty,,,,0,,,0,0,No parenthesized uncertainty was reported in the selected accuracy/EER field.
447_DenseNet201-3s-Mel10-Standing,569,447,DenseNet201 3s Mel10 Standing,ECG,447|DenseNet201 3s Mel10 Standing,CNN,dl,CNN with dense connections (DensNet201),13,one condition,Hexoskin Hx1,256 Hz,3 electrodes,up to 5 min,up to 5 min,1,0,0,0,0,0,0,0,chest/torso,low (one day),10s,4 min,80/20 split within 11 users,2 intruders,,20.11%,,,time frequency via mel-spectrogram,hybrid,,no,Downsampled to 200 Hz; trimmed moving average filter; a third order Butterworth band-pass filter (0.5 Hz-45 Hz); a mean filter,data were divided into 10-s time windows with a 1-s stride between each window,window,z-score normalisation,yes,yes,,20.11,converted EER,79.89,0.7989,,0.7989,1.3794334847093903,included,,included; accuracy missing and EER is a valid percentage,,,no reported uncertainty,,,,0,,,0,0,No parenthesized uncertainty was reported in the selected accuracy/EER field.
447_DenseNet201-5s-Sc2-Standing,570,447,DenseNet201 5s Sc2 Standing,ECG,447|DenseNet201 5s Sc2 Standing,CNN,dl,CNN with dense connections (DensNet201),13,one condition,Hexoskin Hx1,256 Hz,3 electrodes,up to 5 min,up to 5 min,1,0,0,0,0,0,0,0,chest/torso,low (one day),2s,4 min,80/20 split within 11 users,2 intruders,,17.21%,,,time frequency via scalogram,hybrid,,no,Downsampled to 200 Hz; trimmed moving average filter; a third order Butterworth band-pass filter (0.5 Hz-45 Hz); a mean filter,data were divided into 2-s time windows with a 1-s stride between each window,window,z-score normalisation,yes,yes,,17.21,converted EER,82.78999999999999,0.8279,,0.8279,1.5708166709272662,included,,included; accuracy missing and EER is a valid percentage,,,no reported uncertainty,,,,0,,,0,0,No parenthesized uncertainty was reported in the selected accuracy/EER field.
447_DenseNet201-5s-Sc4-Standing,571,447,DenseNet201 5s Sc4 Standing,ECG,447|DenseNet201 5s Sc4 Standing,CNN,dl,CNN with dense connections (DensNet201),13,one condition,Hexoskin Hx1,256 Hz,3 electrodes,up to 5 min,up to 5 min,1,0,0,0,0,0,0,0,chest/torso,low (one day),4s,4 min,80/20 split within 11 users,2 intruders,,0.49%,,,time frequency via scalogram,hybrid,,no,Downsampled to 200 Hz; trimmed moving average filter; a third order Butterworth band-pass filter (0.5 Hz-45 Hz); a mean filter,data were divided into 4-s time windows with a 1-s stride between each window,window,z-score normalisation,yes,yes,,0.49,converted EER,99.51,0.9951000000000001,,0.9951000000000001,5.313608029504556,included,,included; accuracy missing and EER is a valid percentage,,,no reported uncertainty,,,,0,,,0,0,No parenthesized uncertainty was reported in the selected accuracy/EER field.
447_DenseNet201-5s-Sc10-Standing,572,447,DenseNet201 5s Sc10 Standing,ECG,447|DenseNet201 5s Sc10 Standing,CNN,dl,CNN with dense connections (DensNet201),13,one condition,Hexoskin Hx1,256 Hz,3 electrodes,up to 5 min,up to 5 min,1,0,0,0,0,0,0,0,chest/torso,low (one day),10s,4 min,80/20 split within 11 users,2 intruders,,6.79%,,,time frequency via scalogram,hybrid,,no,Downsampled to 200 Hz; trimmed moving average filter; a third order Butterworth band-pass filter (0.5 Hz-45 Hz); a mean filter,data were divided into 10-s time windows with a 1-s stride between each window,window,z-score normalisation,yes,yes,,6.79,converted EER,93.21,0.9320999999999999,,0.9320999999999999,2.6194040705024597,included,,included; accuracy missing and EER is a valid percentage,,,no reported uncertainty,,,,0,,,0,0,No parenthesized uncertainty was reported in the selected accuracy/EER field.
447_DenseNet201-5s-Sp2-Standing,573,447,DenseNet201 5s Sp2 Standing,ECG,447|DenseNet201 5s Sp2 Standing,CNN,dl,CNN with dense connections (DensNet201),13,one condition,Hexoskin Hx1,256 Hz,3 electrodes,up to 5 min,up to 5 min,1,0,0,0,0,0,0,0,chest/torso,low (one day),2s,4 min,80/20 split within 11 users,2 intruders,,28.98%,,,time frequency via spectrogram,hybrid,,no,Downsampled to 200 Hz; trimmed moving average filter; a third order Butterworth band-pass filter (0.5 Hz-45 Hz); a mean filter,data were divided into 2-s time windows with a 1-s stride between each window,window,z-score normalisation,yes,yes,,28.98,converted EER,71.02,0.7101999999999999,,0.7101999999999999,0.8963555906224052,included,,included; accuracy missing and EER is a valid percentage,,,no reported uncertainty,,,,0,,,0,0,No parenthesized uncertainty was reported in the selected accuracy/EER field.
447_DenseNet201-5s-Sp4-Standing,574,447,DenseNet201 5s Sp4 Standing,ECG,447|DenseNet201 5s Sp4 Standing,CNN,dl,CNN with dense connections (DensNet201),13,one condition,Hexoskin Hx1,256 Hz,3 electrodes,up to 5 min,up to 5 min,1,0,0,0,0,0,0,0,chest/torso,low (one day),4s,4 min,80/20 split within 11 users,2 intruders,,18.63%,,,time frequency via spectrogram,hybrid,,no,Downsampled to 200 Hz; trimmed moving average filter; a third order Butterworth band-pass filter (0.5 Hz-45 Hz); a mean filter,data were divided into 4-s time windows with a 1-s stride between each window,window,z-score normalisation,yes,yes,,18.63,converted EER,81.37,0.8137000000000001,,0.8137000000000001,1.4742334700950694,included,,included; accuracy missing and EER is a valid percentage,,,no reported uncertainty,,,,0,,,0,0,No parenthesized uncertainty was reported in the selected accuracy/EER field.
447_DenseNet201-5s-Sp10-Standing,575,447,DenseNet201 5s Sp10 Standing,ECG,447|DenseNet201 5s Sp10 Standing,CNN,dl,CNN with dense connections (DensNet201),13,one condition,Hexoskin Hx1,256 Hz,3 electrodes,up to 5 min,up to 5 min,1,0,0,0,0,0,0,0,chest/torso,low (one day),10s,4 min,80/20 split within 11 users,2 intruders,,5.56%,,,time frequency via spectrogram,hybrid,,no,Downsampled to 200 Hz; trimmed moving average filter; a third order Butterworth band-pass filter (0.5 Hz-45 Hz); a mean filter,data were divided into 10-s time windows with a 1-s stride between each window,window,z-score normalisation,yes,yes,,5.56,converted EER,94.44,0.9444,,0.9444,2.8323666039548216,included,,included; accuracy missing and EER is a valid percentage,,,no reported uncertainty,,,,0,,,0,0,No parenthesized uncertainty was reported in the selected accuracy/EER field.
447_DenseNet201-5s-Mel2-Standing,576,447,DenseNet201 5s Mel2 Standing,ECG,447|DenseNet201 5s Mel2 Standing,CNN,dl,CNN with dense connections (DensNet201),13,one condition,Hexoskin Hx1,256 Hz,3 electrodes,up to 5 min,up to 5 min,1,0,0,0,0,0,0,0,chest/torso,low (one day),2s,4 min,80/20 split within 11 users,2 intruders,,36.62%,,,time frequency via mel-spectrogram,hybrid,,no,Downsampled to 200 Hz; trimmed moving average filter; a third order Butterworth band-pass filter (0.5 Hz-45 Hz); a mean filter,data were divided into 2-s time windows with a 1-s stride between each window,window,z-score normalisation,yes,yes,,36.62,converted EER,63.38,0.6338,,0.6338,0.5485538150164101,included,,included; accuracy missing and EER is a valid percentage,,,no reported uncertainty,,,,0,,,0,0,No parenthesized uncertainty was reported in the selected accuracy/EER field.
447_DenseNet201-5s-Mel4-Standing,577,447,DenseNet201 5s Mel4 Standing,ECG,447|DenseNet201 5s Mel4 Standing,CNN,dl,CNN with dense connections (DensNet201),13,one condition,Hexoskin Hx1,256 Hz,3 electrodes,up to 5 min,up to 5 min,1,0,0,0,0,0,0,0,chest/torso,low (one day),4s,4 min,80/20 split within 11 users,2 intruders,,33.18%,,,time frequency via mel-spectrogram,hybrid,,no,Downsampled to 200 Hz; trimmed moving average filter; a third order Butterworth band-pass filter (0.5 Hz-45 Hz); a mean filter,data were divided into 4-s time windows with a 1-s stride between each window,window,z-score normalisation,yes,yes,,33.18,converted EER,66.82,0.6681999999999999,,0.6681999999999999,0.7000551521663118,included,,included; accuracy missing and EER is a valid percentage,,,no reported uncertainty,,,,0,,,0,0,No parenthesized uncertainty was reported in the selected accuracy/EER field.
447_DenseNet201-5s-Mel10-Standing,578,447,DenseNet201 5s Mel10 Standing,ECG,447|DenseNet201 5s Mel10 Standing,CNN,dl,CNN with dense connections (DensNet201),13,one condition,Hexoskin Hx1,256 Hz,3 electrodes,up to 5 min,up to 5 min,1,0,0,0,0,0,0,0,chest/torso,low (one day),10s,4 min,80/20 split within 11 users,2 intruders,,18.48%,,,time frequency via mel-spectrogram,hybrid,,no,Downsampled to 200 Hz; trimmed moving average filter; a third order Butterworth band-pass filter (0.5 Hz-45 Hz); a mean filter,data were divided into 10-s time windows with a 1-s stride between each window,window,z-score normalisation,yes,yes,,18.48,converted EER,81.52,0.8151999999999999,,0.8151999999999999,1.4841593227009306,included,,included; accuracy missing and EER is a valid percentage,,,no reported uncertainty,,,,0,,,0,0,No parenthesized uncertainty was reported in the selected accuracy/EER field.
447_DenseNet201-1s-Sc2-walking,579,447,DenseNet201 1s Sc2 walking,ECG,447|DenseNet201 1s Sc2 walking,CNN,dl,CNN with dense connections (DensNet201),13,one condition,Hexoskin Hx1,256 Hz,3 electrodes,up to 5 min,up to 5 min,1,0,0,0,0,0,0,0,chest/torso,low (one day),2s,4 min,80/20 split within 11 users,2 intruders,,24.56%,,,time frequency via scalogram,hybrid,,no,Downsampled to 200 Hz; trimmed moving average filter; a third order Butterworth band-pass filter (0.5 Hz-45 Hz); a mean filter,data were divided into 2-s time windows with a 1-s stride between each window,window,z-score normalisation,yes,yes,,24.56,converted EER,75.44,0.7544,,0.7544,1.1222185350462601,included,,included; accuracy missing and EER is a valid percentage,,,no reported uncertainty,,,,0,,,0,0,No parenthesized uncertainty was reported in the selected accuracy/EER field.
447_DenseNet201-1s-Sc4-walking,580,447,DenseNet201 1s Sc4 walking,ECG,447|DenseNet201 1s Sc4 walking,CNN,dl,CNN with dense connections (DensNet201),13,one condition,Hexoskin Hx1,256 Hz,3 electrodes,up to 5 min,up to 5 min,1,0,0,0,0,0,0,0,chest/torso,low (one day),4s,4 min,80/20 split within 11 users,2 intruders,,5.64%,,,time frequency via scalogram,hybrid,,no,Downsampled to 200 Hz; trimmed moving average filter; a third order Butterworth band-pass filter (0.5 Hz-45 Hz); a mean filter,data were divided into 4-s time windows with a 1-s stride between each window,window,z-score normalisation,yes,yes,,5.64,converted EER,94.36,0.9436,,0.9436,2.8172331890295066,included,,included; accuracy missing and EER is a valid percentage,,,no reported uncertainty,,,,0,,,0,0,No parenthesized uncertainty was reported in the selected accuracy/EER field.
447_DenseNet201-1s-Sc10-walking,581,447,DenseNet201 1s Sc10 walking,ECG,447|DenseNet201 1s Sc10 walking,CNN,dl,CNN with dense connections (DensNet201),13,one condition,Hexoskin Hx1,256 Hz,3 electrodes,up to 5 min,up to 5 min,1,0,0,0,0,0,0,0,chest/torso,low (one day),10s,4 min,80/20 split within 11 users,2 intruders,,19.57%,,,time frequency via scalogram,hybrid,,no,Downsampled to 200 Hz; trimmed moving average filter; a third order Butterworth band-pass filter (0.5 Hz-45 Hz); a mean filter,data were divided into 10-s time windows with a 1-s stride between each window,window,z-score normalisation,yes,yes,,19.57,converted EER,80.43,0.8043,,0.8043,1.413389459507993,included,,included; accuracy missing and EER is a valid percentage,,,no reported uncertainty,,,,0,,,0,0,No parenthesized uncertainty was reported in the selected accuracy/EER field.
447_DenseNet201-1s-Sp2-walking,582,447,DenseNet201 1s Sp2 walking,ECG,447|DenseNet201 1s Sp2 walking,CNN,dl,CNN with dense connections (DensNet201),13,one condition,Hexoskin Hx1,256 Hz,3 electrodes,up to 5 min,up to 5 min,1,0,0,0,0,0,0,0,chest/torso,low (one day),2s,4 min,80/20 split within 11 users,2 intruders,,31.91%,,,time frequency via spectrogram,hybrid,,no,Downsampled to 200 Hz; trimmed moving average filter; a third order Butterworth band-pass filter (0.5 Hz-45 Hz); a mean filter,data were divided into 2-s time windows with a 1-s stride between each window,window,z-score normalisation,yes,yes,,31.91,converted EER,68.09,0.6809000000000001,,0.6809000000000001,0.7579109192047235,included,,included; accuracy missing and EER is a valid percentage,,,no reported uncertainty,,,,0,,,0,0,No parenthesized uncertainty was reported in the selected accuracy/EER field.
447_DenseNet201-1s-Sp4-walking,583,447,DenseNet201 1s Sp4 walking,ECG,447|DenseNet201 1s Sp4 walking,CNN,dl,CNN with dense connections (DensNet201),13,one condition,Hexoskin Hx1,256 Hz,3 electrodes,up to 5 min,up to 5 min,1,0,0,0,0,0,0,0,chest/torso,low (one day),4s,4 min,80/20 split within 11 users,2 intruders,,27.66%,,,time frequency via spectrogram,hybrid,,no,Downsampled to 200 Hz; trimmed moving average filter; a third order Butterworth band-pass filter (0.5 Hz-45 Hz); a mean filter,data were divided into 4-s time windows with a 1-s stride between each window,window,z-score normalisation,yes,yes,,27.66,converted EER,72.34,0.7234,,0.7234,0.96138990028734,included,,included; accuracy missing and EER is a valid percentage,,,no reported uncertainty,,,,0,,,0,0,No parenthesized uncertainty was reported in the selected accuracy/EER field.
447_DenseNet201-1s-Sp10-walking,584,447,DenseNet201 1s Sp10 walking,ECG,447|DenseNet201 1s Sp10 walking,CNN,dl,CNN with dense connections (DensNet201),13,one condition,Hexoskin Hx1,256 Hz,3 electrodes,up to 5 min,up to 5 min,1,0,0,0,0,0,0,0,chest/torso,low (one day),10s,4 min,80/20 split within 11 users,2 intruders,,21.86%,,,time frequency via spectrogram,hybrid,,no,Downsampled to 200 Hz; trimmed moving average filter; a third order Butterworth band-pass filter (0.5 Hz-45 Hz); a mean filter,data were divided into 10-s time windows with a 1-s stride between each window,window,z-score normalisation,yes,yes,,21.86,converted EER,78.14,0.7814,,0.7814,1.273843606878532,included,,included; accuracy missing and EER is a valid percentage,,,no reported uncertainty,,,,0,,,0,0,No parenthesized uncertainty was reported in the selected accuracy/EER field.
447_DenseNet201-1s-Mel2-walking,585,447,DenseNet201 1s Mel2 walking,ECG,447|DenseNet201 1s Mel2 walking,CNN,dl,CNN with dense connections (DensNet201),13,one condition,Hexoskin Hx1,256 Hz,3 electrodes,up to 5 min,up to 5 min,1,0,0,0,0,0,0,0,chest/torso,low (one day),2s,4 min,80/20 split within 11 users,2 intruders,,39.01%,,,time frequency via mel-spectrogram,hybrid,,no,Downsampled to 200 Hz; trimmed moving average filter; a third order Butterworth band-pass filter (0.5 Hz-45 Hz); a mean filter,data were divided into 2-s time windows with a 1-s stride between each window,window,z-score normalisation,yes,yes,,39.01,converted EER,60.99,0.6099,,0.6099,0.4468918927897998,included,,included; accuracy missing and EER is a valid percentage,,,no reported uncertainty,,,,0,,,0,0,No parenthesized uncertainty was reported in the selected accuracy/EER field.
447_DenseNet201-1s-Mel4-walking,586,447,DenseNet201 1s Mel4 walking,ECG,447|DenseNet201 1s Mel4 walking,CNN,dl,CNN with dense connections (DensNet201),13,one condition,Hexoskin Hx1,256 Hz,3 electrodes,up to 5 min,up to 5 min,1,0,0,0,0,0,0,0,chest/torso,low (one day),4s,4 min,80/20 split within 11 users,2 intruders,,38.24%,,,time frequency via mel-spectrogram,hybrid,,no,Downsampled to 200 Hz; trimmed moving average filter; a third order Butterworth band-pass filter (0.5 Hz-45 Hz); a mean filter,data were divided into 4-s time windows with a 1-s stride between each window,window,z-score normalisation,yes,yes,,38.24,converted EER,61.76,0.6175999999999999,,0.6175999999999999,0.47937381753331987,included,,included; accuracy missing and EER is a valid percentage,,,no reported uncertainty,,,,0,,,0,0,No parenthesized uncertainty was reported in the selected accuracy/EER field.
447_DenseNet201-1s-Mel10-walking,587,447,DenseNet201 1s Mel10 walking,ECG,447|DenseNet201 1s Mel10 walking,CNN,dl,CNN with dense connections (DensNet201),13,one condition,Hexoskin Hx1,256 Hz,3 electrodes,up to 5 min,up to 5 min,1,0,0,0,0,0,0,0,chest/torso,low (one day),10s,4 min,80/20 split within 11 users,2 intruders,,24.73%,,,time frequency via mel-spectrogram,hybrid,,no,Downsampled to 200 Hz; trimmed moving average filter; a third order Butterworth band-pass filter (0.5 Hz-45 Hz); a mean filter,data were divided into 10-s time windows with a 1-s stride between each window,window,z-score normalisation,yes,yes,,24.73,converted EER,75.27,0.7526999999999999,,0.7526999999999999,1.1130645675131152,included,,included; accuracy missing and EER is a valid percentage,,,no reported uncertainty,,,,0,,,0,0,No parenthesized uncertainty was reported in the selected accuracy/EER field.
447_DenseNet201-3s-Sc2-walking,588,447,DenseNet201 3s Sc2 walking,ECG,447|DenseNet201 3s Sc2 walking,CNN,dl,CNN with dense connections (DensNet201),13,one condition,Hexoskin Hx1,256 Hz,3 electrodes,up to 5 min,up to 5 min,1,0,0,0,0,0,0,0,chest/torso,low (one day),2s,4 min,80/20 split within 11 users,2 intruders,,24.41%,,,time frequency via scalogram,hybrid,,no,Downsampled to 200 Hz; trimmed moving average filter; a third order Butterworth band-pass filter (0.5 Hz-45 Hz); a mean filter,data were divided into 2-s time windows with a 1-s stride between each window,window,z-score normalisation,yes,yes,,24.41,converted EER,75.59,0.7559,,0.7559,1.1303311148992168,included,,included; accuracy missing and EER is a valid percentage,,,no reported uncertainty,,,,0,,,0,0,No parenthesized uncertainty was reported in the selected accuracy/EER field.
447_DenseNet201-3s-Sc4-walking,589,447,DenseNet201 3s Sc4 walking,ECG,447|DenseNet201 3s Sc4 walking,CNN,dl,CNN with dense connections (DensNet201),13,one condition,Hexoskin Hx1,256 Hz,3 electrodes,up to 5 min,up to 5 min,1,0,0,0,0,0,0,0,chest/torso,low (one day),4s,4 min,80/20 split within 11 users,2 intruders,,6.62%,,,time frequency via scalogram,hybrid,,no,Downsampled to 200 Hz; trimmed moving average filter; a third order Butterworth band-pass filter (0.5 Hz-45 Hz); a mean filter,data were divided into 4-s time windows with a 1-s stride between each window,window,z-score normalisation,yes,yes,,6.62,converted EER,93.38,0.9338,,0.9338,2.6465818195938735,included,,included; accuracy missing and EER is a valid percentage,,,no reported uncertainty,,,,0,,,0,0,No parenthesized uncertainty was reported in the selected accuracy/EER field.
447_DenseNet201-3s-Sc10-walking,590,447,DenseNet201 3s Sc10 walking,ECG,447|DenseNet201 3s Sc10 walking,CNN,dl,CNN with dense connections (DensNet201),13,one condition,Hexoskin Hx1,256 Hz,3 electrodes,up to 5 min,up to 5 min,1,0,0,0,0,0,0,0,chest/torso,low (one day),10s,4 min,80/20 split within 11 users,2 intruders,,17.93%,,,time frequency via scalogram,hybrid,,no,Downsampled to 200 Hz; trimmed moving average filter; a third order Butterworth band-pass filter (0.5 Hz-45 Hz); a mean filter,data were divided into 10-s time windows with a 1-s stride between each window,window,z-score normalisation,yes,yes,,17.93,converted EER,82.07,0.8207,,0.8207,1.5210972540245786,included,,included; accuracy missing and EER is a valid percentage,,,no reported uncertainty,,,,0,,,0,0,No parenthesized uncertainty was reported in the selected accuracy/EER field.
447_DenseNet201-3s-Sp2-walking,591,447,DenseNet201 3s Sp2 walking,ECG,447|DenseNet201 3s Sp2 walking,CNN,dl,CNN with dense connections (DensNet201),13,one condition,Hexoskin Hx1,256 Hz,3 electrodes,up to 5 min,up to 5 min,1,0,0,0,0,0,0,0,chest/torso,low (one day),2s,4 min,80/20 split within 11 users,2 intruders,,30.59%,,,time frequency via spectrogram,hybrid,,no,Downsampled to 200 Hz; trimmed moving average filter; a third order Butterworth band-pass filter (0.5 Hz-45 Hz); a mean filter,data were divided into 2-s time windows with a 1-s stride between each window,window,z-score normalisation,yes,yes,,30.59,converted EER,69.41,0.6940999999999999,,0.6940999999999999,0.8193577911886799,included,,included; accuracy missing and EER is a valid percentage,,,no reported uncertainty,,,,0,,,0,0,No parenthesized uncertainty was reported in the selected accuracy/EER field.
447_DenseNet201-3s-Sp4-walking,592,447,DenseNet201 3s Sp4 walking,ECG,447|DenseNet201 3s Sp4 walking,CNN,dl,CNN with dense connections (DensNet201),13,one condition,Hexoskin Hx1,256 Hz,3 electrodes,up to 5 min,up to 5 min,1,0,0,0,0,0,0,0,chest/torso,low (one day),4s,4 min,80/20 split within 11 users,2 intruders,,28.74%,,,time frequency via spectrogram,hybrid,,no,Downsampled to 200 Hz; trimmed moving average filter; a third order Butterworth band-pass filter (0.5 Hz-45 Hz); a mean filter,data were divided into 4-s time windows with a 1-s stride between each window,window,z-score normalisation,yes,yes,,28.74,converted EER,71.26,0.7126,,0.7126,0.9080452795268112,included,,included; accuracy missing and EER is a valid percentage,,,no reported uncertainty,,,,0,,,0,0,No parenthesized uncertainty was reported in the selected accuracy/EER field.
447_DenseNet201-3s-Sp10-walking,593,447,DenseNet201 3s Sp10 walking,ECG,447|DenseNet201 3s Sp10 walking,CNN,dl,CNN with dense connections (DensNet201),13,one condition,Hexoskin Hx1,256 Hz,3 electrodes,up to 5 min,up to 5 min,1,0,0,0,0,0,0,0,chest/torso,low (one day),10s,4 min,80/20 split within 11 users,2 intruders,,20.23%,,,time frequency via spectrogram,hybrid,,no,Downsampled to 200 Hz; trimmed moving average filter; a third order Butterworth band-pass filter (0.5 Hz-45 Hz); a mean filter,data were divided into 10-s time windows with a 1-s stride between each window,window,z-score normalisation,yes,yes,,20.23,converted EER,79.77,0.7977,,0.7977,1.371980842743384,included,,included; accuracy missing and EER is a valid percentage,,,no reported uncertainty,,,,0,,,0,0,No parenthesized uncertainty was reported in the selected accuracy/EER field.
447_DenseNet201-3s-Mel2-walking,594,447,DenseNet201 3s Mel2 walking,ECG,447|DenseNet201 3s Mel2 walking,CNN,dl,CNN with dense connections (DensNet201),13,one condition,Hexoskin Hx1,256 Hz,3 electrodes,up to 5 min,up to 5 min,1,0,0,0,0,0,0,0,chest/torso,low (one day),2s,4 min,80/20 split within 11 users,2 intruders,,38.24%,,,time frequency via mel-spectrogram,hybrid,,no,Downsampled to 200 Hz; trimmed moving average filter; a third order Butterworth band-pass filter (0.5 Hz-45 Hz); a mean filter,data were divided into 2-s time windows with a 1-s stride between each window,window,z-score normalisation,yes,yes,,38.24,converted EER,61.76,0.6175999999999999,,0.6175999999999999,0.47937381753331987,included,,included; accuracy missing and EER is a valid percentage,,,no reported uncertainty,,,,0,,,0,0,No parenthesized uncertainty was reported in the selected accuracy/EER field.
447_DenseNet201-3s-Mel4-walking,595,447,DenseNet201 3s Mel4 walking,ECG,447|DenseNet201 3s Mel4 walking,CNN,dl,CNN with dense connections (DensNet201),13,one condition,Hexoskin Hx1,256 Hz,3 electrodes,up to 5 min,up to 5 min,1,0,0,0,0,0,0,0,chest/torso,low (one day),4s,4 min,80/20 split within 11 users,2 intruders,,36.98%,,,time frequency via mel-spectrogram,hybrid,,no,Downsampled to 200 Hz; trimmed moving average filter; a third order Butterworth band-pass filter (0.5 Hz-45 Hz); a mean filter,data were divided into 4-s time windows with a 1-s stride between each window,window,z-score normalisation,yes,yes,,36.98,converted EER,63.02,0.6302,,0.6302,0.5330749103701498,included,,included; accuracy missing and EER is a valid percentage,,,no reported uncertainty,,,,0,,,0,0,No parenthesized uncertainty was reported in the selected accuracy/EER field.
447_DenseNet201-3s-Mel10-walking,596,447,DenseNet201 3s Mel10 walking,ECG,447|DenseNet201 3s Mel10 walking,CNN,dl,CNN with dense connections (DensNet201),13,one condition,Hexoskin Hx1,256 Hz,3 electrodes,up to 5 min,up to 5 min,1,0,0,0,0,0,0,0,chest/torso,low (one day),10s,4 min,80/20 split within 11 users,2 intruders,,22.60%,,,time frequency via mel-spectrogram,hybrid,,no,Downsampled to 200 Hz; trimmed moving average filter; a third order Butterworth band-pass filter (0.5 Hz-45 Hz); a mean filter,data were divided into 10-s time windows with a 1-s stride between each window,window,z-score normalisation,yes,yes,,22.6,converted EER,77.4,0.774,,0.774,1.2310368743174414,included,,included; accuracy missing and EER is a valid percentage,,,no reported uncertainty,,,,0,,,0,0,No parenthesized uncertainty was reported in the selected accuracy/EER field.
447_DenseNet201-5s-Sc2-walking,597,447,DenseNet201 5s Sc2 walking,ECG,447|DenseNet201 5s Sc2 walking,CNN,dl,CNN with dense connections (DensNet201),13,one condition,Hexoskin Hx1,256 Hz,3 electrodes,up to 5 min,up to 5 min,1,0,0,0,0,0,0,0,chest/torso,low (one day),2s,4 min,80/20 split within 11 users,2 intruders,,22.79%,,,time frequency via scalogram,hybrid,,no,Downsampled to 200 Hz; trimmed moving average filter; a third order Butterworth band-pass filter (0.5 Hz-45 Hz); a mean filter,data were divided into 2-s time windows with a 1-s stride between each window,window,z-score normalisation,yes,yes,,22.79,converted EER,77.21000000000001,0.7721000000000001,,0.7721000000000001,1.2202071390631322,included,,included; accuracy missing and EER is a valid percentage,,,no reported uncertainty,,,,0,,,0,0,No parenthesized uncertainty was reported in the selected accuracy/EER field.
447_DenseNet201-5s-Sc4-walking,598,447,DenseNet201 5s Sc4 walking,ECG,447|DenseNet201 5s Sc4 walking,CNN,dl,CNN with dense connections (DensNet201),13,one condition,Hexoskin Hx1,256 Hz,3 electrodes,up to 5 min,up to 5 min,1,0,0,0,0,0,0,0,chest/torso,low (one day),4s,4 min,80/20 split within 11 users,2 intruders,,6.86%,,,time frequency via scalogram,hybrid,,no,Downsampled to 200 Hz; trimmed moving average filter; a third order Butterworth band-pass filter (0.5 Hz-45 Hz); a mean filter,data were divided into 4-s time windows with a 1-s stride between each window,window,z-score normalisation,yes,yes,,6.86,converted EER,93.14,0.9314,,0.9314,2.6083962958164375,included,,included; accuracy missing and EER is a valid percentage,,,no reported uncertainty,,,,0,,,0,0,No parenthesized uncertainty was reported in the selected accuracy/EER field.
447_DenseNet201-5s-Sc10-walking,599,447,DenseNet201 5s Sc10 walking,ECG,447|DenseNet201 5s Sc10 walking,CNN,dl,CNN with dense connections (DensNet201),13,one condition,Hexoskin Hx1,256 Hz,3 electrodes,up to 5 min,up to 5 min,1,0,0,0,0,0,0,0,chest/torso,low (one day),10s,4 min,80/20 split within 11 users,2 intruders,,17.96%,,,time frequency via scalogram,hybrid,,no,Downsampled to 200 Hz; trimmed moving average filter; a third order Butterworth band-pass filter (0.5 Hz-45 Hz); a mean filter,data were divided into 10-s time windows with a 1-s stride between each window,window,z-score normalisation,yes,yes,,17.96,converted EER,82.03999999999999,0.8203999999999999,,0.8203999999999999,1.5190598703301257,included,,included; accuracy missing and EER is a valid percentage,,,no reported uncertainty,,,,0,,,0,0,No parenthesized uncertainty was reported in the selected accuracy/EER field.
447_DenseNet201-5s-Sp2-walking,600,447,DenseNet201 5s Sp2 walking,ECG,447|DenseNet201 5s Sp2 walking,CNN,dl,CNN with dense connections (DensNet201),13,one condition,Hexoskin Hx1,256 Hz,3 electrodes,up to 5 min,up to 5 min,1,0,0,0,0,0,0,0,chest/torso,low (one day),2s,4 min,80/20 split within 11 users,2 intruders,,31.18%,,,time frequency via spectrogram,hybrid,,no,Downsampled to 200 Hz; trimmed moving average filter; a third order Butterworth band-pass filter (0.5 Hz-45 Hz); a mean filter,data were divided into 2-s time windows with a 1-s stride between each window,window,z-score normalisation,yes,yes,,31.18,converted EER,68.82,0.6881999999999999,,0.6881999999999999,0.7917175367397035,included,,included; accuracy missing and EER is a valid percentage,,,no reported uncertainty,,,,0,,,0,0,No parenthesized uncertainty was reported in the selected accuracy/EER field.
447_DenseNet201-5s-Sp4-walking,601,447,DenseNet201 5s Sp4 walking,ECG,447|DenseNet201 5s Sp4 walking,CNN,dl,CNN with dense connections (DensNet201),13,one condition,Hexoskin Hx1,256 Hz,3 electrodes,up to 5 min,up to 5 min,1,0,0,0,0,0,0,0,chest/torso,low (one day),4s,4 min,80/20 split within 11 users,2 intruders,,27.65%,,,time frequency via spectrogram,hybrid,,no,Downsampled to 200 Hz; trimmed moving average filter; a third order Butterworth band-pass filter (0.5 Hz-45 Hz); a mean filter,data were divided into 4-s time windows with a 1-s stride between each window,window,z-score normalisation,yes,yes,,27.65,converted EER,72.35,0.7234999999999999,,0.7234999999999999,0.9618897251091486,included,,included; accuracy missing and EER is a valid percentage,,,no reported uncertainty,,,,0,,,0,0,No parenthesized uncertainty was reported in the selected accuracy/EER field.
447_DenseNet201-5s-Sp10-walking,602,447,DenseNet201 5s Sp10 walking,ECG,447|DenseNet201 5s Sp10 walking,CNN,dl,CNN with dense connections (DensNet201),13,one condition,Hexoskin Hx1,256 Hz,3 electrodes,up to 5 min,up to 5 min,1,0,0,0,0,0,0,0,chest/torso,low (one day),10s,4 min,80/20 split within 11 users,2 intruders,,20.77%,,,time frequency via spectrogram,hybrid,,no,Downsampled to 200 Hz; trimmed moving average filter; a third order Butterworth band-pass filter (0.5 Hz-45 Hz); a mean filter,data were divided into 10-s time windows with a 1-s stride between each window,window,z-score normalisation,yes,yes,,20.77,converted EER,79.23,0.7923,,0.7923,1.3388453770891295,included,,included; accuracy missing and EER is a valid percentage,,,no reported uncertainty,,,,0,,,0,0,No parenthesized uncertainty was reported in the selected accuracy/EER field.
447_DenseNet201-5s-Mel2-walking,603,447,DenseNet201 5s Mel2 walking,ECG,447|DenseNet201 5s Mel2 walking,CNN,dl,CNN with dense connections (DensNet201),13,one condition,Hexoskin Hx1,256 Hz,3 electrodes,up to 5 min,up to 5 min,1,0,0,0,0,0,0,0,chest/torso,low (one day),2s,4 min,80/20 split within 11 users,2 intruders,,38.97%,,,time frequency via mel-spectrogram,hybrid,,no,Downsampled to 200 Hz; trimmed moving average filter; a third order Butterworth band-pass filter (0.5 Hz-45 Hz); a mean filter,data were divided into 2-s time windows with a 1-s stride between each window,window,z-score normalisation,yes,yes,,38.97,converted EER,61.03,0.6103000000000001,,0.6103000000000001,0.44857342720578597,included,,included; accuracy missing and EER is a valid percentage,,,no reported uncertainty,,,,0,,,0,0,No parenthesized uncertainty was reported in the selected accuracy/EER field.
447_DenseNet201-5s-Mel4-walking,604,447,DenseNet201 5s Mel4 walking,ECG,447|DenseNet201 5s Mel4 walking,CNN,dl,CNN with dense connections (DensNet201),13,one condition,Hexoskin Hx1,256 Hz,3 electrodes,up to 5 min,up to 5 min,1,0,0,0,0,0,0,0,chest/torso,low (one day),4s,4 min,80/20 split within 11 users,2 intruders,,35.48%,,,time frequency via mel-spectrogram,hybrid,,no,Downsampled to 200 Hz; trimmed moving average filter; a third order Butterworth band-pass filter (0.5 Hz-45 Hz); a mean filter,data were divided into 4-s time windows with a 1-s stride between each window,window,z-score normalisation,yes,yes,,35.48,converted EER,64.52000000000001,0.6452000000000001,,0.6452000000000001,0.5980060958156299,included,,included; accuracy missing and EER is a valid percentage,,,no reported uncertainty,,,,0,,,0,0,No parenthesized uncertainty was reported in the selected accuracy/EER field.
447_DenseNet201-5s-Mel10-walking,605,447,DenseNet201 5s Mel10 walking,ECG,447|DenseNet201 5s Mel10 walking,CNN,dl,CNN with dense connections (DensNet201),13,one condition,Hexoskin Hx1,256 Hz,3 electrodes,up to 5 min,up to 5 min,1,0,0,0,0,0,0,0,chest/torso,low (one day),10s,4 min,80/20 split within 11 users,2 intruders,,20.99%,,,time frequency via mel-spectrogram,hybrid,,no,Downsampled to 200 Hz; trimmed moving average filter; a third order Butterworth band-pass filter (0.5 Hz-45 Hz); a mean filter,data were divided into 10-s time windows with a 1-s stride between each window,window,z-score normalisation,yes,yes,,20.99,converted EER,79.01,0.7901,,0.7901,1.3255282929021004,included,,included; accuracy missing and EER is a valid percentage,,,no reported uncertainty,,,,0,,,0,0,No parenthesized uncertainty was reported in the selected accuracy/EER field.
445_445-0-1-A1,606,445,445.0.1 / A1,ECG,445|445.0.1 / A1,SVM,kernel,"binary classification, quadratic",11,one condition,Hexoskin Proshirt,256 Hz,3 electrodes,5-30 min,5-30 min,1,0,0,0,0,0,0,0,chest/torso,low (one day),1HB,~12.5 min,6-fold CV within conditions and participants,no unseen imposters,98.66%,,,,PQRST morphology of the ECG using the signal of the QRS complex,handcrafted,,no,lowpass Butterworth filter (cut-off 30Hz); Fast Fourier Transform (FFT); inverse FFT to return ECG signal to the time domain,20 points segmented around the R-peaks,beat,not mentioned,no,yes,98.66,,direct accuracy,98.66,0.9865999999999999,,0.9865999999999999,4.299009981842766,included,,included,,,no reported uncertainty,,,,0,,,0,0,No parenthesized uncertainty was reported in the selected accuracy/EER field.
445_445-0-1-A2,607,445,445.0.1 / A2,ECG,445|445.0.1 / A2,SVM,kernel,binary classification,11,one condition,Hexoskin Proshirt,256 Hz,3 electrodes,5-30 min,5-30 min,1,0,0,0,0,0,0,0,chest/torso,low (one day),1HB,~12.5 min,6-fold CV within conditions and participants,no unseen imposters,98.10%,,,,PQRST morphology of the ECG using the signal of the QRS complex,handcrafted,,no,lowpass Butterworth filter (cut-off 30Hz); Fast Fourier Transform (FFT); inverse FFT to return ECG signal to the time domain,20 points segmented around the R-peaks,beat,not mentioned,no,yes,98.1,,direct accuracy,98.1,0.981,,0.981,3.944133480398922,included,,included,,,no reported uncertainty,,,,0,,,0,0,No parenthesized uncertainty was reported in the selected accuracy/EER field.
445_445-0-1-A3,608,445,445.0.1 / A3,ECG,445|445.0.1 / A3,SVM,kernel,binary classification,11,one condition,Hexoskin Proshirt,256 Hz,3 electrodes,5-30 min,5-30 min,1,0,0,0,0,0,0,0,chest/torso,low (one day),1HB,~12.5 min,6-fold CV within conditions and participants,no unseen imposters,98.73%,,,,PQRST morphology of the ECG using the signal of the QRS complex,handcrafted,,no,lowpass Butterworth filter (cut-off 30Hz); Fast Fourier Transform (FFT); inverse FFT to return ECG signal to the time domain,20 points segmented around the R-peaks,beat,not mentioned,no,yes,98.73,,direct accuracy,98.73,0.9873000000000001,,0.9873000000000001,4.353371951152864,included,,included,,,no reported uncertainty,,,,0,,,0,0,No parenthesized uncertainty was reported in the selected accuracy/EER field.
445_445-0-1-B1,609,445,445.0.1 / B1,ECG,445|445.0.1 / B1,SVM,kernel,binary classification,11,multiple conditions,Hexoskin Proshirt,256 Hz,3 electrodes,5-30 min,5-30 min,1,0,0,0,0,0,0,0,chest/torso,low (one day),1HB,~12.5 min,6-fold CV within conditions and participants,no unseen imposters,88.16%,,,,PQRST morphology of the ECG using the signal of the QRS complex,handcrafted,,no,lowpass Butterworth filter (cut-off 30Hz); Fast Fourier Transform (FFT); inverse FFT to return ECG signal to the time domain,20 points segmented around the R-peaks,beat,not mentioned,no,yes,88.16,,direct accuracy,88.16,0.8815999999999999,,0.8815999999999999,2.007669715948744,included,,included,,,no reported uncertainty,,,,0,,,0,0,No parenthesized uncertainty was reported in the selected accuracy/EER field.
445_445-0-1-B2,610,445,445.0.1 / B2,ECG,445|445.0.1 / B2,SVM,kernel,binary classification,11,multiple conditions,Hexoskin Proshirt,256 Hz,3 electrodes,5-30 min,5-30 min,1,0,0,0,0,0,0,0,chest/torso,low (one day),1HB,~12.5 min,6-fold CV within conditions and participants,no unseen imposters,92.81%,,,,PQRST morphology of the ECG using the signal of the QRS complex,handcrafted,,no,lowpass Butterworth filter (cut-off 30Hz); Fast Fourier Transform (FFT); inverse FFT to return ECG signal to the time domain,20 points segmented around the R-peaks,beat,not mentioned,no,yes,92.81,,direct accuracy,92.81,0.9281,,0.9281,2.5578632208743466,included,,included,,,no reported uncertainty,,,,0,,,0,0,No parenthesized uncertainty was reported in the selected accuracy/EER field.
445_445-0-1-C,611,445,445.0.1 / C,ECG,445|445.0.1 / C,SVM,kernel,binary classification,11,multiple conditions,Hexoskin Proshirt,256 Hz,3 electrodes,5-30 min,5-30 min,1,0,0,0,0,0,0,0,chest/torso,low (one day),1HB,~12.5 min,6-fold CV within conditions and participants,no unseen imposters,98.81%,,,,PQRST morphology of the ECG using the signal of the QRS complex,handcrafted,,no,lowpass Butterworth filter (cut-off 30Hz); Fast Fourier Transform (FFT); inverse FFT to return ECG signal to the time domain,20 points segmented around the R-peaks,beat,not mentioned,no,yes,98.81,,direct accuracy,98.81,0.9881,,0.9881,4.419245507083431,included,,included,,,no reported uncertainty,,,,0,,,0,0,No parenthesized uncertainty was reported in the selected accuracy/EER field.
486_486-0-1-Exp-2-Bior1-1-D1,612,486,486.0.1 / Exp 2 Bior1.1 D1,PPG,486|486.0.1 / Exp 2 Bior1.1 D1,FF-NN,dl,"75 nodes, prob. 1 hidden layer, pure 0/1 classification",30,everyday activities,Microsoft Band 2,8 Hz,one channel (green),over 120 min,over 120 min,0,0,1,0,0,0,0,0,wrist,low (one day),3s,?,train/test not specified,10 patients 20 non-patients?,,32.27%,,,"time-domain statistical features from wavelet-decomposed signal into 3 sub-bands (Variance, Mean energy, Minimum energy, Maximum energy, Mean, Minimum amplitude, Standard deviation (STD), Maximum amplitude, Range, Peak-to-peak, Root‑mean‑square (RMS), Peak magnitude to RMS ratio) from each detail (D1–D3) and approximation (A1–A3)",handcrafted,low,no,"biorthogonal wavelet decomposition (detail of coefficient sub-band 1, Bior 1.1)",Continuous HRV data were split into 3-second windows,window,No explicit normalization (implicit via wavelet),no,yes,,32.27,converted EER,67.72999999999999,0.6772999999999999,,0.6772999999999999,0.7413912071629414,included,,included; accuracy missing and EER is a valid percentage,,,no reported uncertainty,,,,0,,,0,0,No parenthesized uncertainty was reported in the selected accuracy/EER field.
486_486-0-1-Exp-2-Bior1-1-A1,613,486,486.0.1 / Exp 2 Bior1.1 A1,PPG,486|486.0.1 / Exp 2 Bior1.1 A1,FF-NN,dl,"75 nodes, prob. 1 hidden layer, pure 0/1 classification",30,everyday activities,Microsoft Band 2,8 Hz,one channel (green),over 120 min,over 120 min,0,0,1,0,0,0,0,0,wrist,low (one day),3s,?,train/test not specified,10 patients 20 non-patients?,,31.54%,,,"time-domain statistical features from wavelet-decomposed signal into 3 sub-bands (Variance, Mean energy, Minimum energy, Maximum energy, Mean, Minimum amplitude, Standard deviation (STD), Maximum amplitude, Range, Peak-to-peak, Root‑mean‑square (RMS), Peak magnitude to RMS ratio) from each detail (D1–D3) and approximation (A1–A3)",handcrafted,low,no,"biorthogonal wavelet decomposition (approximation of coefficient sub-band 1, Bior 1.1)",Continuous HRV data were split into 3-second windows,window,No explicit normalization (implicit via wavelet),no,yes,,31.54,converted EER,68.46000000000001,0.6846000000000001,,0.6846000000000001,0.7749930515671474,included,,included; accuracy missing and EER is a valid percentage,,,no reported uncertainty,,,,0,,,0,0,No parenthesized uncertainty was reported in the selected accuracy/EER field.
486_486-0-1-Exp-2-Bior1-1-D2,614,486,486.0.1 / Exp 2 Bior1.1 D2,PPG,486|486.0.1 / Exp 2 Bior1.1 D2,FF-NN,dl,"75 nodes, prob. 1 hidden layer, pure 0/1 classification",30,everyday activities,Microsoft Band 2,8 Hz,one channel (green),over 120 min,over 120 min,0,0,1,0,0,0,0,0,wrist,low (one day),3s,?,train/test not specified,10 patients 20 non-patients?,,32.21%,,,"time-domain statistical features from wavelet-decomposed signal into 3 sub-bands (Variance, Mean energy, Minimum energy, Maximum energy, Mean, Minimum amplitude, Standard deviation (STD), Maximum amplitude, Range, Peak-to-peak, Root‑mean‑square (RMS), Peak magnitude to RMS ratio) from each detail (D1–D3) and approximation (A1–A3)",handcrafted,low,no,"biorthogonal wavelet decomposition (detail of coefficient sub-band 2, Bior 1.1)",Continuous HRV data were split into 3-second windows,window,No explicit normalization (implicit via wavelet),no,yes,,32.21,converted EER,67.78999999999999,0.6779,,0.6779,0.7441377280997666,included,,included; accuracy missing and EER is a valid percentage,,,no reported uncertainty,,,,0,,,0,0,No parenthesized uncertainty was reported in the selected accuracy/EER field.
486_486-0-1-Exp-2-Bior1-1-A2,615,486,486.0.1 / Exp 2 Bior1.1 A2,PPG,486|486.0.1 / Exp 2 Bior1.1 A2,FF-NN,dl,"75 nodes, prob. 1 hidden layer, pure 0/1 classification",30,everyday activities,Microsoft Band 2,8 Hz,one channel (green),over 120 min,over 120 min,0,0,1,0,0,0,0,0,wrist,low (one day),3s,?,train/test not specified,10 patients 20 non-patients?,,32.31%,,,"time-domain statistical features from wavelet-decomposed signal into 3 sub-bands (Variance, Mean energy, Minimum energy, Maximum energy, Mean, Minimum amplitude, Standard deviation (STD), Maximum amplitude, Range, Peak-to-peak, Root‑mean‑square (RMS), Peak magnitude to RMS ratio) from each detail (D1–D3) and approximation (A1–A3)",handcrafted,low,no,"biorthogonal wavelet decomposition (approximation of coefficient sub-band 2, Bior 1.1)",Continuous HRV data were split into 3-second windows,window,No explicit normalization (implicit via wavelet),no,yes,,32.31,converted EER,67.69,0.6769,,0.6769,0.7395616786841092,included,,included; accuracy missing and EER is a valid percentage,,,no reported uncertainty,,,,0,,,0,0,No parenthesized uncertainty was reported in the selected accuracy/EER field.
486_486-0-1-Exp-2-Bior1-1-D3,616,486,486.0.1 / Exp 2 Bior1.1 D3,PPG,486|486.0.1 / Exp 2 Bior1.1 D3,FF-NN,dl,"75 nodes, prob. 1 hidden layer, pure 0/1 classification",30,everyday activities,Microsoft Band 2,8 Hz,one channel (green),over 120 min,over 120 min,0,0,1,0,0,0,0,0,wrist,low (one day),3s,?,train/test not specified,10 patients 20 non-patients?,,16.41%,,,"time-domain statistical features from wavelet-decomposed signal into 3 sub-bands (Variance, Mean energy, Minimum energy, Maximum energy, Mean, Minimum amplitude, Standard deviation (STD), Maximum amplitude, Range, Peak-to-peak, Root‑mean‑square (RMS), Peak magnitude to RMS ratio) from each detail (D1–D3) and approximation (A1–A3)",handcrafted,low,no,"biorthogonal wavelet decomposition (detail of coefficient sub-band 3, Bior 1.1)",Continuous HRV data were split into 3-second windows,window,No explicit normalization (implicit via wavelet),no,yes,,16.41,converted EER,83.59,0.8359000000000001,,0.8359000000000001,1.6280329906090658,included,,included; accuracy missing and EER is a valid percentage,,,no reported uncertainty,,,,0,,,0,0,No parenthesized uncertainty was reported in the selected accuracy/EER field.
486_486-0-1-Exp-2-Bior1-1-A3,617,486,486.0.1 / Exp 2 Bior1.1 A3,PPG,486|486.0.1 / Exp 2 Bior1.1 A3,FF-NN,dl,"75 nodes, prob. 1 hidden layer, pure 0/1 classification",30,everyday activities,Microsoft Band 2,8 Hz,one channel (green),over 120 min,over 120 min,0,0,1,0,0,0,0,0,wrist,low (one day),3s,?,train/test not specified,10 patients 20 non-patients?,,16.66%,,,"time-domain statistical features from wavelet-decomposed signal into 3 sub-bands (Variance, Mean energy, Minimum energy, Maximum energy, Mean, Minimum amplitude, Standard deviation (STD), Maximum amplitude, Range, Peak-to-peak, Root‑mean‑square (RMS), Peak magnitude to RMS ratio) from each detail (D1–D3) and approximation (A1–A3)",handcrafted,low,no,"biorthogonal wavelet decomposition (approximation of coefficient sub-band 3, Bior 1.1)",Continuous HRV data were split into 3-second windows,window,No explicit normalization (implicit via wavelet),no,yes,,16.66,converted EER,83.34,0.8334,,0.8334,1.609917989255611,included,,included; accuracy missing and EER is a valid percentage,,,no reported uncertainty,,,,0,,,0,0,No parenthesized uncertainty was reported in the selected accuracy/EER field.
486_486-0-1-Exp-2-Bior1-3-D1,618,486,486.0.1 / Exp 2 Bior1.3 D1,PPG,486|486.0.1 / Exp 2 Bior1.3 D1,FF-NN,dl,"75 nodes, prob. 1 hidden layer, pure 0/1 classification",30,everyday activities,Microsoft Band 2,8 Hz,one channel (green),over 120 min,over 120 min,0,0,1,0,0,0,0,0,wrist,low (one day),3s,?,train/test not specified,10 patients 20 non-patients?,,31.02%,,,"time-domain statistical features from wavelet-decomposed signal into 3 sub-bands (Variance, Mean energy, Minimum energy, Maximum energy, Mean, Minimum amplitude, Standard deviation (STD), Maximum amplitude, Range, Peak-to-peak, Root‑mean‑square (RMS), Peak magnitude to RMS ratio) from each detail (D1–D3) and approximation (A1–A3)",handcrafted,low,no,"biorthogonal wavelet decomposition (detail of coefficient sub-band 1, Bior 1.3)",Continuous HRV data were split into 3-second windows,window,No explicit normalization (implicit via wavelet),no,yes,,31.02,converted EER,68.98,0.6898000000000001,,0.6898000000000001,0.7991844497603025,included,,included; accuracy missing and EER is a valid percentage,,,no reported uncertainty,,,,0,,,0,0,No parenthesized uncertainty was reported in the selected accuracy/EER field.
486_486-0-1-Exp-2-Bior1-3-A1,619,486,486.0.1 / Exp 2 Bior1.3 A1,PPG,486|486.0.1 / Exp 2 Bior1.3 A1,FF-NN,dl,"75 nodes, prob. 1 hidden layer, pure 0/1 classification",30,everyday activities,Microsoft Band 2,8 Hz,one channel (green),over 120 min,over 120 min,0,0,1,0,0,0,0,0,wrist,low (one day),3s,?,train/test not specified,10 patients 20 non-patients?,,31.77%,,,"time-domain statistical features from wavelet-decomposed signal into 3 sub-bands (Variance, Mean energy, Minimum energy, Maximum energy, Mean, Minimum amplitude, Standard deviation (STD), Maximum amplitude, Range, Peak-to-peak, Root‑mean‑square (RMS), Peak magnitude to RMS ratio) from each detail (D1–D3) and approximation (A1–A3)",handcrafted,low,no,"biorthogonal wavelet decomposition (approximation of coefficient sub-band 1, Bior 1.3)",Continuous HRV data were split into 3-second windows,window,No explicit normalization (implicit via wavelet),no,yes,,31.77,converted EER,68.23,0.6823,,0.6823,0.7643619025459075,included,,included; accuracy missing and EER is a valid percentage,,,no reported uncertainty,,,,0,,,0,0,No parenthesized uncertainty was reported in the selected accuracy/EER field.
486_486-0-1-Exp-2-Bior1-3-D2,620,486,486.0.1 / Exp 2 Bior1.3 D2,PPG,486|486.0.1 / Exp 2 Bior1.3 D2,FF-NN,dl,"75 nodes, prob. 1 hidden layer, pure 0/1 classification",30,everyday activities,Microsoft Band 2,8 Hz,one channel (green),over 120 min,over 120 min,0,0,1,0,0,0,0,0,wrist,low (one day),3s,?,train/test not specified,10 patients 20 non-patients?,,33.51%,,,"time-domain statistical features from wavelet-decomposed signal into 3 sub-bands (Variance, Mean energy, Minimum energy, Maximum energy, Mean, Minimum amplitude, Standard deviation (STD), Maximum amplitude, Range, Peak-to-peak, Root‑mean‑square (RMS), Peak magnitude to RMS ratio) from each detail (D1–D3) and approximation (A1–A3)",handcrafted,low,no,"biorthogonal wavelet decomposition (detail of coefficient sub-band 2, Bior 1.3)",Continuous HRV data were split into 3-second windows,window,No explicit normalization (implicit via wavelet),no,yes,,33.51,converted EER,66.49000000000001,0.6649,,0.6649,0.6852076586651448,included,,included; accuracy missing and EER is a valid percentage,,,no reported uncertainty,,,,0,,,0,0,No parenthesized uncertainty was reported in the selected accuracy/EER field.
486_486-0-1-Exp-2-Bior1-3-A2,621,486,486.0.1 / Exp 2 Bior1.3 A2,PPG,486|486.0.1 / Exp 2 Bior1.3 A2,FF-NN,dl,"75 nodes, prob. 1 hidden layer, pure 0/1 classification",30,everyday activities,Microsoft Band 2,8 Hz,one channel (green),over 120 min,over 120 min,0,0,1,0,0,0,0,0,wrist,low (one day),3s,?,train/test not specified,10 patients 20 non-patients?,,29.80%,,,"time-domain statistical features from wavelet-decomposed signal into 3 sub-bands (Variance, Mean energy, Minimum energy, Maximum energy, Mean, Minimum amplitude, Standard deviation (STD), Maximum amplitude, Range, Peak-to-peak, Root‑mean‑square (RMS), Peak magnitude to RMS ratio) from each detail (D1–D3) and approximation (A1–A3)",handcrafted,low,no,"biorthogonal wavelet decomposition (approximation of coefficient sub-band 2, Bior 1.3)",Continuous HRV data were split into 3-second windows,window,No explicit normalization (implicit via wavelet),no,yes,,29.8,converted EER,70.2,0.7020000000000001,,0.7020000000000001,0.8568399175204071,included,,included; accuracy missing and EER is a valid percentage,,,no reported uncertainty,,,,0,,,0,0,No parenthesized uncertainty was reported in the selected accuracy/EER field.
486_486-0-1-Exp-2-Bior1-3-D3,622,486,486.0.1 / Exp 2 Bior1.3 D3,PPG,486|486.0.1 / Exp 2 Bior1.3 D3,FF-NN,dl,"75 nodes, prob. 1 hidden layer, pure 0/1 classification",30,everyday activities,Microsoft Band 2,8 Hz,one channel (green),over 120 min,over 120 min,0,0,1,0,0,0,0,0,wrist,low (one day),3s,?,train/test not specified,10 patients 20 non-patients?,,16.79%,,,"time-domain statistical features from wavelet-decomposed signal into 3 sub-bands (Variance, Mean energy, Minimum energy, Maximum energy, Mean, Minimum amplitude, Standard deviation (STD), Maximum amplitude, Range, Peak-to-peak, Root‑mean‑square (RMS), Peak magnitude to RMS ratio) from each detail (D1–D3) and approximation (A1–A3)",handcrafted,low,no,"biorthogonal wavelet decomposition (detail of coefficient sub-band 3, Bior 1.3)",Continuous HRV data were split into 3-second windows,window,No explicit normalization (implicit via wavelet),no,yes,,16.79,converted EER,83.21000000000001,0.8321000000000001,,0.8321000000000001,1.6005840618228895,included,,included; accuracy missing and EER is a valid percentage,,,no reported uncertainty,,,,0,,,0,0,No parenthesized uncertainty was reported in the selected accuracy/EER field.
486_486-0-1-Exp-2-Bior1-3-A3,623,486,486.0.1 / Exp 2 Bior1.3 A3,PPG,486|486.0.1 / Exp 2 Bior1.3 A3,FF-NN,dl,"75 nodes, prob. 1 hidden layer, pure 0/1 classification",30,everyday activities,Microsoft Band 2,8 Hz,one channel (green),over 120 min,over 120 min,0,0,1,0,0,0,0,0,wrist,low (one day),3s,?,train/test not specified,10 patients 20 non-patients?,,16.56%,,,"time-domain statistical features from wavelet-decomposed signal into 3 sub-bands (Variance, Mean energy, Minimum energy, Maximum energy, Mean, Minimum amplitude, Standard deviation (STD), Maximum amplitude, Range, Peak-to-peak, Root‑mean‑square (RMS), Peak magnitude to RMS ratio) from each detail (D1–D3) and approximation (A1–A3)",handcrafted,low,no,"biorthogonal wavelet decomposition (approximation of coefficient sub-band 3, Bior 1.3)",Continuous HRV data were split into 3-second windows,window,No explicit normalization (implicit via wavelet),no,yes,,16.56,converted EER,83.44,0.8344,,0.8344,1.6171376617354036,included,,included; accuracy missing and EER is a valid percentage,,,no reported uncertainty,,,,0,,,0,0,No parenthesized uncertainty was reported in the selected accuracy/EER field.
486_486-0-1-Exp-2-Bior1-5-D1,624,486,486.0.1 / Exp 2 Bior1.5 D1,PPG,486|486.0.1 / Exp 2 Bior1.5 D1,FF-NN,dl,"75 nodes, prob. 1 hidden layer, pure 0/1 classification",30,everyday activities,Microsoft Band 2,8 Hz,one channel (green),over 120 min,over 120 min,0,0,1,0,0,0,0,0,wrist,low (one day),3s,?,train/test not specified,10 patients 20 non-patients?,,32.33%,,,"time-domain statistical features from wavelet-decomposed signal into 3 sub-bands (Variance, Mean energy, Minimum energy, Maximum energy, Mean, Minimum amplitude, Standard deviation (STD), Maximum amplitude, Range, Peak-to-peak, Root‑mean‑square (RMS), Peak magnitude to RMS ratio) from each detail (D1–D3) and approximation (A1–A3)",handcrafted,low,no,"biorthogonal wavelet decomposition (detail of coefficient sub-band 1, Bior 1.5)",Continuous HRV data were split into 3-second windows,window,No explicit normalization (implicit via wavelet),no,yes,,32.33,converted EER,67.67,0.6767,,0.6767,0.7386473585067922,included,,included; accuracy missing and EER is a valid percentage,,,no reported uncertainty,,,,0,,,0,0,No parenthesized uncertainty was reported in the selected accuracy/EER field.
486_486-0-1-Exp-2-Bior1-5-A1,625,486,486.0.1 / Exp 2 Bior1.5 A1,PPG,486|486.0.1 / Exp 2 Bior1.5 A1,FF-NN,dl,"75 nodes, prob. 1 hidden layer, pure 0/1 classification",30,everyday activities,Microsoft Band 2,8 Hz,one channel (green),over 120 min,over 120 min,0,0,1,0,0,0,0,0,wrist,low (one day),3s,?,train/test not specified,10 patients 20 non-patients?,,31.42%,,,"time-domain statistical features from wavelet-decomposed signal into 3 sub-bands (Variance, Mean energy, Minimum energy, Maximum energy, Mean, Minimum amplitude, Standard deviation (STD), Maximum amplitude, Range, Peak-to-peak, Root‑mean‑square (RMS), Peak magnitude to RMS ratio) from each detail (D1–D3) and approximation (A1–A3)",handcrafted,low,no,"biorthogonal wavelet decomposition (approximation of coefficient sub-band 1, Bior 1.5)",Continuous HRV data were split into 3-second windows,window,No explicit normalization (implicit via wavelet),no,yes,,31.42,converted EER,68.58,0.6858,,0.6858,0.7805563142072991,included,,included; accuracy missing and EER is a valid percentage,,,no reported uncertainty,,,,0,,,0,0,No parenthesized uncertainty was reported in the selected accuracy/EER field.
486_486-0-1-Exp-2-Bior1-5-D2,626,486,486.0.1 / Exp 2 Bior1.5 D2,PPG,486|486.0.1 / Exp 2 Bior1.5 D2,FF-NN,dl,"75 nodes, prob. 1 hidden layer, pure 0/1 classification",30,everyday activities,Microsoft Band 2,8 Hz,one channel (green),over 120 min,over 120 min,0,0,1,0,0,0,0,0,wrist,low (one day),3s,?,train/test not specified,10 patients 20 non-patients?,,33.32%,,,"time-domain statistical features from wavelet-decomposed signal into 3 sub-bands (Variance, Mean energy, Minimum energy, Maximum energy, Mean, Minimum amplitude, Standard deviation (STD), Maximum amplitude, Range, Peak-to-peak, Root‑mean‑square (RMS), Peak magnitude to RMS ratio) from each detail (D1–D3) and approximation (A1–A3)",handcrafted,low,no,"biorthogonal wavelet decomposition (detail of coefficient sub-band 2, Bior 1.5)",Continuous HRV data were split into 3-second windows,window,No explicit normalization (implicit via wavelet),no,yes,,33.32,converted EER,66.68,0.6668000000000001,,0.6668000000000001,0.6937472405839517,included,,included; accuracy missing and EER is a valid percentage,,,no reported uncertainty,,,,0,,,0,0,No parenthesized uncertainty was reported in the selected accuracy/EER field.
486_486-0-1-Exp-2-Bior1-5-A2,627,486,486.0.1 / Exp 2 Bior1.5 A2,PPG,486|486.0.1 / Exp 2 Bior1.5 A2,FF-NN,dl,"75 nodes, prob. 1 hidden layer, pure 0/1 classification",30,everyday activities,Microsoft Band 2,8 Hz,one channel (green),over 120 min,over 120 min,0,0,1,0,0,0,0,0,wrist,low (one day),3s,?,train/test not specified,10 patients 20 non-patients?,,33.21%,,,"time-domain statistical features from wavelet-decomposed signal into 3 sub-bands (Variance, Mean energy, Minimum energy, Maximum energy, Mean, Minimum amplitude, Standard deviation (STD), Maximum amplitude, Range, Peak-to-peak, Root‑mean‑square (RMS), Peak magnitude to RMS ratio) from each detail (D1–D3) and approximation (A1–A3)",handcrafted,low,no,"biorthogonal wavelet decomposition (approximation of coefficient sub-band 2, Bior 1.5)",Continuous HRV data were split into 3-second windows,window,No explicit normalization (implicit via wavelet),no,yes,,33.21,converted EER,66.78999999999999,0.6678999999999999,,0.6678999999999999,0.698702333348889,included,,included; accuracy missing and EER is a valid percentage,,,no reported uncertainty,,,,0,,,0,0,No parenthesized uncertainty was reported in the selected accuracy/EER field.
486_486-0-1-Exp-2-Bior1-5-D3,628,486,486.0.1 / Exp 2 Bior1.5 D3,PPG,486|486.0.1 / Exp 2 Bior1.5 D3,FF-NN,dl,"75 nodes, prob. 1 hidden layer, pure 0/1 classification",30,everyday activities,Microsoft Band 2,8 Hz,one channel (green),over 120 min,over 120 min,0,0,1,0,0,0,0,0,wrist,low (one day),3s,?,train/test not specified,10 patients 20 non-patients?,,17.56%,,,"time-domain statistical features from wavelet-decomposed signal into 3 sub-bands (Variance, Mean energy, Minimum energy, Maximum energy, Mean, Minimum amplitude, Standard deviation (STD), Maximum amplitude, Range, Peak-to-peak, Root‑mean‑square (RMS), Peak magnitude to RMS ratio) from each detail (D1–D3) and approximation (A1–A3)",handcrafted,low,no,"biorthogonal wavelet decomposition (detail of coefficient sub-band 3, Bior 1.5)",Continuous HRV data were split into 3-second windows,window,No explicit normalization (implicit via wavelet),no,yes,,17.56,converted EER,82.44,0.8244,,0.8244,1.5464471678152878,included,,included; accuracy missing and EER is a valid percentage,,,no reported uncertainty,,,,0,,,0,0,No parenthesized uncertainty was reported in the selected accuracy/EER field.
486_486-0-1-Exp-2-Bior1-5-A3,629,486,486.0.1 / Exp 2 Bior1.5 A3,PPG,486|486.0.1 / Exp 2 Bior1.5 A3,FF-NN,dl,"75 nodes, prob. 1 hidden layer, pure 0/1 classification",30,everyday activities,Microsoft Band 2,8 Hz,one channel (green),over 120 min,over 120 min,0,0,1,0,0,0,0,0,wrist,low (one day),3s,?,train/test not specified,10 patients 20 non-patients?,,17.20%,,,"time-domain statistical features from wavelet-decomposed signal into 3 sub-bands (Variance, Mean energy, Minimum energy, Maximum energy, Mean, Minimum amplitude, Standard deviation (STD), Maximum amplitude, Range, Peak-to-peak, Root‑mean‑square (RMS), Peak magnitude to RMS ratio) from each detail (D1–D3) and approximation (A1–A3)",handcrafted,low,no,"biorthogonal wavelet decomposition (approximation of coefficient sub-band 3, Bior 1.5)",Continuous HRV data were split into 3-second windows,window,No explicit normalization (implicit via wavelet),no,yes,,17.2,converted EER,82.8,0.828,,0.828,1.5715186775718064,included,,included; accuracy missing and EER is a valid percentage,,,no reported uncertainty,,,,0,,,0,0,No parenthesized uncertainty was reported in the selected accuracy/EER field.
486_486-0-1-Exp-2-Bior2-2-D1,630,486,486.0.1 / Exp 2 Bior2.2 D1,PPG,486|486.0.1 / Exp 2 Bior2.2 D1,FF-NN,dl,"75 nodes, prob. 1 hidden layer, pure 0/1 classification",30,everyday activities,Microsoft Band 2,8 Hz,one channel (green),over 120 min,over 120 min,0,0,1,0,0,0,0,0,wrist,low (one day),3s,?,train/test not specified,10 patients 20 non-patients?,,31.79%,,,"time-domain statistical features from wavelet-decomposed signal into 3 sub-bands (Variance, Mean energy, Minimum energy, Maximum energy, Mean, Minimum amplitude, Standard deviation (STD), Maximum amplitude, Range, Peak-to-peak, Root‑mean‑square (RMS), Peak magnitude to RMS ratio) from each detail (D1–D3) and approximation (A1–A3)",handcrafted,low,no,"biorthogonal wavelet decomposition (detail of coefficient sub-band 1, Bior 2.2)",Continuous HRV data were split into 3-second windows,window,No explicit normalization (implicit via wavelet),no,yes,,31.79,converted EER,68.21000000000001,0.6821,,0.6821,0.7634394067439169,included,,included; accuracy missing and EER is a valid percentage,,,no reported uncertainty,,,,0,,,0,0,No parenthesized uncertainty was reported in the selected accuracy/EER field.
486_486-0-1-Exp-2-Bior2-2-A1,631,486,486.0.1 / Exp 2 Bior2.2 A1,PPG,486|486.0.1 / Exp 2 Bior2.2 A1,FF-NN,dl,"75 nodes, prob. 1 hidden layer, pure 0/1 classification",30,everyday activities,Microsoft Band 2,8 Hz,one channel (green),over 120 min,over 120 min,0,0,1,0,0,0,0,0,wrist,low (one day),3s,?,train/test not specified,10 patients 20 non-patients?,,31.12%,,,"time-domain statistical features from wavelet-decomposed signal into 3 sub-bands (Variance, Mean energy, Minimum energy, Maximum energy, Mean, Minimum amplitude, Standard deviation (STD), Maximum amplitude, Range, Peak-to-peak, Root‑mean‑square (RMS), Peak magnitude to RMS ratio) from each detail (D1–D3) and approximation (A1–A3)",handcrafted,low,no,"biorthogonal wavelet decomposition (approximation of coefficient sub-band 1, Bior 2.2)",Continuous HRV data were split into 3-second windows,window,No explicit normalization (implicit via wavelet),no,yes,,31.12,converted EER,68.88,0.6888,,0.6888,0.7945151608092843,included,,included; accuracy missing and EER is a valid percentage,,,no reported uncertainty,,,,0,,,0,0,No parenthesized uncertainty was reported in the selected accuracy/EER field.
486_486-0-1-Exp-2-Bior2-2-D2,632,486,486.0.1 / Exp 2 Bior2.2 D2,PPG,486|486.0.1 / Exp 2 Bior2.2 D2,FF-NN,dl,"75 nodes, prob. 1 hidden layer, pure 0/1 classification",30,everyday activities,Microsoft Band 2,8 Hz,one channel (green),over 120 min,over 120 min,0,0,1,0,0,0,0,0,wrist,low (one day),3s,?,train/test not specified,10 patients 20 non-patients?,,34.50%,,,"time-domain statistical features from wavelet-decomposed signal into 3 sub-bands (Variance, Mean energy, Minimum energy, Maximum energy, Mean, Minimum amplitude, Standard deviation (STD), Maximum amplitude, Range, Peak-to-peak, Root‑mean‑square (RMS), Peak magnitude to RMS ratio) from each detail (D1–D3) and approximation (A1–A3)",handcrafted,low,no,"biorthogonal wavelet decomposition (detail of coefficient sub-band 2, Bior 2.2)",Continuous HRV data were split into 3-second windows,window,No explicit normalization (implicit via wavelet),no,yes,,34.5,converted EER,65.5,0.655,,0.655,0.6410908186038923,included,,included; accuracy missing and EER is a valid percentage,,,no reported uncertainty,,,,0,,,0,0,No parenthesized uncertainty was reported in the selected accuracy/EER field.
486_486-0-1-Exp-2-Bior2-2-A2,633,486,486.0.1 / Exp 2 Bior2.2 A2,PPG,486|486.0.1 / Exp 2 Bior2.2 A2,FF-NN,dl,"75 nodes, prob. 1 hidden layer, pure 0/1 classification",30,everyday activities,Microsoft Band 2,8 Hz,one channel (green),over 120 min,over 120 min,0,0,1,0,0,0,0,0,wrist,low (one day),3s,?,train/test not specified,10 patients 20 non-patients?,,32.99%,,,"time-domain statistical features from wavelet-decomposed signal into 3 sub-bands (Variance, Mean energy, Minimum energy, Maximum energy, Mean, Minimum amplitude, Standard deviation (STD), Maximum amplitude, Range, Peak-to-peak, Root‑mean‑square (RMS), Peak magnitude to RMS ratio) from each detail (D1–D3) and approximation (A1–A3)",handcrafted,low,no,"biorthogonal wavelet decomposition (approximation of coefficient sub-band 2, Bior 2.2)",Continuous HRV data were split into 3-second windows,window,No explicit normalization (implicit via wavelet),no,yes,,32.99,converted EER,67.00999999999999,0.6700999999999999,,0.6700999999999999,0.7086373767445889,included,,included; accuracy missing and EER is a valid percentage,,,no reported uncertainty,,,,0,,,0,0,No parenthesized uncertainty was reported in the selected accuracy/EER field.
486_486-0-1-Exp-2-Bior2-2-D3,634,486,486.0.1 / Exp 2 Bior2.2 D3,PPG,486|486.0.1 / Exp 2 Bior2.2 D3,FF-NN,dl,"75 nodes, prob. 1 hidden layer, pure 0/1 classification",30,everyday activities,Microsoft Band 2,8 Hz,one channel (green),over 120 min,over 120 min,0,0,1,0,0,0,0,0,wrist,low (one day),3s,?,train/test not specified,10 patients 20 non-patients?,,20.69%,,,"time-domain statistical features from wavelet-decomposed signal into 3 sub-bands (Variance, Mean energy, Minimum energy, Maximum energy, Mean, Minimum amplitude, Standard deviation (STD), Maximum amplitude, Range, Peak-to-peak, Root‑mean‑square (RMS), Peak magnitude to RMS ratio) from each detail (D1–D3) and approximation (A1–A3)",handcrafted,low,no,"biorthogonal wavelet decomposition (detail of coefficient sub-band 3, Bior 2.2)",Continuous HRV data were split into 3-second windows,window,No explicit normalization (implicit via wavelet),no,yes,,20.69,converted EER,79.31,0.7931,,0.7931,1.3437137323377768,included,,included; accuracy missing and EER is a valid percentage,,,no reported uncertainty,,,,0,,,0,0,No parenthesized uncertainty was reported in the selected accuracy/EER field.
486_486-0-1-Exp-2-Bior2-2-A3,635,486,486.0.1 / Exp 2 Bior2.2 A3,PPG,486|486.0.1 / Exp 2 Bior2.2 A3,FF-NN,dl,"75 nodes, prob. 1 hidden layer, pure 0/1 classification",30,everyday activities,Microsoft Band 2,8 Hz,one channel (green),over 120 min,over 120 min,0,0,1,0,0,0,0,0,wrist,low (one day),3s,?,train/test not specified,10 patients 20 non-patients?,,21.69%,,,"time-domain statistical features from wavelet-decomposed signal into 3 sub-bands (Variance, Mean energy, Minimum energy, Maximum energy, Mean, Minimum amplitude, Standard deviation (STD), Maximum amplitude, Range, Peak-to-peak, Root‑mean‑square (RMS), Peak magnitude to RMS ratio) from each detail (D1–D3) and approximation (A1–A3)",handcrafted,low,no,"biorthogonal wavelet decomposition (approximation of coefficient sub-band 3, Bior 2.2)",Continuous HRV data were split into 3-second windows,window,No explicit normalization (implicit via wavelet),no,yes,,21.69,converted EER,78.31,0.7831,,0.7831,1.2838239839240635,included,,included; accuracy missing and EER is a valid percentage,,,no reported uncertainty,,,,0,,,0,0,No parenthesized uncertainty was reported in the selected accuracy/EER field.
486_486-0-1-Exp-2-Bior2-4-D1,636,486,486.0.1 / Exp 2 Bior2.4 D1,PPG,486|486.0.1 / Exp 2 Bior2.4 D1,FF-NN,dl,"75 nodes, prob. 1 hidden layer, pure 0/1 classification",30,everyday activities,Microsoft Band 2,8 Hz,one channel (green),over 120 min,over 120 min,0,0,1,0,0,0,0,0,wrist,low (one day),3s,?,train/test not specified,10 patients 20 non-patients?,,32.59%,,,"time-domain statistical features from wavelet-decomposed signal into 3 sub-bands (Variance, Mean energy, Minimum energy, Maximum energy, Mean, Minimum amplitude, Standard deviation (STD), Maximum amplitude, Range, Peak-to-peak, Root‑mean‑square (RMS), Peak magnitude to RMS ratio) from each detail (D1–D3) and approximation (A1–A3)",handcrafted,low,no,"biorthogonal wavelet decomposition (detail of coefficient sub-band 1, Bior 2.4)",Continuous HRV data were split into 3-second windows,window,No explicit normalization (implicit via wavelet),no,yes,,32.59,converted EER,67.41,0.6740999999999999,,0.6740999999999999,0.726787882015877,included,,included; accuracy missing and EER is a valid percentage,,,no reported uncertainty,,,,0,,,0,0,No parenthesized uncertainty was reported in the selected accuracy/EER field.
486_486-0-1-Exp-2-Bior2-4-A1,637,486,486.0.1 / Exp 2 Bior2.4 A1,PPG,486|486.0.1 / Exp 2 Bior2.4 A1,FF-NN,dl,"75 nodes, prob. 1 hidden layer, pure 0/1 classification",30,everyday activities,Microsoft Band 2,8 Hz,one channel (green),over 120 min,over 120 min,0,0,1,0,0,0,0,0,wrist,low (one day),3s,?,train/test not specified,10 patients 20 non-patients?,,31.55%,,,"time-domain statistical features from wavelet-decomposed signal into 3 sub-bands (Variance, Mean energy, Minimum energy, Maximum energy, Mean, Minimum amplitude, Standard deviation (STD), Maximum amplitude, Range, Peak-to-peak, Root‑mean‑square (RMS), Peak magnitude to RMS ratio) from each detail (D1–D3) and approximation (A1–A3)",handcrafted,low,no,"biorthogonal wavelet decomposition (approximation of coefficient sub-band 1, Bior 2.4)",Continuous HRV data were split into 3-second windows,window,No explicit normalization (implicit via wavelet),no,yes,,31.55,converted EER,68.45,0.6845,,0.6845,0.7745299627472357,included,,included; accuracy missing and EER is a valid percentage,,,no reported uncertainty,,,,0,,,0,0,No parenthesized uncertainty was reported in the selected accuracy/EER field.
486_486-0-1-Exp-2-Bior2-4-D2,638,486,486.0.1 / Exp 2 Bior2.4 D2,PPG,486|486.0.1 / Exp 2 Bior2.4 D2,FF-NN,dl,"75 nodes, prob. 1 hidden layer, pure 0/1 classification",30,everyday activities,Microsoft Band 2,8 Hz,one channel (green),over 120 min,over 120 min,0,0,1,0,0,0,0,0,wrist,low (one day),3s,?,train/test not specified,10 patients 20 non-patients?,,32.06%,,,"time-domain statistical features from wavelet-decomposed signal into 3 sub-bands (Variance, Mean energy, Minimum energy, Maximum energy, Mean, Minimum amplitude, Standard deviation (STD), Maximum amplitude, Range, Peak-to-peak, Root‑mean‑square (RMS), Peak magnitude to RMS ratio) from each detail (D1–D3) and approximation (A1–A3)",handcrafted,low,no,"biorthogonal wavelet decomposition (detail of coefficient sub-band 2, Bior 2.4)",Continuous HRV data were split into 3-second windows,window,No explicit normalization (implicit via wavelet),no,yes,,32.06,converted EER,67.94,0.6794,,0.6794,0.751015815551031,included,,included; accuracy missing and EER is a valid percentage,,,no reported uncertainty,,,,0,,,0,0,No parenthesized uncertainty was reported in the selected accuracy/EER field.
486_486-0-1-Exp-2-Bior2-4-A2,639,486,486.0.1 / Exp 2 Bior2.4 A2,PPG,486|486.0.1 / Exp 2 Bior2.4 A2,FF-NN,dl,"75 nodes, prob. 1 hidden layer, pure 0/1 classification",30,everyday activities,Microsoft Band 2,8 Hz,one channel (green),over 120 min,over 120 min,0,0,1,0,0,0,0,0,wrist,low (one day),3s,?,train/test not specified,10 patients 20 non-patients?,,31.87%,,,"time-domain statistical features from wavelet-decomposed signal into 3 sub-bands (Variance, Mean energy, Minimum energy, Maximum energy, Mean, Minimum amplitude, Standard deviation (STD), Maximum amplitude, Range, Peak-to-peak, Root‑mean‑square (RMS), Peak magnitude to RMS ratio) from each detail (D1–D3) and approximation (A1–A3)",handcrafted,low,no,"biorthogonal wavelet decomposition (approximation of coefficient sub-band 2, Bior 2.4)",Continuous HRV data were split into 3-second windows,window,No explicit normalization (implicit via wavelet),no,yes,,31.87,converted EER,68.13,0.6812999999999999,,0.6812999999999999,0.7597525163563313,included,,included; accuracy missing and EER is a valid percentage,,,no reported uncertainty,,,,0,,,0,0,No parenthesized uncertainty was reported in the selected accuracy/EER field.
486_486-0-1-Exp-2-Bior2-4-D3,640,486,486.0.1 / Exp 2 Bior2.4 D3,PPG,486|486.0.1 / Exp 2 Bior2.4 D3,FF-NN,dl,"75 nodes, prob. 1 hidden layer, pure 0/1 classification",30,everyday activities,Microsoft Band 2,8 Hz,one channel (green),over 120 min,over 120 min,0,0,1,0,0,0,0,0,wrist,low (one day),3s,?,train/test not specified,10 patients 20 non-patients?,,20.02%,,,"time-domain statistical features from wavelet-decomposed signal into 3 sub-bands (Variance, Mean energy, Minimum energy, Maximum energy, Mean, Minimum amplitude, Standard deviation (STD), Maximum amplitude, Range, Peak-to-peak, Root‑mean‑square (RMS), Peak magnitude to RMS ratio) from each detail (D1–D3) and approximation (A1–A3)",handcrafted,low,no,"biorthogonal wavelet decomposition (detail of coefficient sub-band 3, Bior 2.4)",Continuous HRV data were split into 3-second windows,window,No explicit normalization (implicit via wavelet),no,yes,,20.02,converted EER,79.98,0.7998000000000001,,0.7998000000000001,1.3850448295315982,included,,included; accuracy missing and EER is a valid percentage,,,no reported uncertainty,,,,0,,,0,0,No parenthesized uncertainty was reported in the selected accuracy/EER field.
486_486-0-1-Exp-2-Bior2-4-A3,641,486,486.0.1 / Exp 2 Bior2.4 A3,PPG,486|486.0.1 / Exp 2 Bior2.4 A3,FF-NN,dl,"75 nodes, prob. 1 hidden layer, pure 0/1 classification",30,everyday activities,Microsoft Band 2,8 Hz,one channel (green),over 120 min,over 120 min,0,0,1,0,0,0,0,0,wrist,low (one day),3s,?,train/test not specified,10 patients 20 non-patients?,,20.95%,,,"time-domain statistical features from wavelet-decomposed signal into 3 sub-bands (Variance, Mean energy, Minimum energy, Maximum energy, Mean, Minimum amplitude, Standard deviation (STD), Maximum amplitude, Range, Peak-to-peak, Root‑mean‑square (RMS), Peak magnitude to RMS ratio) from each detail (D1–D3) and approximation (A1–A3)",handcrafted,low,no,"biorthogonal wavelet decomposition (approximation of coefficient sub-band 3, Bior 2.4)",Continuous HRV data were split into 3-second windows,window,No explicit normalization (implicit via wavelet),no,yes,,20.95,converted EER,79.05,0.7905,,0.7905,1.3279419172873341,included,,included; accuracy missing and EER is a valid percentage,,,no reported uncertainty,,,,0,,,0,0,No parenthesized uncertainty was reported in the selected accuracy/EER field.
486_486-0-1-Exp-2-Bior2-6-D1,642,486,486.0.1 / Exp 2 Bior2.6 D1,PPG,486|486.0.1 / Exp 2 Bior2.6 D1,FF-NN,dl,"75 nodes, prob. 1 hidden layer, pure 0/1 classification",30,everyday activities,Microsoft Band 2,8 Hz,one channel (green),over 120 min,over 120 min,0,0,1,0,0,0,0,0,wrist,low (one day),3s,?,train/test not specified,10 patients 20 non-patients?,,30.87%,,,"time-domain statistical features from wavelet-decomposed signal into 3 sub-bands (Variance, Mean energy, Minimum energy, Maximum energy, Mean, Minimum amplitude, Standard deviation (STD), Maximum amplitude, Range, Peak-to-peak, Root‑mean‑square (RMS), Peak magnitude to RMS ratio) from each detail (D1–D3) and approximation (A1–A3)",handcrafted,low,no,"biorthogonal wavelet decomposition (detail of coefficient sub-band 1, Bior 2.6)",Continuous HRV data were split into 3-second windows,window,No explicit normalization (implicit via wavelet),no,yes,,30.87,converted EER,69.13,0.6912999999999999,,0.6912999999999999,0.8062039514431053,included,,included; accuracy missing and EER is a valid percentage,,,no reported uncertainty,,,,0,,,0,0,No parenthesized uncertainty was reported in the selected accuracy/EER field.
486_486-0-1-Exp-2-Bior2-6-A1,643,486,486.0.1 / Exp 2 Bior2.6 A1,PPG,486|486.0.1 / Exp 2 Bior2.6 A1,FF-NN,dl,"75 nodes, prob. 1 hidden layer, pure 0/1 classification",30,everyday activities,Microsoft Band 2,8 Hz,one channel (green),over 120 min,over 120 min,0,0,1,0,0,0,0,0,wrist,low (one day),3s,?,train/test not specified,10 patients 20 non-patients?,,31.44%,,,"time-domain statistical features from wavelet-decomposed signal into 3 sub-bands (Variance, Mean energy, Minimum energy, Maximum energy, Mean, Minimum amplitude, Standard deviation (STD), Maximum amplitude, Range, Peak-to-peak, Root‑mean‑square (RMS), Peak magnitude to RMS ratio) from each detail (D1–D3) and approximation (A1–A3)",handcrafted,low,no,"biorthogonal wavelet decomposition (approximation of coefficient sub-band 1, Bior 2.6)",Continuous HRV data were split into 3-second windows,window,No explicit normalization (implicit via wavelet),no,yes,,31.44,converted EER,68.56,0.6856,,0.6856,0.7796283067285185,included,,included; accuracy missing and EER is a valid percentage,,,no reported uncertainty,,,,0,,,0,0,No parenthesized uncertainty was reported in the selected accuracy/EER field.
486_486-0-1-Exp-2-Bior2-6-D2,644,486,486.0.1 / Exp 2 Bior2.6 D2,PPG,486|486.0.1 / Exp 2 Bior2.6 D2,FF-NN,dl,"75 nodes, prob. 1 hidden layer, pure 0/1 classification",30,everyday activities,Microsoft Band 2,8 Hz,one channel (green),over 120 min,over 120 min,0,0,1,0,0,0,0,0,wrist,low (one day),3s,?,train/test not specified,10 patients 20 non-patients?,,32.32%,,,"time-domain statistical features from wavelet-decomposed signal into 3 sub-bands (Variance, Mean energy, Minimum energy, Maximum energy, Mean, Minimum amplitude, Standard deviation (STD), Maximum amplitude, Range, Peak-to-peak, Root‑mean‑square (RMS), Peak magnitude to RMS ratio) from each detail (D1–D3) and approximation (A1–A3)",handcrafted,low,no,"biorthogonal wavelet decomposition (detail of coefficient sub-band 2, Bior 2.6)",Continuous HRV data were split into 3-second windows,window,No explicit normalization (implicit via wavelet),no,yes,,32.32,converted EER,67.68,0.6768000000000001,,0.6768000000000001,0.7391044816450735,included,,included; accuracy missing and EER is a valid percentage,,,no reported uncertainty,,,,0,,,0,0,No parenthesized uncertainty was reported in the selected accuracy/EER field.
486_486-0-1-Exp-2-Bior2-6-A2,645,486,486.0.1 / Exp 2 Bior2.6 A2,PPG,486|486.0.1 / Exp 2 Bior2.6 A2,FF-NN,dl,"75 nodes, prob. 1 hidden layer, pure 0/1 classification",30,everyday activities,Microsoft Band 2,8 Hz,one channel (green),over 120 min,over 120 min,0,0,1,0,0,0,0,0,wrist,low (one day),3s,?,train/test not specified,10 patients 20 non-patients?,,34.55%,,,"time-domain statistical features from wavelet-decomposed signal into 3 sub-bands (Variance, Mean energy, Minimum energy, Maximum energy, Mean, Minimum amplitude, Standard deviation (STD), Maximum amplitude, Range, Peak-to-peak, Root‑mean‑square (RMS), Peak magnitude to RMS ratio) from each detail (D1–D3) and approximation (A1–A3)",handcrafted,low,no,"biorthogonal wavelet decomposition (approximation of coefficient sub-band 2, Bior 2.6)",Continuous HRV data were split into 3-second windows,window,No explicit normalization (implicit via wavelet),no,yes,,34.55,converted EER,65.45,0.6545000000000001,,0.6545000000000001,0.6388789421422304,included,,included; accuracy missing and EER is a valid percentage,,,no reported uncertainty,,,,0,,,0,0,No parenthesized uncertainty was reported in the selected accuracy/EER field.
486_486-0-1-Exp-2-Bior2-6-D3,646,486,486.0.1 / Exp 2 Bior2.6 D3,PPG,486|486.0.1 / Exp 2 Bior2.6 D3,FF-NN,dl,"75 nodes, prob. 1 hidden layer, pure 0/1 classification",30,everyday activities,Microsoft Band 2,8 Hz,one channel (green),over 120 min,over 120 min,0,0,1,0,0,0,0,0,wrist,low (one day),3s,?,train/test not specified,10 patients 20 non-patients?,,21.47%,,,"time-domain statistical features from wavelet-decomposed signal into 3 sub-bands (Variance, Mean energy, Minimum energy, Maximum energy, Mean, Minimum amplitude, Standard deviation (STD), Maximum amplitude, Range, Peak-to-peak, Root‑mean‑square (RMS), Peak magnitude to RMS ratio) from each detail (D1–D3) and approximation (A1–A3)",handcrafted,low,no,"biorthogonal wavelet decomposition (detail of coefficient sub-band 3, Bior 2.6)",Continuous HRV data were split into 3-second windows,window,No explicit normalization (implicit via wavelet),no,yes,,21.47,converted EER,78.53,0.7853,,0.7853,1.2968241054960936,included,,included; accuracy missing and EER is a valid percentage,,,no reported uncertainty,,,,0,,,0,0,No parenthesized uncertainty was reported in the selected accuracy/EER field.
486_486-0-1-Exp-2-Bior2-6-A3,647,486,486.0.1 / Exp 2 Bior2.6 A3,PPG,486|486.0.1 / Exp 2 Bior2.6 A3,FF-NN,dl,"75 nodes, prob. 1 hidden layer, pure 0/1 classification",30,everyday activities,Microsoft Band 2,8 Hz,one channel (green),over 120 min,over 120 min,0,0,1,0,0,0,0,0,wrist,low (one day),3s,?,train/test not specified,10 patients 20 non-patients?,,19.94%,,,"time-domain statistical features from wavelet-decomposed signal into 3 sub-bands (Variance, Mean energy, Minimum energy, Maximum energy, Mean, Minimum amplitude, Standard deviation (STD), Maximum amplitude, Range, Peak-to-peak, Root‑mean‑square (RMS), Peak magnitude to RMS ratio) from each detail (D1–D3) and approximation (A1–A3)",handcrafted,low,no,"biorthogonal wavelet decomposition (approximation of coefficient sub-band 3, Bior 2.6)",Continuous HRV data were split into 3-second windows,window,No explicit normalization (implicit via wavelet),no,yes,,19.94,converted EER,80.06,0.8006,,0.8006,1.3900485890307352,included,,included; accuracy missing and EER is a valid percentage,,,no reported uncertainty,,,,0,,,0,0,No parenthesized uncertainty was reported in the selected accuracy/EER field.
486_486-0-1-Exp-2-Bior2-8-D1,648,486,486.0.1 / Exp 2 Bior2.8 D1,PPG,486|486.0.1 / Exp 2 Bior2.8 D1,FF-NN,dl,"75 nodes, prob. 1 hidden layer, pure 0/1 classification",30,everyday activities,Microsoft Band 2,8 Hz,one channel (green),over 120 min,over 120 min,0,0,1,0,0,0,0,0,wrist,low (one day),3s,?,train/test not specified,10 patients 20 non-patients?,,30.83%,,,"time-domain statistical features from wavelet-decomposed signal into 3 sub-bands (Variance, Mean energy, Minimum energy, Maximum energy, Mean, Minimum amplitude, Standard deviation (STD), Maximum amplitude, Range, Peak-to-peak, Root‑mean‑square (RMS), Peak magnitude to RMS ratio) from each detail (D1–D3) and approximation (A1–A3)",handcrafted,low,no,"biorthogonal wavelet decomposition (detail of coefficient sub-band 1, Bior 2.8)",Continuous HRV data were split into 3-second windows,window,No explicit normalization (implicit via wavelet),no,yes,,30.83,converted EER,69.17,0.6917,,0.6917,0.8080790007144343,included,,included; accuracy missing and EER is a valid percentage,,,no reported uncertainty,,,,0,,,0,0,No parenthesized uncertainty was reported in the selected accuracy/EER field.
486_486-0-1-Exp-2-Bior2-8-A1,649,486,486.0.1 / Exp 2 Bior2.8 A1,PPG,486|486.0.1 / Exp 2 Bior2.8 A1,FF-NN,dl,"75 nodes, prob. 1 hidden layer, pure 0/1 classification",30,everyday activities,Microsoft Band 2,8 Hz,one channel (green),over 120 min,over 120 min,0,0,1,0,0,0,0,0,wrist,low (one day),3s,?,train/test not specified,10 patients 20 non-patients?,,30.39%,,,"time-domain statistical features from wavelet-decomposed signal into 3 sub-bands (Variance, Mean energy, Minimum energy, Maximum energy, Mean, Minimum amplitude, Standard deviation (STD), Maximum amplitude, Range, Peak-to-peak, Root‑mean‑square (RMS), Peak magnitude to RMS ratio) from each detail (D1–D3) and approximation (A1–A3)",handcrafted,low,no,"biorthogonal wavelet decomposition (approximation of coefficient sub-band 1, Bior 2.8)",Continuous HRV data were split into 3-second windows,window,No explicit normalization (implicit via wavelet),no,yes,,30.39,converted EER,69.61,0.6960999999999999,,0.6960999999999999,0.8287946282518731,included,,included; accuracy missing and EER is a valid percentage,,,no reported uncertainty,,,,0,,,0,0,No parenthesized uncertainty was reported in the selected accuracy/EER field.
486_486-0-1-Exp-2-Bior2-8-D2,650,486,486.0.1 / Exp 2 Bior2.8 D2,PPG,486|486.0.1 / Exp 2 Bior2.8 D2,FF-NN,dl,"75 nodes, prob. 1 hidden layer, pure 0/1 classification",30,everyday activities,Microsoft Band 2,8 Hz,one channel (green),over 120 min,over 120 min,0,0,1,0,0,0,0,0,wrist,low (one day),3s,?,train/test not specified,10 users 20 non-users?,,32.66%,,,"time-domain statistical features from wavelet-decomposed signal into 3 sub-bands (Variance, Mean energy, Minimum energy, Maximum energy, Mean, Minimum amplitude, Standard deviation (STD), Maximum amplitude, Range, Peak-to-peak, Root‑mean‑square (RMS), Peak magnitude to RMS ratio) from each detail (D1–D3) and approximation (A1–A3)",handcrafted,low,no,"biorthogonal wavelet decomposition (detail of coefficient sub-band 2, Bior 2.8)",Continuous HRV data were split into 3-second windows,window,No explicit normalization (implicit via wavelet),no,yes,,32.66,converted EER,67.34,0.6734,,0.6734,0.7236033261906093,included,,included; accuracy missing and EER is a valid percentage,,,no reported uncertainty,,,,0,,,0,0,No parenthesized uncertainty was reported in the selected accuracy/EER field.
486_486-0-1-Exp-2-Bior2-8-A2,651,486,486.0.1 / Exp 2 Bior2.8 A2,PPG,486|486.0.1 / Exp 2 Bior2.8 A2,FF-NN,dl,"75 nodes, prob. 1 hidden layer, pure 0/1 classification",30,everyday activities,Microsoft Band 2,8 Hz,one channel (green),over 120 min,over 120 min,0,0,1,0,0,0,0,0,wrist,low (one day),3s,?,train/test not specified,10 patients 20 non-patients?,,29.81%,,,"time-domain statistical features from wavelet-decomposed signal into 3 sub-bands (Variance, Mean energy, Minimum energy, Maximum energy, Mean, Minimum amplitude, Standard deviation (STD), Maximum amplitude, Range, Peak-to-peak, Root‑mean‑square (RMS), Peak magnitude to RMS ratio) from each detail (D1–D3) and approximation (A1–A3)",handcrafted,low,no,"biorthogonal wavelet decomposition (approximation of coefficient sub-band 2, Bior 2.8)",Continuous HRV data were split into 3-second windows,window,No explicit normalization (implicit via wavelet),no,yes,,29.81,converted EER,70.19,0.7019,,0.7019,0.8563619430523499,included,,included; accuracy missing and EER is a valid percentage,,,no reported uncertainty,,,,0,,,0,0,No parenthesized uncertainty was reported in the selected accuracy/EER field.
486_486-0-1-Exp-2-Bior2-8-D3,652,486,486.0.1 / Exp 2 Bior2.8 D3,PPG,486|486.0.1 / Exp 2 Bior2.8 D3,FF-NN,dl,"75 nodes, prob. 1 hidden layer, pure 0/1 classification",30,everyday activities,Microsoft Band 2,8 Hz,one channel (green),over 120 min,over 120 min,0,0,1,0,0,0,0,0,wrist,low (one day),3s,?,train/test not specified,10 patients 20 non-patients?,,20.79%,,,"time-domain statistical features from wavelet-decomposed signal into 3 sub-bands (Variance, Mean energy, Minimum energy, Maximum energy, Mean, Minimum amplitude, Standard deviation (STD), Maximum amplitude, Range, Peak-to-peak, Root‑mean‑square (RMS), Peak magnitude to RMS ratio) from each detail (D1–D3) and approximation (A1–A3)",handcrafted,low,no,"biorthogonal wavelet decomposition (detail of coefficient sub-band 3, Bior 2.8)",Continuous HRV data were split into 3-second windows,window,No explicit normalization (implicit via wavelet),no,yes,,20.79,converted EER,79.21000000000001,0.7921,,0.7921,1.337630451606267,included,,included; accuracy missing and EER is a valid percentage,,,no reported uncertainty,,,,0,,,0,0,No parenthesized uncertainty was reported in the selected accuracy/EER field.
486_486-0-1-Exp-2-Bior2-8-A3,653,486,486.0.1 / Exp 2 Bior2.8 A3,PPG,486|486.0.1 / Exp 2 Bior2.8 A3,FF-NN,dl,"75 nodes, prob. 1 hidden layer, pure 0/1 classification",30,everyday activities,Microsoft Band 2,8 Hz,one channel (green),over 120 min,over 120 min,0,0,1,0,0,0,0,0,wrist,low (one day),3s,?,train/test not specified,10 patients 20 non-patients?,,20.44%,,,"time-domain statistical features from wavelet-decomposed signal into 3 sub-bands (Variance, Mean energy, Minimum energy, Maximum energy, Mean, Minimum amplitude, Standard deviation (STD), Maximum amplitude, Range, Peak-to-peak, Root‑mean‑square (RMS), Peak magnitude to RMS ratio) from each detail (D1–D3) and approximation (A1–A3)",handcrafted,low,no,"biorthogonal wavelet decomposition (approximation of coefficient sub-band 3, Bior 2.8)",Continuous HRV data were split into 3-second windows,window,No explicit normalization (implicit via wavelet),no,yes,,20.44,converted EER,79.56,0.7956,,0.7956,1.3590176886502676,included,,included; accuracy missing and EER is a valid percentage,,,no reported uncertainty,,,,0,,,0,0,No parenthesized uncertainty was reported in the selected accuracy/EER field.
486_486-0-1-Exp-2-Bior3-1-D1,654,486,486.0.1 / Exp 2 Bior3.1 D1,PPG,486|486.0.1 / Exp 2 Bior3.1 D1,FF-NN,dl,"75 nodes, prob. 1 hidden layer, pure 0/1 classification",30,everyday activities,Microsoft Band 2,8 Hz,one channel (green),over 120 min,over 120 min,0,0,1,0,0,0,0,0,wrist,low (one day),3s,?,train/test not specified,10 patients 20 non-patients?,,32.16%,,,"time-domain statistical features from wavelet-decomposed signal into 3 sub-bands (Variance, Mean energy, Minimum energy, Maximum energy, Mean, Minimum amplitude, Standard deviation (STD), Maximum amplitude, Range, Peak-to-peak, Root‑mean‑square (RMS), Peak magnitude to RMS ratio) from each detail (D1–D3) and approximation (A1–A3)",handcrafted,low,no,"biorthogonal wavelet decomposition (detail of coefficient sub-band 1, Bior 3.1)",Continuous HRV data were split into 3-second windows,window,No explicit normalization (implicit via wavelet),no,yes,,32.16,converted EER,67.84,0.6784,,0.6784,0.7464285471728821,included,,included; accuracy missing and EER is a valid percentage,,,no reported uncertainty,,,,0,,,0,0,No parenthesized uncertainty was reported in the selected accuracy/EER field.
486_486-0-1-Exp-2-Bior3-1-A1,655,486,486.0.1 / Exp 2 Bior3.1 A1,PPG,486|486.0.1 / Exp 2 Bior3.1 A1,FF-NN,dl,"75 nodes, prob. 1 hidden layer, pure 0/1 classification",30,everyday activities,Microsoft Band 2,8 Hz,one channel (green),over 120 min,over 120 min,0,0,1,0,0,0,0,0,wrist,low (one day),3s,?,train/test not specified,10 patients 20 non-patients?,,31.40%,,,"time-domain statistical features from wavelet-decomposed signal into 3 sub-bands (Variance, Mean energy, Minimum energy, Maximum energy, Mean, Minimum amplitude, Standard deviation (STD), Maximum amplitude, Range, Peak-to-peak, Root‑mean‑square (RMS), Peak magnitude to RMS ratio) from each detail (D1–D3) and approximation (A1–A3)",handcrafted,low,no,"biorthogonal wavelet decomposition (approximation of coefficient sub-band 1, Bior 3.1)",Continuous HRV data were split into 3-second windows,window,No explicit normalization (implicit via wavelet),no,yes,,31.4,converted EER,68.6,0.6859999999999999,,0.6859999999999999,0.7814846418176316,included,,included; accuracy missing and EER is a valid percentage,,,no reported uncertainty,,,,0,,,0,0,No parenthesized uncertainty was reported in the selected accuracy/EER field.
486_486-0-1-Exp-2-Bior3-1-D2,656,486,486.0.1 / Exp 2 Bior3.1 D2,PPG,486|486.0.1 / Exp 2 Bior3.1 D2,FF-NN,dl,"75 nodes, prob. 1 hidden layer, pure 0/1 classification",30,everyday activities,Microsoft Band 2,8 Hz,one channel (green),over 120 min,over 120 min,0,0,1,0,0,0,0,0,wrist,low (one day),3s,?,train/test not specified,10 patients 20 non-patients?,,33.67%,,,"time-domain statistical features from wavelet-decomposed signal into 3 sub-bands (Variance, Mean energy, Minimum energy, Maximum energy, Mean, Minimum amplitude, Standard deviation (STD), Maximum amplitude, Range, Peak-to-peak, Root‑mean‑square (RMS), Peak magnitude to RMS ratio) from each detail (D1–D3) and approximation (A1–A3)",handcrafted,low,no,"biorthogonal wavelet decomposition (detail of coefficient sub-band 2, Bior 3.1)",Continuous HRV data were split into 3-second windows,window,No explicit normalization (implicit via wavelet),no,yes,,33.67,converted EER,66.33,0.6633,,0.6633,0.6780350503644815,included,,included; accuracy missing and EER is a valid percentage,,,no reported uncertainty,,,,0,,,0,0,No parenthesized uncertainty was reported in the selected accuracy/EER field.
486_486-0-1-Exp-2-Bior3-1-A2,657,486,486.0.1 / Exp 2 Bior3.1 A2,PPG,486|486.0.1 / Exp 2 Bior3.1 A2,FF-NN,dl,"75 nodes, prob. 1 hidden layer, pure 0/1 classification",30,everyday activities,Microsoft Band 2,8 Hz,one channel (green),over 120 min,over 120 min,0,0,1,0,0,0,0,0,wrist,low (one day),3s,?,train/test not specified,10 patients 20 non-patients?,,31.58%,,,"time-domain statistical features from wavelet-decomposed signal into 3 sub-bands (Variance, Mean energy, Minimum energy, Maximum energy, Mean, Minimum amplitude, Standard deviation (STD), Maximum amplitude, Range, Peak-to-peak, Root‑mean‑square (RMS), Peak magnitude to RMS ratio) from each detail (D1–D3) and approximation (A1–A3)",handcrafted,low,no,"biorthogonal wavelet decomposition (approximation of coefficient sub-band 2, Bior 3.1)",Continuous HRV data were split into 3-second windows,window,No explicit normalization (implicit via wavelet),no,yes,,31.58,converted EER,68.42,0.6842,,0.6842,0.7731411707219628,included,,included; accuracy missing and EER is a valid percentage,,,no reported uncertainty,,,,0,,,0,0,No parenthesized uncertainty was reported in the selected accuracy/EER field.
486_486-0-1-Exp-2-Bior3-1-D3,658,486,486.0.1 / Exp 2 Bior3.1 D3,PPG,486|486.0.1 / Exp 2 Bior3.1 D3,FF-NN,dl,"75 nodes, prob. 1 hidden layer, pure 0/1 classification",30,everyday activities,Microsoft Band 2,8 Hz,one channel (green),over 120 min,over 120 min,0,0,1,0,0,0,0,0,wrist,low (one day),3s,?,train/test not specified,10 patients 20 non-patients?,,29.82%,,,"time-domain statistical features from wavelet-decomposed signal into 3 sub-bands (Variance, Mean energy, Minimum energy, Maximum energy, Mean, Minimum amplitude, Standard deviation (STD), Maximum amplitude, Range, Peak-to-peak, Root‑mean‑square (RMS), Peak magnitude to RMS ratio) from each detail (D1–D3) and approximation (A1–A3)",handcrafted,low,no,"biorthogonal wavelet decomposition (detail of coefficient sub-band 3, Bior 3.1)",Continuous HRV data were split into 3-second windows,window,No explicit normalization (implicit via wavelet),no,yes,,29.82,converted EER,70.18,0.7018000000000001,,0.7018000000000001,0.8558840608184771,included,,included; accuracy missing and EER is a valid percentage,,,no reported uncertainty,,,,0,,,0,0,No parenthesized uncertainty was reported in the selected accuracy/EER field.
486_486-0-1-Exp-2-Bior3-1-A3,659,486,486.0.1 / Exp 2 Bior3.1 A3,PPG,486|486.0.1 / Exp 2 Bior3.1 A3,FF-NN,dl,"75 nodes, prob. 1 hidden layer, pure 0/1 classification",30,everyday activities,Microsoft Band 2,8 Hz,one channel (green),over 120 min,over 120 min,0,0,1,0,0,0,0,0,wrist,low (one day),3s,?,train/test not specified,10 patients 20 non-patients?,,29.70%,,,"time-domain statistical features from wavelet-decomposed signal into 3 sub-bands (Variance, Mean energy, Minimum energy, Maximum energy, Mean, Minimum amplitude, Standard deviation (STD), Maximum amplitude, Range, Peak-to-peak, Root‑mean‑square (RMS), Peak magnitude to RMS ratio) from each detail (D1–D3) and approximation (A1–A3)",handcrafted,low,no,"biorthogonal wavelet decomposition (approximation of coefficient sub-band 3, Bior 3.1)",Continuous HRV data were split into 3-second windows,window,No explicit normalization (implicit via wavelet),no,yes,,29.7,converted EER,70.3,0.703,,0.703,0.861624753007965,included,,included; accuracy missing and EER is a valid percentage,,,no reported uncertainty,,,,0,,,0,0,No parenthesized uncertainty was reported in the selected accuracy/EER field.
486_486-0-1-Exp-2-Bior3-3-D1,660,486,486.0.1 / Exp 2 Bior3.3 D1,PPG,486|486.0.1 / Exp 2 Bior3.3 D1,FF-NN,dl,"75 nodes, prob. 1 hidden layer, pure 0/1 classification",30,everyday activities,Microsoft Band 2,8 Hz,one channel (green),over 120 min,over 120 min,0,0,1,0,0,0,0,0,wrist,low (one day),3s,?,train/test not specified,10 patients 20 non-patients?,,31.10%,,,"time-domain statistical features from wavelet-decomposed signal into 3 sub-bands (Variance, Mean energy, Minimum energy, Maximum energy, Mean, Minimum amplitude, Standard deviation (STD), Maximum amplitude, Range, Peak-to-peak, Root‑mean‑square (RMS), Peak magnitude to RMS ratio) from each detail (D1–D3) and approximation (A1–A3)",handcrafted,low,no,"biorthogonal wavelet decomposition (detail of coefficient sub-band 1, Bior 3.3)",Continuous HRV data were split into 3-second windows,window,No explicit normalization (implicit via wavelet),no,yes,,31.1,converted EER,68.9,0.6890000000000001,,0.6890000000000001,0.7954483588344248,included,,included; accuracy missing and EER is a valid percentage,,,no reported uncertainty,,,,0,,,0,0,No parenthesized uncertainty was reported in the selected accuracy/EER field.
486_486-0-1-Exp-2-Bior3-3-A1,661,486,486.0.1 / Exp 2 Bior3.3 A1,PPG,486|486.0.1 / Exp 2 Bior3.3 A1,FF-NN,dl,"75 nodes, prob. 1 hidden layer, pure 0/1 classification",30,everyday activities,Microsoft Band 2,8 Hz,one channel (green),over 120 min,over 120 min,0,0,1,0,0,0,0,0,wrist,low (one day),3s,?,train/test not specified,10 patients 20 non-patients?,,33.64%,,,"time-domain statistical features from wavelet-decomposed signal into 3 sub-bands (Variance, Mean energy, Minimum energy, Maximum energy, Mean, Minimum amplitude, Standard deviation (STD), Maximum amplitude, Range, Peak-to-peak, Root‑mean‑square (RMS), Peak magnitude to RMS ratio) from each detail (D1–D3) and approximation (A1–A3)",handcrafted,low,no,"biorthogonal wavelet decomposition (approximation of coefficient sub-band 1, Bior 3.3)",Continuous HRV data were split into 3-second windows,window,No explicit normalization (implicit via wavelet),no,yes,,33.64,converted EER,66.36,0.6636,,0.6636,0.6793786302174963,included,,included; accuracy missing and EER is a valid percentage,,,no reported uncertainty,,,,0,,,0,0,No parenthesized uncertainty was reported in the selected accuracy/EER field.
486_486-0-1-Exp-2-Bior3-3-D2,662,486,486.0.1 / Exp 2 Bior3.3 D2,PPG,486|486.0.1 / Exp 2 Bior3.3 D2,FF-NN,dl,"75 nodes, prob. 1 hidden layer, pure 0/1 classification",30,everyday activities,Microsoft Band 2,8 Hz,one channel (green),over 120 min,over 120 min,0,0,1,0,0,0,0,0,wrist,low (one day),3s,?,train/test not specified,10 patients 20 non-patients?,,33.74%,,,"time-domain statistical features from wavelet-decomposed signal into 3 sub-bands (Variance, Mean energy, Minimum energy, Maximum energy, Mean, Minimum amplitude, Standard deviation (STD), Maximum amplitude, Range, Peak-to-peak, Root‑mean‑square (RMS), Peak magnitude to RMS ratio) from each detail (D1–D3) and approximation (A1–A3)",handcrafted,low,no,"biorthogonal wavelet decomposition (detail of coefficient sub-band 2, Bior 3.3)",Continuous HRV data were split into 3-second windows,window,No explicit normalization (implicit via wavelet),no,yes,,33.74,converted EER,66.25999999999999,0.6625999999999999,,0.6625999999999999,0.6749023197539269,included,,included; accuracy missing and EER is a valid percentage,,,no reported uncertainty,,,,0,,,0,0,No parenthesized uncertainty was reported in the selected accuracy/EER field.
486_486-0-1-Exp-2-Bior3-3-A2,663,486,486.0.1 / Exp 2 Bior3.3 A2,PPG,486|486.0.1 / Exp 2 Bior3.3 A2,FF-NN,dl,"75 nodes, prob. 1 hidden layer, pure 0/1 classification",30,everyday activities,Microsoft Band 2,8 Hz,one channel (green),over 120 min,over 120 min,0,0,1,0,0,0,0,0,wrist,low (one day),3s,?,train/test not specified,10 patients 20 non-patients?,,32.18%,,,"time-domain statistical features from wavelet-decomposed signal into 3 sub-bands (Variance, Mean energy, Minimum energy, Maximum energy, Mean, Minimum amplitude, Standard deviation (STD), Maximum amplitude, Range, Peak-to-peak, Root‑mean‑square (RMS), Peak magnitude to RMS ratio) from each detail (D1–D3) and approximation (A1–A3)",handcrafted,low,no,"biorthogonal wavelet decomposition (approximation of coefficient sub-band 2, Bior 3.3)",Continuous HRV data were split into 3-second windows,window,No explicit normalization (implicit via wavelet),no,yes,,32.18,converted EER,67.82,0.6781999999999999,,0.6781999999999999,0.7455119951332551,included,,included; accuracy missing and EER is a valid percentage,,,no reported uncertainty,,,,0,,,0,0,No parenthesized uncertainty was reported in the selected accuracy/EER field.
486_486-0-1-Exp-2-Bior3-3-D3,664,486,486.0.1 / Exp 2 Bior3.3 D3,PPG,486|486.0.1 / Exp 2 Bior3.3 D3,FF-NN,dl,"75 nodes, prob. 1 hidden layer, pure 0/1 classification",30,everyday activities,Microsoft Band 2,8 Hz,one channel (green),over 120 min,over 120 min,0,0,1,0,0,0,0,0,wrist,low (one day),3s,?,train/test not specified,10 patients 20 non-patients?,,32.82%,,,"time-domain statistical features from wavelet-decomposed signal into 3 sub-bands (Variance, Mean energy, Minimum energy, Maximum energy, Mean, Minimum amplitude, Standard deviation (STD), Maximum amplitude, Range, Peak-to-peak, Root‑mean‑square (RMS), Peak magnitude to RMS ratio) from each detail (D1–D3) and approximation (A1–A3)",handcrafted,low,no,"biorthogonal wavelet decomposition (detail of coefficient sub-band 3, Bior 3.3)",Continuous HRV data were split into 3-second windows,window,No explicit normalization (implicit via wavelet),no,yes,,32.82,converted EER,67.18,0.6718000000000001,,0.6718000000000001,0.7163374985222022,included,,included; accuracy missing and EER is a valid percentage,,,no reported uncertainty,,,,0,,,0,0,No parenthesized uncertainty was reported in the selected accuracy/EER field.
486_486-0-1-Exp-2-Bior3-3-A3,665,486,486.0.1 / Exp 2 Bior3.3 A3,PPG,486|486.0.1 / Exp 2 Bior3.3 A3,FF-NN,dl,"75 nodes, prob. 1 hidden layer, pure 0/1 classification",30,everyday activities,Microsoft Band 2,8 Hz,one channel (green),over 120 min,over 120 min,0,0,1,0,0,0,0,0,wrist,low (one day),3s,?,train/test not specified,10 patients 20 non-patients?,,31.90%,,,"time-domain statistical features from wavelet-decomposed signal into 3 sub-bands (Variance, Mean energy, Minimum energy, Maximum energy, Mean, Minimum amplitude, Standard deviation (STD), Maximum amplitude, Range, Peak-to-peak, Root‑mean‑square (RMS), Peak magnitude to RMS ratio) from each detail (D1–D3) and approximation (A1–A3)",handcrafted,low,no,"biorthogonal wavelet decomposition (approximation of coefficient sub-band 3, Bior 3.3)",Continuous HRV data were split into 3-second windows,window,No explicit normalization (implicit via wavelet),no,yes,,31.9,converted EER,68.1,0.6809999999999999,,0.6809999999999999,0.7583712033646676,included,,included; accuracy missing and EER is a valid percentage,,,no reported uncertainty,,,,0,,,0,0,No parenthesized uncertainty was reported in the selected accuracy/EER field.
486_486-0-1-Exp-2-Bior3-5-D1,666,486,486.0.1 / Exp 2 Bior3.5 D1,PPG,486|486.0.1 / Exp 2 Bior3.5 D1,FF-NN,dl,"75 nodes, prob. 1 hidden layer, pure 0/1 classification",30,everyday activities,Microsoft Band 2,8 Hz,one channel (green),over 120 min,over 120 min,0,0,1,0,0,0,0,0,wrist,low (one day),3s,?,train/test not specified,10 patients 20 non-patients?,,32.65%,,,"time-domain statistical features from wavelet-decomposed signal into 3 sub-bands (Variance, Mean energy, Minimum energy, Maximum energy, Mean, Minimum amplitude, Standard deviation (STD), Maximum amplitude, Range, Peak-to-peak, Root‑mean‑square (RMS), Peak magnitude to RMS ratio) from each detail (D1–D3) and approximation (A1–A3)",handcrafted,low,no,"biorthogonal wavelet decomposition (detail of coefficient sub-band 1, Bior 3.5)",Continuous HRV data were split into 3-second windows,window,No explicit normalization (implicit via wavelet),no,yes,,32.65,converted EER,67.35,0.6735,,0.6735,0.7240580471339328,included,,included; accuracy missing and EER is a valid percentage,,,no reported uncertainty,,,,0,,,0,0,No parenthesized uncertainty was reported in the selected accuracy/EER field.
486_486-0-1-Exp-2-Bior3-5-A1,667,486,486.0.1 / Exp 2 Bior3.5 A1,PPG,486|486.0.1 / Exp 2 Bior3.5 A1,FF-NN,dl,"75 nodes, prob. 1 hidden layer, pure 0/1 classification",30,everyday activities,Microsoft Band 2,8 Hz,one channel (green),over 120 min,over 120 min,0,0,1,0,0,0,0,0,wrist,low (one day),3s,?,train/test not specified,10 patients 20 non-patients?,,31.40%,,,"time-domain statistical features from wavelet-decomposed signal into 3 sub-bands (Variance, Mean energy, Minimum energy, Maximum energy, Mean, Minimum amplitude, Standard deviation (STD), Maximum amplitude, Range, Peak-to-peak, Root‑mean‑square (RMS), Peak magnitude to RMS ratio) from each detail (D1–D3) and approximation (A1–A3)",handcrafted,low,no,"biorthogonal wavelet decomposition (approximation of coefficient sub-band 1, Bior 3.5)",Continuous HRV data were split into 3-second windows,window,No explicit normalization (implicit via wavelet),no,yes,,31.4,converted EER,68.6,0.6859999999999999,,0.6859999999999999,0.7814846418176316,included,,included; accuracy missing and EER is a valid percentage,,,no reported uncertainty,,,,0,,,0,0,No parenthesized uncertainty was reported in the selected accuracy/EER field.
486_486-0-1-Exp-2-Bior3-5-D2,668,486,486.0.1 / Exp 2 Bior3.5 D2,PPG,486|486.0.1 / Exp 2 Bior3.5 D2,FF-NN,dl,"75 nodes, prob. 1 hidden layer, pure 0/1 classification",30,everyday activities,Microsoft Band 2,8 Hz,one channel (green),over 120 min,over 120 min,0,0,1,0,0,0,0,0,wrist,low (one day),3s,?,train/test not specified,10 patients 20 non-patients?,,34.44%,,,"time-domain statistical features from wavelet-decomposed signal into 3 sub-bands (Variance, Mean energy, Minimum energy, Maximum energy, Mean, Minimum amplitude, Standard deviation (STD), Maximum amplitude, Range, Peak-to-peak, Root‑mean‑square (RMS), Peak magnitude to RMS ratio) from each detail (D1–D3) and approximation (A1–A3)",handcrafted,low,no,"biorthogonal wavelet decomposition (detail of coefficient sub-band 2, Bior 3.5)",Continuous HRV data were split into 3-second windows,window,No explicit normalization (implicit via wavelet),no,yes,,34.44,converted EER,65.56,0.6556000000000001,,0.6556000000000001,0.6437470743160992,included,,included; accuracy missing and EER is a valid percentage,,,no reported uncertainty,,,,0,,,0,0,No parenthesized uncertainty was reported in the selected accuracy/EER field.
486_486-0-1-Exp-2-Bior3-5-A2,669,486,486.0.1 / Exp 2 Bior3.5 A2,PPG,486|486.0.1 / Exp 2 Bior3.5 A2,FF-NN,dl,"75 nodes, prob. 1 hidden layer, pure 0/1 classification",30,everyday activities,Microsoft Band 2,8 Hz,one channel (green),over 120 min,over 120 min,0,0,1,0,0,0,0,0,wrist,low (one day),3s,?,train/test not specified,10 patients 20 non-patients?,,31.63%,,,"time-domain statistical features from wavelet-decomposed signal into 3 sub-bands (Variance, Mean energy, Minimum energy, Maximum energy, Mean, Minimum amplitude, Standard deviation (STD), Maximum amplitude, Range, Peak-to-peak, Root‑mean‑square (RMS), Peak magnitude to RMS ratio) from each detail (D1–D3) and approximation (A1–A3)",handcrafted,low,no,"biorthogonal wavelet decomposition (approximation of coefficient sub-band 2, Bior 3.5)",Continuous HRV data were split into 3-second windows,window,No explicit normalization (implicit via wavelet),no,yes,,31.63,converted EER,68.37,0.6837000000000001,,0.6837000000000001,0.7708280946081455,included,,included; accuracy missing and EER is a valid percentage,,,no reported uncertainty,,,,0,,,0,0,No parenthesized uncertainty was reported in the selected accuracy/EER field.
486_486-0-1-Exp-2-Bior3-5-D3,670,486,486.0.1 / Exp 2 Bior3.5 D3,PPG,486|486.0.1 / Exp 2 Bior3.5 D3,FF-NN,dl,"75 nodes, prob. 1 hidden layer, pure 0/1 classification",30,everyday activities,Microsoft Band 2,8 Hz,one channel (green),over 120 min,over 120 min,0,0,1,0,0,0,0,0,wrist,low (one day),3s,?,train/test not specified,10 patients 20 non-patients?,,31.11%,,,"time-domain statistical features from wavelet-decomposed signal into 3 sub-bands (Variance, Mean energy, Minimum energy, Maximum energy, Mean, Minimum amplitude, Standard deviation (STD), Maximum amplitude, Range, Peak-to-peak, Root‑mean‑square (RMS), Peak magnitude to RMS ratio) from each detail (D1–D3) and approximation (A1–A3)",handcrafted,low,no,"biorthogonal wavelet decomposition (detail of coefficient sub-band 3, Bior 3.5)",Continuous HRV data were split into 3-second windows,window,No explicit normalization (implicit via wavelet),no,yes,,31.11,converted EER,68.89,0.6889,,0.6889,0.7949817186955587,included,,included; accuracy missing and EER is a valid percentage,,,no reported uncertainty,,,,0,,,0,0,No parenthesized uncertainty was reported in the selected accuracy/EER field.
486_486-0-1-Exp-2-Bior3-5-A3,671,486,486.0.1 / Exp 2 Bior3.5 A3,PPG,486|486.0.1 / Exp 2 Bior3.5 A3,FF-NN,dl,"75 nodes, prob. 1 hidden layer, pure 0/1 classification",30,everyday activities,Microsoft Band 2,8 Hz,one channel (green),over 120 min,over 120 min,0,0,1,0,0,0,0,0,wrist,low (one day),3s,?,train/test not specified,10 patients 20 non-patients?,,34.32%,,,"time-domain statistical features from wavelet-decomposed signal into 3 sub-bands (Variance, Mean energy, Minimum energy, Maximum energy, Mean, Minimum amplitude, Standard deviation (STD), Maximum amplitude, Range, Peak-to-peak, Root‑mean‑square (RMS), Peak magnitude to RMS ratio) from each detail (D1–D3) and approximation (A1–A3)",handcrafted,low,no,"biorthogonal wavelet decomposition (approximation of coefficient sub-band 3, Bior 3.5)",Continuous HRV data were split into 3-second windows,window,No explicit normalization (implicit via wavelet),no,yes,,34.32,converted EER,65.68,0.6568,,0.6568,0.6490661905244114,included,,included; accuracy missing and EER is a valid percentage,,,no reported uncertainty,,,,0,,,0,0,No parenthesized uncertainty was reported in the selected accuracy/EER field.
486_486-0-1-Exp-2-Bior3-7-D1,672,486,486.0.1 / Exp 2 Bior3.7 D1,PPG,486|486.0.1 / Exp 2 Bior3.7 D1,FF-NN,dl,"75 nodes, prob. 1 hidden layer, pure 0/1 classification",30,everyday activities,Microsoft Band 2,8 Hz,one channel (green),over 120 min,over 120 min,0,0,1,0,0,0,0,0,wrist,low (one day),3s,?,train/test not specified,10 patients 20 non-patients?,,32.73%,,,"time-domain statistical features from wavelet-decomposed signal into 3 sub-bands (Variance, Mean energy, Minimum energy, Maximum energy, Mean, Minimum amplitude, Standard deviation (STD), Maximum amplitude, Range, Peak-to-peak, Root‑mean‑square (RMS), Peak magnitude to RMS ratio) from each detail (D1–D3) and approximation (A1–A3)",handcrafted,low,no,"biorthogonal wavelet decomposition (detail of coefficient sub-band 1, Bior 3.7)",Continuous HRV data were split into 3-second windows,window,No explicit normalization (implicit via wavelet),no,yes,,32.73,converted EER,67.27000000000001,0.6727000000000001,,0.6727000000000001,0.7204222835244256,included,,included; accuracy missing and EER is a valid percentage,,,no reported uncertainty,,,,0,,,0,0,No parenthesized uncertainty was reported in the selected accuracy/EER field.
486_486-0-1-Exp-2-Bior3-7-A1,673,486,486.0.1 / Exp 2 Bior3.7 A1,PPG,486|486.0.1 / Exp 2 Bior3.7 A1,FF-NN,dl,"75 nodes, prob. 1 hidden layer, pure 0/1 classification",30,everyday activities,Microsoft Band 2,8 Hz,one channel (green),over 120 min,over 120 min,0,0,1,0,0,0,0,0,wrist,low (one day),3s,?,train/test not specified,10 patients 20 non-patients?,,32.90%,,,"time-domain statistical features from wavelet-decomposed signal into 3 sub-bands (Variance, Mean energy, Minimum energy, Maximum energy, Mean, Minimum amplitude, Standard deviation (STD), Maximum amplitude, Range, Peak-to-peak, Root‑mean‑square (RMS), Peak magnitude to RMS ratio) from each detail (D1–D3) and approximation (A1–A3)",handcrafted,low,no,"biorthogonal wavelet decomposition (approximation of coefficient sub-band 1, Bior 3.7)",Continuous HRV data were split into 3-second windows,window,No explicit normalization (implicit via wavelet),no,yes,,32.9,converted EER,67.1,0.6709999999999999,,0.6709999999999999,0.7127113862063096,included,,included; accuracy missing and EER is a valid percentage,,,no reported uncertainty,,,,0,,,0,0,No parenthesized uncertainty was reported in the selected accuracy/EER field.
486_486-0-1-Exp-2-Bior3-7-D2,674,486,486.0.1 / Exp 2 Bior3.7 D2,PPG,486|486.0.1 / Exp 2 Bior3.7 D2,FF-NN,dl,"75 nodes, prob. 1 hidden layer, pure 0/1 classification",30,everyday activities,Microsoft Band 2,8 Hz,one channel (green),over 120 min,over 120 min,0,0,1,0,0,0,0,0,wrist,low (one day),3s,?,train/test not specified,10 patients 20 non-patients?,,30.08%,,,"time-domain statistical features from wavelet-decomposed signal into 3 sub-bands (Variance, Mean energy, Minimum energy, Maximum energy, Mean, Minimum amplitude, Standard deviation (STD), Maximum amplitude, Range, Peak-to-peak, Root‑mean‑square (RMS), Peak magnitude to RMS ratio) from each detail (D1–D3) and approximation (A1–A3)",handcrafted,low,no,"biorthogonal wavelet decomposition (detail of coefficient sub-band 2, Bior 3.7)",Continuous HRV data were split into 3-second windows,window,No explicit normalization (implicit via wavelet),no,yes,,30.08,converted EER,69.92,0.6992,,0.6992,0.843491232265641,included,,included; accuracy missing and EER is a valid percentage,,,no reported uncertainty,,,,0,,,0,0,No parenthesized uncertainty was reported in the selected accuracy/EER field.
486_486-0-1-Exp-2-Bior3-7-A2,675,486,486.0.1 / Exp 2 Bior3.7 A2,PPG,486|486.0.1 / Exp 2 Bior3.7 A2,FF-NN,dl,"75 nodes, prob. 1 hidden layer, pure 0/1 classification",30,everyday activities,Microsoft Band 2,8 Hz,one channel (green),over 120 min,over 120 min,0,0,1,0,0,0,0,0,wrist,low (one day),3s,?,train/test not specified,10 patients 20 non-patients?,,33.67%,,,"time-domain statistical features from wavelet-decomposed signal into 3 sub-bands (Variance, Mean energy, Minimum energy, Maximum energy, Mean, Minimum amplitude, Standard deviation (STD), Maximum amplitude, Range, Peak-to-peak, Root‑mean‑square (RMS), Peak magnitude to RMS ratio) from each detail (D1–D3) and approximation (A1–A3)",handcrafted,low,no,"biorthogonal wavelet decomposition (approximation of coefficient sub-band 2, Bior 3.7)",Continuous HRV data were split into 3-second windows,window,No explicit normalization (implicit via wavelet),no,yes,,33.67,converted EER,66.33,0.6633,,0.6633,0.6780350503644815,included,,included; accuracy missing and EER is a valid percentage,,,no reported uncertainty,,,,0,,,0,0,No parenthesized uncertainty was reported in the selected accuracy/EER field.
486_486-0-1-Exp-2-Bior3-7-D3,676,486,486.0.1 / Exp 2 Bior3.7 D3,PPG,486|486.0.1 / Exp 2 Bior3.7 D3,FF-NN,dl,"75 nodes, prob. 1 hidden layer, pure 0/1 classification",30,everyday activities,Microsoft Band 2,8 Hz,one channel (green),over 120 min,over 120 min,0,0,1,0,0,0,0,0,wrist,low (one day),3s,?,train/test not specified,10 patients 20 non-patients?,,28.52%,,,"time-domain statistical features from wavelet-decomposed signal into 3 sub-bands (Variance, Mean energy, Minimum energy, Maximum energy, Mean, Minimum amplitude, Standard deviation (STD), Maximum amplitude, Range, Peak-to-peak, Root‑mean‑square (RMS), Peak magnitude to RMS ratio) from each detail (D1–D3) and approximation (A1–A3)",handcrafted,low,no,"biorthogonal wavelet decomposition (detail of coefficient sub-band 3, Bior 3.7)",Continuous HRV data were split into 3-second windows,window,No explicit normalization (implicit via wavelet),no,yes,,28.52,converted EER,71.48,0.7148,,0.7148,0.9188120947451321,included,,included; accuracy missing and EER is a valid percentage,,,no reported uncertainty,,,,0,,,0,0,No parenthesized uncertainty was reported in the selected accuracy/EER field.
486_486-0-1-Exp-2-Bior3-7-A3,677,486,486.0.1 / Exp 2 Bior3.7 A3,PPG,486|486.0.1 / Exp 2 Bior3.7 A3,FF-NN,dl,"75 nodes, prob. 1 hidden layer, pure 0/1 classification",30,everyday activities,Microsoft Band 2,8 Hz,one channel (green),over 120 min,over 120 min,0,0,1,0,0,0,0,0,wrist,low (one day),3s,?,train/test not specified,10 patients 20 non-patients?,,28.95%,,,"time-domain statistical features from wavelet-decomposed signal into 3 sub-bands (Variance, Mean energy, Minimum energy, Maximum energy, Mean, Minimum amplitude, Standard deviation (STD), Maximum amplitude, Range, Peak-to-peak, Root‑mean‑square (RMS), Peak magnitude to RMS ratio) from each detail (D1–D3) and approximation (A1–A3)",handcrafted,low,no,"biorthogonal wavelet decomposition (approximation of coefficient sub-band 3, Bior 3.7)",Continuous HRV data were split into 3-second windows,window,No explicit normalization (implicit via wavelet),no,yes,,28.95,converted EER,71.05,0.7105,,0.7105,0.8978136505241056,included,,included; accuracy missing and EER is a valid percentage,,,no reported uncertainty,,,,0,,,0,0,No parenthesized uncertainty was reported in the selected accuracy/EER field.
486_486-0-1-Exp-2-Bior3-9-D1,678,486,486.0.1 / Exp 2 Bior3.9 D1,PPG,486|486.0.1 / Exp 2 Bior3.9 D1,FF-NN,dl,"75 nodes, prob. 1 hidden layer, pure 0/1 classification",30,everyday activities,Microsoft Band 2,8 Hz,one channel (green),over 120 min,over 120 min,0,0,1,0,0,0,0,0,wrist,low (one day),3s,?,train/test not specified,10 patients 20 non-patients?,,33.41%,,,"time-domain statistical features from wavelet-decomposed signal into 3 sub-bands (Variance, Mean energy, Minimum energy, Maximum energy, Mean, Minimum amplitude, Standard deviation (STD), Maximum amplitude, Range, Peak-to-peak, Root‑mean‑square (RMS), Peak magnitude to RMS ratio) from each detail (D1–D3) and approximation (A1–A3)",handcrafted,low,no,"biorthogonal wavelet decomposition (detail of coefficient sub-band 1, Bior 3.9)",Continuous HRV data were split into 3-second windows,window,No explicit normalization (implicit via wavelet),no,yes,,33.41,converted EER,66.59,0.6659,,0.6659,0.6896991597538661,included,,included; accuracy missing and EER is a valid percentage,,,no reported uncertainty,,,,0,,,0,0,No parenthesized uncertainty was reported in the selected accuracy/EER field.
486_486-0-1-Exp-2-Bior3-9-A1,679,486,486.0.1 / Exp 2 Bior3.9 A1,PPG,486|486.0.1 / Exp 2 Bior3.9 A1,FF-NN,dl,"75 nodes, prob. 1 hidden layer, pure 0/1 classification",30,everyday activities,Microsoft Band 2,8 Hz,one channel (green),over 120 min,over 120 min,0,0,1,0,0,0,0,0,wrist,low (one day),3s,?,train/test not specified,10 patients 20 non-patients?,,29.99%,,,"time-domain statistical features from wavelet-decomposed signal into 3 sub-bands (Variance, Mean energy, Minimum energy, Maximum energy, Mean, Minimum amplitude, Standard deviation (STD), Maximum amplitude, Range, Peak-to-peak, Root‑mean‑square (RMS), Peak magnitude to RMS ratio) from each detail (D1–D3) and approximation (A1–A3)",handcrafted,low,no,"biorthogonal wavelet decomposition (approximation of coefficient sub-band 1, Bior 3.9)",Continuous HRV data were split into 3-second windows,window,No explicit normalization (implicit via wavelet),no,yes,,29.99,converted EER,70.01,0.7001000000000001,,0.7001000000000001,0.8477740962281887,included,,included; accuracy missing and EER is a valid percentage,,,no reported uncertainty,,,,0,,,0,0,No parenthesized uncertainty was reported in the selected accuracy/EER field.
486_486-0-1-Exp-2-Bior3-9-D2,680,486,486.0.1 / Exp 2 Bior3.9 D2,PPG,486|486.0.1 / Exp 2 Bior3.9 D2,FF-NN,dl,"75 nodes, prob. 1 hidden layer, pure 0/1 classification",30,everyday activities,Microsoft Band 2,8 Hz,one channel (green),over 120 min,over 120 min,0,0,1,0,0,0,0,0,wrist,low (one day),3s,?,train/test not specified,10 patients 20 non-patients?,,33.10%,,,"time-domain statistical features from wavelet-decomposed signal into 3 sub-bands (Variance, Mean energy, Minimum energy, Maximum energy, Mean, Minimum amplitude, Standard deviation (STD), Maximum amplitude, Range, Peak-to-peak, Root‑mean‑square (RMS), Peak magnitude to RMS ratio) from each detail (D1–D3) and approximation (A1–A3)",handcrafted,low,no,"biorthogonal wavelet decomposition (detail of coefficient sub-band 2, Bior 3.9)",Continuous HRV data were split into 3-second windows,window,No explicit normalization (implicit via wavelet),no,yes,,33.1,converted EER,66.9,0.669,,0.669,0.7036656847511656,included,,included; accuracy missing and EER is a valid percentage,,,no reported uncertainty,,,,0,,,0,0,No parenthesized uncertainty was reported in the selected accuracy/EER field.
486_486-0-1-Exp-2-Bior3-9-A2,681,486,486.0.1 / Exp 2 Bior3.9 A2,PPG,486|486.0.1 / Exp 2 Bior3.9 A2,FF-NN,dl,"75 nodes, prob. 1 hidden layer, pure 0/1 classification",30,everyday activities,Microsoft Band 2,8 Hz,one channel (green),over 120 min,over 120 min,0,0,1,0,0,0,0,0,wrist,low (one day),3s,?,train/test not specified,10 patients 20 non-patients?,,31.81%,,,"time-domain statistical features from wavelet-decomposed signal into 3 sub-bands (Variance, Mean energy, Minimum energy, Maximum energy, Mean, Minimum amplitude, Standard deviation (STD), Maximum amplitude, Range, Peak-to-peak, Root‑mean‑square (RMS), Peak magnitude to RMS ratio) from each detail (D1–D3) and approximation (A1–A3)",handcrafted,low,no,"biorthogonal wavelet decomposition (approximation of coefficient sub-band 2, Bior 3.9)",Continuous HRV data were split into 3-second windows,window,No explicit normalization (implicit via wavelet),no,yes,,31.81,converted EER,68.19,0.6819,,0.6819,0.7625172207715085,included,,included; accuracy missing and EER is a valid percentage,,,no reported uncertainty,,,,0,,,0,0,No parenthesized uncertainty was reported in the selected accuracy/EER field.
486_486-0-1-Exp-2-Bior3-9-D3,682,486,486.0.1 / Exp 2 Bior3.9 D3,PPG,486|486.0.1 / Exp 2 Bior3.9 D3,FF-NN,dl,"75 nodes, prob. 1 hidden layer, pure 0/1 classification",30,everyday activities,Microsoft Band 2,8 Hz,one channel (green),over 120 min,over 120 min,0,0,1,0,0,0,0,0,wrist,low (one day),3s,?,train/test not specified,10 patients 20 non-patients?,,28.50%,,,"time-domain statistical features from wavelet-decomposed signal into 3 sub-bands (Variance, Mean energy, Minimum energy, Maximum energy, Mean, Minimum amplitude, Standard deviation (STD), Maximum amplitude, Range, Peak-to-peak, Root‑mean‑square (RMS), Peak magnitude to RMS ratio) from each detail (D1–D3) and approximation (A1–A3)",handcrafted,low,no,"biorthogonal wavelet decomposition (detail of coefficient sub-band 3, Bior 3.9)",Continuous HRV data were split into 3-second windows,window,No explicit normalization (implicit via wavelet),no,yes,,28.5,converted EER,71.5,0.715,,0.715,0.919793362425357,included,,included; accuracy missing and EER is a valid percentage,,,no reported uncertainty,,,,0,,,0,0,No parenthesized uncertainty was reported in the selected accuracy/EER field.
486_486-0-1-Exp-2-Bior3-9-A3,683,486,486.0.1 / Exp 2 Bior3.9 A3,PPG,486|486.0.1 / Exp 2 Bior3.9 A3,FF-NN,dl,"75 nodes, prob. 1 hidden layer, pure 0/1 classification",30,everyday activities,Microsoft Band 2,8 Hz,one channel (green),over 120 min,over 120 min,0,0,1,0,0,0,0,0,wrist,low (one day),3s,?,train/test not specified,10 patients 20 non-patients?,,30.67%,,,"time-domain statistical features from wavelet-decomposed signal into 3 sub-bands (Variance, Mean energy, Minimum energy, Maximum energy, Mean, Minimum amplitude, Standard deviation (STD), Maximum amplitude, Range, Peak-to-peak, Root‑mean‑square (RMS), Peak magnitude to RMS ratio) from each detail (D1–D3) and approximation (A1–A3)",handcrafted,low,no,"biorthogonal wavelet decomposition (approximation of coefficient sub-band 3, Bior 3.9)",Continuous HRV data were split into 3-second windows,window,No explicit normalization (implicit via wavelet),no,yes,,30.67,converted EER,69.33,0.6933,,0.6933,0.815592734828239,included,,included; accuracy missing and EER is a valid percentage,,,no reported uncertainty,,,,0,,,0,0,No parenthesized uncertainty was reported in the selected accuracy/EER field.
486_486-0-1-Exp-2-Bior4-4-D1,684,486,486.0.1 / Exp 2 Bior4.4 D1,PPG,486|486.0.1 / Exp 2 Bior4.4 D1,FF-NN,dl,"75 nodes, prob. 1 hidden layer, pure 0/1 classification",30,everyday activities,Microsoft Band 2,8 Hz,one channel (green),over 120 min,over 120 min,0,0,1,0,0,0,0,0,wrist,low (one day),3s,?,train/test not specified,10 patients 20 non-patients?,,31.85%,,,"time-domain statistical features from wavelet-decomposed signal into 3 sub-bands (Variance, Mean energy, Minimum energy, Maximum energy, Mean, Minimum amplitude, Standard deviation (STD), Maximum amplitude, Range, Peak-to-peak, Root‑mean‑square (RMS), Peak magnitude to RMS ratio) from each detail (D1–D3) and approximation (A1–A3)",handcrafted,low,no,"biorthogonal wavelet decomposition (detail of coefficient sub-band 1, Bior 4.4)",Continuous HRV data were split into 3-second windows,window,No explicit normalization (implicit via wavelet),no,yes,,31.85,converted EER,68.15,0.6815000000000001,,0.6815000000000001,0.7606737761243697,included,,included; accuracy missing and EER is a valid percentage,,,no reported uncertainty,,,,0,,,0,0,No parenthesized uncertainty was reported in the selected accuracy/EER field.
486_486-0-1-Exp-2-Bior4-4-A1,685,486,486.0.1 / Exp 2 Bior4.4 A1,PPG,486|486.0.1 / Exp 2 Bior4.4 A1,FF-NN,dl,"75 nodes, prob. 1 hidden layer, pure 0/1 classification",30,everyday activities,Microsoft Band 2,8 Hz,one channel (green),over 120 min,over 120 min,0,0,1,0,0,0,0,0,wrist,low (one day),3s,?,train/test not specified,10 patients 20 non-patients?,,29.03%,,,"time-domain statistical features from wavelet-decomposed signal into 3 sub-bands (Variance, Mean energy, Minimum energy, Maximum energy, Mean, Minimum amplitude, Standard deviation (STD), Maximum amplitude, Range, Peak-to-peak, Root‑mean‑square (RMS), Peak magnitude to RMS ratio) from each detail (D1–D3) and approximation (A1–A3)",handcrafted,low,no,"biorthogonal wavelet decomposition (approximation of coefficient sub-band 1, Bior 4.4)",Continuous HRV data were split into 3-second windows,window,No explicit normalization (implicit via wavelet),no,yes,,29.03,converted EER,70.97,0.7097,,0.7097,0.8939274745003531,included,,included; accuracy missing and EER is a valid percentage,,,no reported uncertainty,,,,0,,,0,0,No parenthesized uncertainty was reported in the selected accuracy/EER field.
486_486-0-1-Exp-2-Bior4-4-D2,686,486,486.0.1 / Exp 2 Bior4.4 D2,PPG,486|486.0.1 / Exp 2 Bior4.4 D2,FF-NN,dl,"75 nodes, prob. 1 hidden layer, pure 0/1 classification",30,everyday activities,Microsoft Band 2,8 Hz,one channel (green),over 120 min,over 120 min,0,0,1,0,0,0,0,0,wrist,low (one day),3s,?,train/test not specified,10 patients 20 non-patients?,,37.57%,,,"time-domain statistical features from wavelet-decomposed signal into 3 sub-bands (Variance, Mean energy, Minimum energy, Maximum energy, Mean, Minimum amplitude, Standard deviation (STD), Maximum amplitude, Range, Peak-to-peak, Root‑mean‑square (RMS), Peak magnitude to RMS ratio) from each detail (D1–D3) and approximation (A1–A3)",handcrafted,low,no,"biorthogonal wavelet decomposition (detail of coefficient sub-band 2, Bior 4.4)",Continuous HRV data were split into 3-second windows,window,No explicit normalization (implicit via wavelet),no,yes,,37.57,converted EER,62.43,0.6243,,0.6243,0.507840069487775,included,,included; accuracy missing and EER is a valid percentage,,,no reported uncertainty,,,,0,,,0,0,No parenthesized uncertainty was reported in the selected accuracy/EER field.
486_486-0-1-Exp-2-Bior4-4-A2,687,486,486.0.1 / Exp 2 Bior4.4 A2,PPG,486|486.0.1 / Exp 2 Bior4.4 A2,FF-NN,dl,"75 nodes, prob. 1 hidden layer, pure 0/1 classification",30,everyday activities,Microsoft Band 2,8 Hz,one channel (green),over 120 min,over 120 min,0,0,1,0,0,0,0,0,wrist,low (one day),3s,?,train/test not specified,10 patients 20 non-patients?,,34.86%,,,"time-domain statistical features from wavelet-decomposed signal into 3 sub-bands (Variance, Mean energy, Minimum energy, Maximum energy, Mean, Minimum amplitude, Standard deviation (STD), Maximum amplitude, Range, Peak-to-peak, Root‑mean‑square (RMS), Peak magnitude to RMS ratio) from each detail (D1–D3) and approximation (A1–A3)",handcrafted,low,no,"biorthogonal wavelet decomposition (approximation of coefficient sub-band 2, Bior 4.4)",Continuous HRV data were split into 3-second windows,window,No explicit normalization (implicit via wavelet),no,yes,,34.86,converted EER,65.14,0.6514,,0.6514,0.6251987597562125,included,,included; accuracy missing and EER is a valid percentage,,,no reported uncertainty,,,,0,,,0,0,No parenthesized uncertainty was reported in the selected accuracy/EER field.
486_486-0-1-Exp-2-Bior4-4-D3,688,486,486.0.1 / Exp 2 Bior4.4 D3,PPG,486|486.0.1 / Exp 2 Bior4.4 D3,FF-NN,dl,"75 nodes, prob. 1 hidden layer, pure 0/1 classification",30,everyday activities,Microsoft Band 2,8 Hz,one channel (green),over 120 min,over 120 min,0,0,1,0,0,0,0,0,wrist,low (one day),3s,?,train/test not specified,10 patients 20 non-patients?,,36.54%,,,"time-domain statistical features from wavelet-decomposed signal into 3 sub-bands (Variance, Mean energy, Minimum energy, Maximum energy, Mean, Minimum amplitude, Standard deviation (STD), Maximum amplitude, Range, Peak-to-peak, Root‑mean‑square (RMS), Peak magnitude to RMS ratio) from each detail (D1–D3) and approximation (A1–A3)",handcrafted,low,no,"biorthogonal wavelet decomposition (detail of coefficient sub-band 3, Bior 4.4)",Continuous HRV data were split into 3-second windows,window,No explicit normalization (implicit via wavelet),no,yes,,36.54,converted EER,63.46,0.6346,,0.6346,0.5520022352051891,included,,included; accuracy missing and EER is a valid percentage,,,no reported uncertainty,,,,0,,,0,0,No parenthesized uncertainty was reported in the selected accuracy/EER field.
486_486-0-1-Exp-2-Bior4-4-A3,689,486,486.0.1 / Exp 2 Bior4.4 A3,PPG,486|486.0.1 / Exp 2 Bior4.4 A3,FF-NN,dl,"75 nodes, prob. 1 hidden layer, pure 0/1 classification",30,everyday activities,Microsoft Band 2,8 Hz,one channel (green),over 120 min,over 120 min,0,0,1,0,0,0,0,0,wrist,low (one day),3s,?,train/test not specified,10 patients 20 non-patients?,,37.16%,,,"time-domain statistical features from wavelet-decomposed signal into 3 sub-bands (Variance, Mean energy, Minimum energy, Maximum energy, Mean, Minimum amplitude, Standard deviation (STD), Maximum amplitude, Range, Peak-to-peak, Root‑mean‑square (RMS), Peak magnitude to RMS ratio) from each detail (D1–D3) and approximation (A1–A3)",handcrafted,low,no,"biorthogonal wavelet decomposition (approximation of coefficient sub-band 3, Bior 4.4)",Continuous HRV data were split into 3-second windows,window,No explicit normalization (implicit via wavelet),no,yes,,37.16,converted EER,62.84,0.6284000000000001,,0.6284000000000001,0.5253588994417829,included,,included; accuracy missing and EER is a valid percentage,,,no reported uncertainty,,,,0,,,0,0,No parenthesized uncertainty was reported in the selected accuracy/EER field.
486_486-0-1-Exp-2-Bior5-5-D1,690,486,486.0.1 / Exp 2 Bior5.5 D1,PPG,486|486.0.1 / Exp 2 Bior5.5 D1,FF-NN,dl,"75 nodes, prob. 1 hidden layer, pure 0/1 classification",30,everyday activities,Microsoft Band 2,8 Hz,one channel (green),over 120 min,over 120 min,0,0,1,0,0,0,0,0,wrist,low (one day),3s,?,train/test not specified,10 patients 20 non-patients?,,31.61%,,,"time-domain statistical features from wavelet-decomposed signal into 3 sub-bands (Variance, Mean energy, Minimum energy, Maximum energy, Mean, Minimum amplitude, Standard deviation (STD), Maximum amplitude, Range, Peak-to-peak, Root‑mean‑square (RMS), Peak magnitude to RMS ratio) from each detail (D1–D3) and approximation (A1–A3)",handcrafted,low,no,"biorthogonal wavelet decomposition (detail of coefficient sub-band 1, Bior 5.5)",Continuous HRV data were split into 3-second windows,window,No explicit normalization (implicit via wavelet),no,yes,,31.61,converted EER,68.39,0.6839,,0.6839,0.7717530888824781,included,,included; accuracy missing and EER is a valid percentage,,,no reported uncertainty,,,,0,,,0,0,No parenthesized uncertainty was reported in the selected accuracy/EER field.
486_486-0-1-Exp-2-Bior5-5-A1,691,486,486.0.1 / Exp 2 Bior5.5 A1,PPG,486|486.0.1 / Exp 2 Bior5.5 A1,FF-NN,dl,"75 nodes, prob. 1 hidden layer, pure 0/1 classification",30,everyday activities,Microsoft Band 2,8 Hz,one channel (green),over 120 min,over 120 min,0,0,1,0,0,0,0,0,wrist,low (one day),3s,?,train/test not specified,10 patients 20 non-patients?,,31.87%,,,"time-domain statistical features from wavelet-decomposed signal into 3 sub-bands (Variance, Mean energy, Minimum energy, Maximum energy, Mean, Minimum amplitude, Standard deviation (STD), Maximum amplitude, Range, Peak-to-peak, Root‑mean‑square (RMS), Peak magnitude to RMS ratio) from each detail (D1–D3) and approximation (A1–A3)",handcrafted,low,no,"biorthogonal wavelet decomposition (approximation of coefficient sub-band 1, Bior 5.5)",Continuous HRV data were split into 3-second windows,window,No explicit normalization (implicit via wavelet),no,yes,,31.87,converted EER,68.13,0.6812999999999999,,0.6812999999999999,0.7597525163563313,included,,included; accuracy missing and EER is a valid percentage,,,no reported uncertainty,,,,0,,,0,0,No parenthesized uncertainty was reported in the selected accuracy/EER field.
486_486-0-1-Exp-2-Bior5-5-D2,692,486,486.0.1 / Exp 2 Bior5.5 D2,PPG,486|486.0.1 / Exp 2 Bior5.5 D2,FF-NN,dl,"75 nodes, prob. 1 hidden layer, pure 0/1 classification",30,everyday activities,Microsoft Band 2,8 Hz,one channel (green),over 120 min,over 120 min,0,0,1,0,0,0,0,0,wrist,low (one day),3s,?,train/test not specified,10 patients 20 non-patients?,,33.67%,,,"time-domain statistical features from wavelet-decomposed signal into 3 sub-bands (Variance, Mean energy, Minimum energy, Maximum energy, Mean, Minimum amplitude, Standard deviation (STD), Maximum amplitude, Range, Peak-to-peak, Root‑mean‑square (RMS), Peak magnitude to RMS ratio) from each detail (D1–D3) and approximation (A1–A3)",handcrafted,low,no,"biorthogonal wavelet decomposition (detail of coefficient sub-band 2, Bior 5.5)",Continuous HRV data were split into 3-second windows,window,No explicit normalization (implicit via wavelet),no,yes,,33.67,converted EER,66.33,0.6633,,0.6633,0.6780350503644815,included,,included; accuracy missing and EER is a valid percentage,,,no reported uncertainty,,,,0,,,0,0,No parenthesized uncertainty was reported in the selected accuracy/EER field.
486_486-0-1-Exp-2-Bior5-5-A2,693,486,486.0.1 / Exp 2 Bior5.5 A2,PPG,486|486.0.1 / Exp 2 Bior5.5 A2,FF-NN,dl,"75 nodes, prob. 1 hidden layer, pure 0/1 classification",30,everyday activities,Microsoft Band 2,8 Hz,one channel (green),over 120 min,over 120 min,0,0,1,0,0,0,0,0,wrist,low (one day),3s,?,train/test not specified,10 patients 20 non-patients?,,34.05%,,,"time-domain statistical features from wavelet-decomposed signal into 3 sub-bands (Variance, Mean energy, Minimum energy, Maximum energy, Mean, Minimum amplitude, Standard deviation (STD), Maximum amplitude, Range, Peak-to-peak, Root‑mean‑square (RMS), Peak magnitude to RMS ratio) from each detail (D1–D3) and approximation (A1–A3)",handcrafted,low,no,"biorthogonal wavelet decomposition (approximation of coefficient sub-band 2, Bior 5.5)",Continuous HRV data were split into 3-second windows,window,No explicit normalization (implicit via wavelet),no,yes,,34.05,converted EER,65.95,0.6595,,0.6595,0.6610668465678021,included,,included; accuracy missing and EER is a valid percentage,,,no reported uncertainty,,,,0,,,0,0,No parenthesized uncertainty was reported in the selected accuracy/EER field.
486_486-0-1-Exp-2-Bior5-5-D3,694,486,486.0.1 / Exp 2 Bior5.5 D3,PPG,486|486.0.1 / Exp 2 Bior5.5 D3,FF-NN,dl,"75 nodes, prob. 1 hidden layer, pure 0/1 classification",30,everyday activities,Microsoft Band 2,8 Hz,one channel (green),over 120 min,over 120 min,0,0,1,0,0,0,0,0,wrist,low (one day),3s,?,train/test not specified,10 patients 20 non-patients?,,35.93%,,,"time-domain statistical features from wavelet-decomposed signal into 3 sub-bands (Variance, Mean energy, Minimum energy, Maximum energy, Mean, Minimum amplitude, Standard deviation (STD), Maximum amplitude, Range, Peak-to-peak, Root‑mean‑square (RMS), Peak magnitude to RMS ratio) from each detail (D1–D3) and approximation (A1–A3)",handcrafted,low,no,"biorthogonal wavelet decomposition (detail of coefficient sub-band 3, Bior 5.5)",Continuous HRV data were split into 3-second windows,window,No explicit normalization (implicit via wavelet),no,yes,,35.93,converted EER,64.07,0.6406999999999999,,0.6406999999999999,0.5784036345255025,included,,included; accuracy missing and EER is a valid percentage,,,no reported uncertainty,,,,0,,,0,0,No parenthesized uncertainty was reported in the selected accuracy/EER field.
486_486-0-1-Exp-2-Bior5-5-A3,695,486,486.0.1 / Exp 2 Bior5.5 A3,PPG,486|486.0.1 / Exp 2 Bior5.5 A3,FF-NN,dl,"75 nodes, prob. 1 hidden layer, pure 0/1 classification",30,everyday activities,Microsoft Band 2,8 Hz,one channel (green),over 120 min,over 120 min,0,0,1,0,0,0,0,0,wrist,low (one day),3s,?,train/test not specified,10 patients 20 non-patients?,,39.01%,,,"time-domain statistical features from wavelet-decomposed signal into 3 sub-bands (Variance, Mean energy, Minimum energy, Maximum energy, Mean, Minimum amplitude, Standard deviation (STD), Maximum amplitude, Range, Peak-to-peak, Root‑mean‑square (RMS), Peak magnitude to RMS ratio) from each detail (D1–D3) and approximation (A1–A3)",handcrafted,low,no,"biorthogonal wavelet decomposition (approximation of coefficient sub-band 3, Bior 5.5)",Continuous HRV data were split into 3-second windows,window,No explicit normalization (implicit via wavelet),no,yes,,39.01,converted EER,60.99,0.6099,,0.6099,0.4468918927897998,included,,included; accuracy missing and EER is a valid percentage,,,no reported uncertainty,,,,0,,,0,0,No parenthesized uncertainty was reported in the selected accuracy/EER field.
486_486-0-1-Exp-2-Bior6-8-D1,696,486,486.0.1 / Exp 2 Bior6.8 D1,PPG,486|486.0.1 / Exp 2 Bior6.8 D1,FF-NN,dl,"75 nodes, prob. 1 hidden layer, pure 0/1 classification",30,everyday activities,Microsoft Band 2,8 Hz,one channel (green),over 120 min,over 120 min,0,0,1,0,0,0,0,0,wrist,low (one day),3s,?,train/test not specified,10 patients 20 non-patients?,,35.22%,,,"time-domain statistical features from wavelet-decomposed signal into 3 sub-bands (Variance, Mean energy, Minimum energy, Maximum energy, Mean, Minimum amplitude, Standard deviation (STD), Maximum amplitude, Range, Peak-to-peak, Root‑mean‑square (RMS), Peak magnitude to RMS ratio) from each detail (D1–D3) and approximation (A1–A3)",handcrafted,low,no,"biorthogonal wavelet decomposition (detail of coefficient sub-band 1, Bior 6.8)",Continuous HRV data were split into 3-second windows,window,No explicit normalization (implicit via wavelet),no,yes,,35.22,converted EER,64.78,0.6478,,0.6478,0.6093828106751233,included,,included; accuracy missing and EER is a valid percentage,,,no reported uncertainty,,,,0,,,0,0,No parenthesized uncertainty was reported in the selected accuracy/EER field.
486_486-0-1-Exp-2-Bior6-8-A1,697,486,486.0.1 / Exp 2 Bior6.8 A1,PPG,486|486.0.1 / Exp 2 Bior6.8 A1,FF-NN,dl,"75 nodes, prob. 1 hidden layer, pure 0/1 classification",30,everyday activities,Microsoft Band 2,8 Hz,one channel (green),over 120 min,over 120 min,0,0,1,0,0,0,0,0,wrist,low (one day),3s,?,train/test not specified,10 patients 20 non-patients?,,33.07%,,,"time-domain statistical features from wavelet-decomposed signal into 3 sub-bands (Variance, Mean energy, Minimum energy, Maximum energy, Mean, Minimum amplitude, Standard deviation (STD), Maximum amplitude, Range, Peak-to-peak, Root‑mean‑square (RMS), Peak magnitude to RMS ratio) from each detail (D1–D3) and approximation (A1–A3)",handcrafted,low,no,"biorthogonal wavelet decomposition (approximation of coefficient sub-band 1, Bior 6.8)",Continuous HRV data were split into 3-second windows,window,No explicit normalization (implicit via wavelet),no,yes,,33.07,converted EER,66.93,0.6693000000000001,,0.6693000000000001,0.7050207701188499,included,,included; accuracy missing and EER is a valid percentage,,,no reported uncertainty,,,,0,,,0,0,No parenthesized uncertainty was reported in the selected accuracy/EER field.
486_486-0-1-Exp-2-Bior6-8-D2,698,486,486.0.1 / Exp 2 Bior6.8 D2,PPG,486|486.0.1 / Exp 2 Bior6.8 D2,FF-NN,dl,"75 nodes, prob. 1 hidden layer, pure 0/1 classification",30,everyday activities,Microsoft Band 2,8 Hz,one channel (green),over 120 min,over 120 min,0,0,1,0,0,0,0,0,wrist,low (one day),3s,?,train/test not specified,10 patients 20 non-patients?,,33.59%,,,"time-domain statistical features from wavelet-decomposed signal into 3 sub-bands (Variance, Mean energy, Minimum energy, Maximum energy, Mean, Minimum amplitude, Standard deviation (STD), Maximum amplitude, Range, Peak-to-peak, Root‑mean‑square (RMS), Peak magnitude to RMS ratio) from each detail (D1–D3) and approximation (A1–A3)",handcrafted,low,no,"biorthogonal wavelet decomposition (detail of coefficient sub-band 2, Bior 6.8)",Continuous HRV data were split into 3-second windows,window,No explicit normalization (implicit via wavelet),no,yes,,33.59,converted EER,66.41,0.6640999999999999,,0.6640999999999999,0.6816192439284205,included,,included; accuracy missing and EER is a valid percentage,,,no reported uncertainty,,,,0,,,0,0,No parenthesized uncertainty was reported in the selected accuracy/EER field.
486_486-0-1-Exp-2-Bior6-8-A2,699,486,486.0.1 / Exp 2 Bior6.8 A2,PPG,486|486.0.1 / Exp 2 Bior6.8 A2,FF-NN,dl,"75 nodes, prob. 1 hidden layer, pure 0/1 classification",30,everyday activities,Microsoft Band 2,8 Hz,one channel (green),over 120 min,over 120 min,0,0,1,0,0,0,0,0,wrist,low (one day),3s,?,train/test not specified,10 patients 20 non-patients?,,30.94%,,,"time-domain statistical features from wavelet-decomposed signal into 3 sub-bands (Variance, Mean energy, Minimum energy, Maximum energy, Mean, Minimum amplitude, Standard deviation (STD), Maximum amplitude, Range, Peak-to-peak, Root‑mean‑square (RMS), Peak magnitude to RMS ratio) from each detail (D1–D3) and approximation (A1–A3)",handcrafted,low,no,"biorthogonal wavelet decomposition (approximation of coefficient sub-band 2, Bior 6.8)",Continuous HRV data were split into 3-second windows,window,No explicit normalization (implicit via wavelet),no,yes,,30.94,converted EER,69.06,0.6906,,0.6906,0.8029258468169262,included,,included; accuracy missing and EER is a valid percentage,,,no reported uncertainty,,,,0,,,0,0,No parenthesized uncertainty was reported in the selected accuracy/EER field.
486_486-0-1-Exp-2-Bior6-8-D3,700,486,486.0.1 / Exp 2 Bior6.8 D3,PPG,486|486.0.1 / Exp 2 Bior6.8 D3,FF-NN,dl,"75 nodes, prob. 1 hidden layer, pure 0/1 classification",30,everyday activities,Microsoft Band 2,8 Hz,one channel (green),over 120 min,over 120 min,0,0,1,0,0,0,0,0,wrist,low (one day),3s,?,train/test not specified,10 patients 20 non-patients?,,37.40%,,,"time-domain statistical features from wavelet-decomposed signal into 3 sub-bands (Variance, Mean energy, Minimum energy, Maximum energy, Mean, Minimum amplitude, Standard deviation (STD), Maximum amplitude, Range, Peak-to-peak, Root‑mean‑square (RMS), Peak magnitude to RMS ratio) from each detail (D1–D3) and approximation (A1–A3)",handcrafted,low,no,"biorthogonal wavelet decomposition (detail of coefficient sub-band 3, Bior 6.8)",Continuous HRV data were split into 3-second windows,window,No explicit normalization (implicit via wavelet),no,yes,,37.4,converted EER,62.6,0.626,,0.626,0.5150945736855667,included,,included; accuracy missing and EER is a valid percentage,,,no reported uncertainty,,,,0,,,0,0,No parenthesized uncertainty was reported in the selected accuracy/EER field.
486_486-0-1-Exp-2-Bior6-8-A3,701,486,486.0.1 / Exp 2 Bior6.8 A3,PPG,486|486.0.1 / Exp 2 Bior6.8 A3,FF-NN,dl,"75 nodes, prob. 1 hidden layer, pure 0/1 classification",30,everyday activities,Microsoft Band 2,8 Hz,one channel (green),over 120 min,over 120 min,0,0,1,0,0,0,0,0,wrist,low (one day),3s,?,train/test not specified,10 patients 20 non-patients?,,37.90%,,,"time-domain statistical features from wavelet-decomposed signal into 3 sub-bands (Variance, Mean energy, Minimum energy, Maximum energy, Mean, Minimum amplitude, Standard deviation (STD), Maximum amplitude, Range, Peak-to-peak, Root‑mean‑square (RMS), Peak magnitude to RMS ratio) from each detail (D1–D3) and approximation (A1–A3)",handcrafted,low,no,"biorthogonal wavelet decomposition (approximation of coefficient sub-band 3, Bior 6.8)",Continuous HRV data were split into 3-second windows,window,No explicit normalization (implicit via wavelet),no,yes,,37.9,converted EER,62.1,0.621,,0.621,0.49379487685105233,included,,included; accuracy missing and EER is a valid percentage,,,no reported uncertainty,,,,0,,,0,0,No parenthesized uncertainty was reported in the selected accuracy/EER field.
486_486-0-1-Exp-3-Bior1-1-Approx-Coefficient-Fusion,702,486,486.0.1 / Exp 3 Bior1.1 Approx. Coefficient Fusion,PPG,486|486.0.1 / Exp 3 Bior1.1 Approx. Coefficient Fusion,FF-NN,dl,"75 nodes, prob. 1 hidden layer, pure 0/1 classification",30,everyday activities,Microsoft Band 2,8 Hz,one channel (green),over 120 min,over 120 min,0,0,1,0,0,0,0,0,wrist,low (one day),3s,?,train/test not specified,10 patients 20 non-patients?,,14.00%,,,"time-domain statistical features from wavelet-decomposed signal into 3 sub-bands (Variance, Mean energy, Minimum energy, Maximum energy, Mean, Minimum amplitude, Standard deviation (STD), Maximum amplitude, Range, Peak-to-peak, Root‑mean‑square (RMS), Peak magnitude to RMS ratio) from Approximation of Coefficient Fusion Bior 1.1",handcrafted,medium,no,"biorthogonal wavelet decomposition (approximation of coefficient, Bior 1.1)",Continuous HRV data were split into 3-second windows,window,No explicit normalization (implicit via wavelet),no,yes,,14,converted EER,86,0.86,,0.86,1.815289966638249,included,,included; accuracy missing and EER is a valid percentage,,,no reported uncertainty,,,,0,,,0,0,No parenthesized uncertainty was reported in the selected accuracy/EER field.
486_486-0-1-Exp-3-Bior1-1-Coefficient-Fusion,703,486,486.0.1 / Exp 3 Bior1.1 Coefficient Fusion,PPG,486|486.0.1 / Exp 3 Bior1.1 Coefficient Fusion,FF-NN,dl,"75 nodes, prob. 1 hidden layer, pure 0/1 classification",30,everyday activities,Microsoft Band 2,8 Hz,one channel (green),over 120 min,over 120 min,0,0,1,0,0,0,0,0,wrist,low (one day),3s,?,train/test not specified,10 patients 20 non-patients?,,13.80%,,,"time-domain statistical features from wavelet-decomposed signal into 3 sub-bands (Variance, Mean energy, Minimum energy, Maximum energy, Mean, Minimum amplitude, Standard deviation (STD), Maximum amplitude, Range, Peak-to-peak, Root‑mean‑square (RMS), Peak magnitude to RMS ratio) from Detail Coefficient Fusion Bior 1.1",handcrafted,medium,no,"biorthogonal wavelet decomposition (detail of coefficient, Bior 1.1)",Continuous HRV data were split into 3-second windows,window,No explicit normalization (implicit via wavelet),no,yes,,13.8,converted EER,86.2,0.862,,0.862,1.8320015855064884,included,,included; accuracy missing and EER is a valid percentage,,,no reported uncertainty,,,,0,,,0,0,No parenthesized uncertainty was reported in the selected accuracy/EER field.
486_486-0-1-Exp-3-Bior1-3-Approx-Coefficient-Fusion,704,486,486.0.1 / Exp 3 Bior1.3 Approx. Coefficient Fusion,PPG,486|486.0.1 / Exp 3 Bior1.3 Approx. Coefficient Fusion,FF-NN,dl,"75 nodes, prob. 1 hidden layer, pure 0/1 classification",30,everyday activities,Microsoft Band 2,8 Hz,one channel (green),over 120 min,over 120 min,0,0,1,0,0,0,0,0,wrist,low (one day),3s,?,train/test not specified,10 patients 20 non-patients?,,14.83%,,,"time-domain statistical features from wavelet-decomposed signal into 3 sub-bands (Variance, Mean energy, Minimum energy, Maximum energy, Mean, Minimum amplitude, Standard deviation (STD), Maximum amplitude, Range, Peak-to-peak, Root‑mean‑square (RMS), Peak magnitude to RMS ratio) from Approximation of Coefficient Fusion Bior 1.3",handcrafted,medium,no,"biorthogonal wavelet decomposition (approximation of coefficient, Bior 1.3)",Continuous HRV data were split into 3-second windows,window,No explicit normalization (implicit via wavelet),no,yes,,14.83,converted EER,85.17,0.8517,,0.8517,1.747997103003149,included,,included; accuracy missing and EER is a valid percentage,,,no reported uncertainty,,,,0,,,0,0,No parenthesized uncertainty was reported in the selected accuracy/EER field.
486_486-0-1-Exp-3-Bior1-3-Coefficient-Fusion,705,486,486.0.1 / Exp 3 Bior1.3 Coefficient Fusion,PPG,486|486.0.1 / Exp 3 Bior1.3 Coefficient Fusion,FF-NN,dl,"75 nodes, prob. 1 hidden layer, pure 0/1 classification",30,everyday activities,Microsoft Band 2,8 Hz,one channel (green),over 120 min,over 120 min,0,0,1,0,0,0,0,0,wrist,low (one day),3s,?,train/test not specified,10 patients 20 non-patients?,,14.89%,,,"time-domain statistical features from wavelet-decomposed signal into 3 sub-bands (Variance, Mean energy, Minimum energy, Maximum energy, Mean, Minimum amplitude, Standard deviation (STD), Maximum amplitude, Range, Peak-to-peak, Root‑mean‑square (RMS), Peak magnitude to RMS ratio) from Detail Coefficient Fusion Bior 1.3",handcrafted,medium,no,"biorthogonal wavelet decomposition (detail of coefficient, Bior 1.3)",Continuous HRV data were split into 3-second windows,window,No explicit normalization (implicit via wavelet),no,yes,,14.89,converted EER,85.11,0.8511,,0.8511,1.7432546907929518,included,,included; accuracy missing and EER is a valid percentage,,,no reported uncertainty,,,,0,,,0,0,No parenthesized uncertainty was reported in the selected accuracy/EER field.
486_Approx,706,486,Approx,PPG,486|Approx,FF-NN,dl,"75 nodes, prob. 1 hidden layer, pure 0/1 classification",30,everyday activities,Microsoft Band 2,8 Hz,one channel (green),over 120 min,over 120 min,0,0,1,0,0,0,0,0,wrist,low (one day),3s,?,train/test not specified,10 patients 20 non-patients?,,13.17% (7.14),,,"time-domain statistical features from wavelet-decomposed signal into 3 sub-bands (Variance, Mean energy, Minimum energy, Maximum energy, Mean, Minimum amplitude, Standard deviation (STD), Maximum amplitude, Range, Peak-to-peak, Root‑mean‑square (RMS), Peak magnitude to RMS ratio) from Approximation of Coefficient Fusion",handcrafted,medium,no,biorthogonal wavelet decomposition (approximation of coefficient),Continuous HRV data were split into 3-second windows,window,No explicit normalization (implicit via wavelet),no,yes,,13.17,converted EER,86.83,0.8683,,0.8683,1.8860106683173636,included,,included; accuracy missing and EER is a valid percentage,EER,7.14,converted subject-level SD,30,0.013035796868622954,0.11399400401628708,1,0.013035796868622954,0.11399400401628708,1,0,Single-user uploaded results support SD/sqrt(30) conversion for rows with parenthesized SDs.
486_Coef,707,486,Coef,PPG,486|Coef,FF-NN,dl,"75 nodes, prob. 1 hidden layer, pure 0/1 classification",30,everyday activities,Microsoft Band 2,8 Hz,one channel (green),over 120 min,over 120 min,0,0,1,0,0,0,0,0,wrist,low (one day),3s,?,train/test not specified,10 patients 20 non-patients?,,12.42% (7.28),,,"time-domain statistical features from wavelet-decomposed signal into 3 sub-bands (Variance, Mean energy, Minimum energy, Maximum energy, Mean, Minimum amplitude, Standard deviation (STD), Maximum amplitude, Range, Peak-to-peak, Root‑mean‑square (RMS), Peak magnitude to RMS ratio) from Detail Coefficient Fusion",handcrafted,medium,no,biorthogonal wavelet decomposition (detail of coefficient),Continuous HRV data were split into 3-second windows,window,No explicit normalization (implicit via wavelet),no,yes,,12.42,converted EER,87.58,0.8758,,0.8758,1.9532445848679199,included,,included; accuracy missing and EER is a valid percentage,EER,7.28,converted subject-level SD,30,0.01329140072879203,0.12219240571759771,1,0.01329140072879203,0.12219240571759771,1,0,Single-user uploaded results support SD/sqrt(30) conversion for rows with parenthesized SDs.
382_382-0-1-HR-CNN,708,382,382.0.1 HR CNN,PPG,382|382.0.1 HR CNN,CNN,dl,"RELU, L2, LR=0.001, Batch Size=100, Epoch=100, 1 hidden layer with 16 nodes",10,everyday activities,Fitbit Ionic,not reported,one channel (green),over 120 min,over 120 min,0,0,1,0,0,0,0,0,wrist,low (one day),10min,600 windows x 10 min,LOO-CV at inhalation event level (6 fold CV),no unseen imposters,60.3 (1.4),,.569 (.001),,"Statistical Features (mean, standard deviation, variance, coefficient of variance, range, coefficient of range, energy, power, root mean square, first quartile, second quartile or median, third quartile, maximum, skewness, interquartile range, coefficient of interquartile, mean absolute deviation, kurtosis, median absolute deviation, root sum of squares, and signal to noise ratio)",hybrid,medium,no,not described,time-synchronized 10-minute windows (720 heart rate windows for feature extraction) with 50% overlap,window,not described,no,no,60.3,,direct accuracy,60.3,0.603,,0.603,0.41798091603999493,included,,included,accuracy,1.4,trustworthy SE,,0.013999999999999999,0.05848173072504814,1,0.013999999999999999,0.05848173072504814,1,0,Reported user-level SE accepted directly.
382_382-0-1-HR-RNN,709,382,382.0.1 HR RNN,PPG,382|382.0.1 HR RNN,RNN,dl_temp,"RELU, L2, LR=0.001, Batch Size=100, Epoch=50, 1 hidden layer with 32 nodes",10,everyday activities,Fitbit Ionic,not reported,one channel (green),over 120 min,over 120 min,0,0,1,0,0,0,0,0,wrist,low (one day),10min,600 windows x 10 min,LOO-CV at inhalation event level (6 fold CV),no unseen imposters,61.5 (1.4),,.539 (.018),,"Statistical Features (mean, standard deviation, variance, coefficient of variance, range, coefficient of range, energy, power, root mean square, first quartile, second quartile or median, third quartile, maximum, skewness, interquartile range, coefficient of interquartile, mean absolute deviation, kurtosis, median absolute deviation, root sum of squares, and signal to noise ratio)",hybrid,medium,no,not described,time-synchronized 10-minute windows (720 heart rate windows for feature extraction) with 50% overlap,window,not described,no,no,61.5,,direct accuracy,61.5,0.615,,0.615,0.4683789335187336,included,,included,accuracy,1.4,trustworthy SE,,0.013999999999999999,0.05912786400591278,1,0.013999999999999999,0.05912786400591278,1,0,Reported user-level SE accepted directly.
382_382-0-1-HR-CRNN,710,382,382.0.1 HR CRNN,PPG,382|382.0.1 HR CRNN,TCM/CNN+LSTM/CRNN,dl_temp,"RELU, L2, LR=0.001, Batch Size=50, Epoch=100, 2 hidden layers with 32 nodes",10,everyday activities,Fitbit Ionic,not reported,one channel (green),over 120 min,over 120 min,0,0,1,0,0,0,0,0,wrist,low (one day),10min,600 windows x 10 min,LOO-CV at inhalation event level (6 fold CV),no unseen imposters,60.3 (1.9),,.557 (.019),,"Statistical Features (mean, standard deviation, variance, coefficient of variance, range, coefficient of range, energy, power, root mean square, first quartile, second quartile or median, third quartile, maximum, skewness, interquartile range, coefficient of interquartile, mean absolute deviation, kurtosis, median absolute deviation, root sum of squares, and signal to noise ratio)",hybrid,medium,no,not described,time-synchronized 10-minute windows (720 heart rate windows for feature extraction) with 50% overlap,window,not described,no,no,60.3,,direct accuracy,60.3,0.603,,0.603,0.41798091603999493,included,,included,accuracy,1.9,trustworthy SE,,0.019,0.07936806312685105,1,0.019,0.07936806312685105,1,0,Reported user-level SE accepted directly.
382_382-0-1-HRB-CNN,711,382,382.0.1 HRB CNN,"PPG, microphone",382|382.0.1 HRB CNN,CNN,dl,"RELU, L2, LR=0.001, Batch Size=50, Epoch=100, 2 hidden layers with 280 and 64 nodes",10,everyday activities,Fitbit Ionic + microphone,"not reported, 44.1 kHz",one channel (green),over 120 min,over 120 min,0,0,1,0,0,1,1,0,wrist,low (one day),10min,600 windows x 10 min,LOO-CV at inhalation event level (6 fold CV),no unseen imposters,94.4 (0.9),,.816 (.014),,"Statistical Features (mean, standard deviation, variance, coefficient of variance, range, coefficient of range, energy, power, root mean square, first quartile, second quartile or median, third quartile, maximum, skewness, interquartile range, coefficient of interquartile, mean absolute deviation, kurtosis, median absolute deviation, root sum of squares, and signal to noise ratio) + spectral features (Two-dimensional Mel-frequency cepstral coefficient features are transformed into one-dimensional features by condensing along the time axis using the average values)",hybrid,medium,no,not described,time-synchronized 10-minute windows (720 heart rate windows for feature extraction) with 50% overlap,window,not described,no,no,94.4,,direct accuracy,94.4,0.9440000000000001,,0.9440000000000001,2.8247744754103525,included,,included,accuracy,0.9,trustworthy SE,,0.009000000000000001,0.17024818401937064,1,0.009000000000000001,0.17024818401937064,1,0,Reported user-level SE accepted directly.
382_382-0-1-HRB-RNN,712,382,382.0.1 HRB RNN,"PPG, microphone",382|382.0.1 HRB RNN,RNN,dl_temp,"RELU, L2, LR=0.001, Batch Size=50, Epoch=100, 1 hidden layer with 32 nodes",10,everyday activities,Fitbit Ionic + microphone,"not reported, 44.1 kHz",one channel (green),over 120 min,over 120 min,0,0,1,0,0,1,1,0,wrist,low (one day),10min,600 windows x 10 min,LOO-CV at inhalation event level (6 fold CV),no unseen imposters,86.3 (0.8),,.858 (.009),,"Statistical Features (mean, standard deviation, variance, coefficient of variance, range, coefficient of range, energy, power, root mean square, first quartile, second quartile or median, third quartile, maximum, skewness, interquartile range, coefficient of interquartile, mean absolute deviation, kurtosis, median absolute deviation, root sum of squares, and signal to noise ratio) + spectral features (Two-dimensional Mel-frequency cepstral coefficient features are transformed into one-dimensional features by condensing along the time axis using the average values)",hybrid,medium,no,not described,time-synchronized 10-minute windows (720 heart rate windows for feature extraction) with 50% overlap,window,not described,no,no,86.3,,direct accuracy,86.3,0.863,,0.863,1.840433765255303,included,,included,accuracy,0.8,trustworthy SE,,0.008,0.06766414899645609,1,0.008,0.06766414899645609,1,0,Reported user-level SE accepted directly.
382_382-0-1-HRB-CRNN,713,382,382.0.1 HRB CRNN,"PPG, microphone",382|382.0.1 HRB CRNN,TCM/CNN+LSTM/CRNN,dl_temp,"RELU, L2, LR=0.001, Batch Size=100, Epoch=100, 2 hidden layers with 32 and 16 nodes",10,everyday activities,Fitbit Ionic + microphone,"not reported, 44.1 kHz",one channel (green),over 120 min,over 120 min,0,0,1,0,0,1,1,0,wrist,low (one day),10min,600 windows x 10 min,LOO-CV at inhalation event level (6 fold CV),no unseen imposters,86.0 (0.1),,.858 (.012),,"Statistical Features (mean, standard deviation, variance, coefficient of variance, range, coefficient of range, energy, power, root mean square, first quartile, second quartile or median, third quartile, maximum, skewness, interquartile range, coefficient of interquartile, mean absolute deviation, kurtosis, median absolute deviation, root sum of squares, and signal to noise ratio) + spectral features (Two-dimensional Mel-frequency cepstral coefficient features are transformed into one-dimensional features by condensing along the time axis using the average values)",hybrid,medium,no,not described,time-synchronized 10-minute windows (720 heart rate windows for feature extraction) with 50% overlap,window,not described,no,no,86,,direct accuracy,86,0.86,,0.86,1.815289966638249,included,,included,accuracy,0.1,trustworthy SE,,0.001,0.00830564784053156,1,0.001,0.00830564784053156,1,0,Reported user-level SE accepted directly.
374_374-0-1,714,374,374.0.1,PPG,374|374.0.1,TCM/CNN+LSTM/CRNN,dl_temp,"2 CNN layers are used in conjunction with 2 LSTM layers, followed by a dense output layer for modelling the temporal sequence",20,multiple conditions,own device,125 Hz,one channel (green),5-30 min,5-30 min,0,0,1,0,0,0,0,0,wrist,low (one day),8s,4 minutes (80%),5-fold CV within users,no unseen imposters,96.0% (4),,0.72,,time series data (Automatic feature extraction via DL),deep,,no,band-pass 4th order Butterworth filter (cut-off frequencies 0.1 – 18 Hz),segmentation into 6s overlapping 8s windows (every 2s a new window starts),window,z-score normalization,yes,yes,96,,direct accuracy,96,0.96,,0.96,3.178053830347945,included,,included,accuracy,4,converted subject-level SD,20,0.008944271909999158,0.23292374765622786,1,0.008944271909999158,0.23292374765622786,1,0,Single-user uploaded results support SD/sqrt(20) conversion.
266_15-15-20-15,715,266,15 15 20 15,PPG,266|15 15 20 15,TCM/CNN+LSTM/CRNN,dl_temp,"2 convolutional layers (layer 1 filter size 15, 15 filters layer 2 filter size 20, 15 filters) and two LSTM layers followed by a dense output layer",12,multiple conditions,own device,125 Hz,one channel (green),up to 5 min,up to 5 min,0,0,1,0,0,0,0,0,wrist,low (one day),?,4 minutes (80%),5-fold CV within users,no unseen imposters,95.0%,,0.77,,time series data (Automatic feature extraction via DL),deep,,no,band-pass 4th order Butterworth filter (cut-off frequencies 0.1 – 18 Hz),not described,none,z-score normalization,yes,yes,95,,direct accuracy,95,0.95,,0.95,2.9444389791664394,included,,included,,,no reported uncertainty,,,,0,,,0,0,No parenthesized uncertainty was reported in the selected accuracy/EER field.
266_15-15-30-15,716,266,15 15 30 15,PPG,266|15 15 30 15,TCM/CNN+LSTM/CRNN,dl_temp,"2 convolutional layers (layer 1 filter size 15, 15 filters layer 2 filter size 20, 15 filters) and two LSTM layers followed by a dense output layer",12,multiple conditions,own device,125 Hz,one channel (green),up to 5 min,up to 5 min,0,0,1,0,0,0,0,0,wrist,low (one day),?,4 minutes (80%),5-fold CV within users,no unseen imposters,95.0%,,0.80,,time series data (Automatic feature extraction via DL),deep,,no,band-pass 4th order Butterworth filter (cut-off frequencies 0.1 – 18 Hz),not described,none,z-score normalization,yes,yes,95,,direct accuracy,95,0.95,,0.95,2.9444389791664394,included,,included,,,no reported uncertainty,,,,0,,,0,0,No parenthesized uncertainty was reported in the selected accuracy/EER field.
266_15-15-40-15,717,266,15 15 40 15,PPG,266|15 15 40 15,TCM/CNN+LSTM/CRNN,dl_temp,"2 convolutional layers (layer 1 filter size 15, 15 filters layer 2 filter size 20, 15 filters) and two LSTM layers followed by a dense output layer",12,multiple conditions,own device,125 Hz,one channel (green),up to 5 min,up to 5 min,0,0,1,0,0,0,0,0,wrist,low (one day),?,4 minutes (80%),5-fold CV within users,no unseen imposters,95.0%,,0.80,,time series data (Automatic feature extraction via DL),deep,,no,band-pass 4th order Butterworth filter (cut-off frequencies 0.1 – 18 Hz),not described,none,z-score normalization,yes,yes,95,,direct accuracy,95,0.95,,0.95,2.9444389791664394,included,,included,,,no reported uncertainty,,,,0,,,0,0,No parenthesized uncertainty was reported in the selected accuracy/EER field.
266_15-15-50-15,718,266,15 15 50 15,PPG,266|15 15 50 15,TCM/CNN+LSTM/CRNN,dl_temp,"2 convolutional layers (layer 1 filter size 15, 15 filters layer 2 filter size 20, 15 filters) and two LSTM layers followed by a dense output layer",12,multiple conditions,own device,125 Hz,one channel (green),up to 5 min,up to 5 min,0,0,1,0,0,0,0,0,wrist,low (one day),?,4 minutes (80%),5-fold CV within users,no unseen imposters,96.0%,,0.82,,time series data (Automatic feature extraction via DL),deep,,no,band-pass 4th order Butterworth filter (cut-off frequencies 0.1 – 18 Hz),not described,none,z-score normalization,yes,yes,96,,direct accuracy,96,0.96,,0.96,3.178053830347945,included,,included,,,no reported uncertainty,,,,0,,,0,0,No parenthesized uncertainty was reported in the selected accuracy/EER field.
266_30-15-20-15,719,266,30 15 20 15,PPG,266|30 15 20 15,TCM/CNN+LSTM/CRNN,dl_temp,"2 convolutional layers (layer 1 filter size 15, 15 filters layer 2 filter size 20, 15 filters) and two LSTM layers followed by a dense output layer",12,multiple conditions,own device,125 Hz,one channel (green),up to 5 min,up to 5 min,0,0,1,0,0,0,0,0,wrist,low (one day),?,4 minutes (80%),5-fold CV within users,no unseen imposters,95.0%,,0.81,,time series data (Automatic feature extraction via DL),deep,,no,band-pass 4th order Butterworth filter (cut-off frequencies 0.1 – 18 Hz),not described,none,z-score normalization,yes,yes,95,,direct accuracy,95,0.95,,0.95,2.9444389791664394,included,,included,,,no reported uncertainty,,,,0,,,0,0,No parenthesized uncertainty was reported in the selected accuracy/EER field.
266_30-15-30-15,720,266,30 15 30 15,PPG,266|30 15 30 15,TCM/CNN+LSTM/CRNN,dl_temp,"2 convolutional layers (layer 1 filter size 15, 15 filters layer 2 filter size 20, 15 filters) and two LSTM layers followed by a dense output layer",12,multiple conditions,own device,125 Hz,one channel (green),up to 5 min,up to 5 min,0,0,1,0,0,0,0,0,wrist,low (one day),?,4 minutes (80%),5-fold CV within users,no unseen imposters,95.0%,,0.82,,time series data (Automatic feature extraction via DL),deep,,no,band-pass 4th order Butterworth filter (cut-off frequencies 0.1 – 18 Hz),not described,none,z-score normalization,yes,yes,95,,direct accuracy,95,0.95,,0.95,2.9444389791664394,included,,included,,,no reported uncertainty,,,,0,,,0,0,No parenthesized uncertainty was reported in the selected accuracy/EER field.
266_30-15-40-15,721,266,30 15 40 15,PPG,266|30 15 40 15,TCM/CNN+LSTM/CRNN,dl_temp,"2 convolutional layers (layer 1 filter size 15, 15 filters layer 2 filter size 20, 15 filters) and two LSTM layers followed by a dense output layer",12,multiple conditions,own device,125 Hz,one channel (green),up to 5 min,up to 5 min,0,0,1,0,0,0,0,0,wrist,low (one day),?,4 minutes (80%),5-fold CV within users,no unseen imposters,96.0%,,0.82,,time series data (Automatic feature extraction via DL),deep,,no,band-pass 4th order Butterworth filter (cut-off frequencies 0.1 – 18 Hz),not described,none,z-score normalization,yes,yes,96,,direct accuracy,96,0.96,,0.96,3.178053830347945,included,,included,,,no reported uncertainty,,,,0,,,0,0,No parenthesized uncertainty was reported in the selected accuracy/EER field.
266_30-15-50-15,722,266,30 15 50 15,PPG,266|30 15 50 15,TCM/CNN+LSTM/CRNN,dl_temp,"2 convolutional layers (layer 1 filter size 15, 15 filters layer 2 filter size 20, 15 filters) and two LSTM layers followed by a dense output layer",12,multiple conditions,own device,125 Hz,one channel (green),up to 5 min,up to 5 min,0,0,1,0,0,0,0,0,wrist,low (one day),?,4 minutes (80%),5-fold CV within users,no unseen imposters,96.0%,,0.83,,time series data (Automatic feature extraction via DL),deep,,no,band-pass 4th order Butterworth filter (cut-off frequencies 0.1 – 18 Hz),not described,none,z-score normalization,yes,yes,96,,direct accuracy,96,0.96,,0.96,3.178053830347945,included,,included,,,no reported uncertainty,,,,0,,,0,0,No parenthesized uncertainty was reported in the selected accuracy/EER field.
266_30-32-20-15,723,266,30 32 20 15,PPG,266|30 32 20 15,TCM/CNN+LSTM/CRNN,dl_temp,"2 convolutional layers (layer 1 filter size 15, 15 filters layer 2 filter size 20, 15 filters) and two LSTM layers followed by a dense output layer",12,multiple conditions,own device,125 Hz,one channel (green),up to 5 min,up to 5 min,0,0,1,0,0,0,0,0,wrist,low (one day),?,4 minutes (80%),5-fold CV within users,no unseen imposters,95.0%,,0.81,,time series data (Automatic feature extraction via DL),deep,,no,band-pass 4th order Butterworth filter (cut-off frequencies 0.1 – 18 Hz),not described,none,z-score normalization,yes,yes,95,,direct accuracy,95,0.95,,0.95,2.9444389791664394,included,,included,,,no reported uncertainty,,,,0,,,0,0,No parenthesized uncertainty was reported in the selected accuracy/EER field.
266_30-32-30-32,724,266,30 32 30 32,PPG,266|30 32 30 32,TCM/CNN+LSTM/CRNN,dl_temp,"2 convolutional layers (layer 1 filter size 15, 15 filters layer 2 filter size 20, 15 filters) and two LSTM layers followed by a dense output layer",12,multiple conditions,own device,125 Hz,one channel (green),up to 5 min,up to 5 min,0,0,1,0,0,0,0,0,wrist,low (one day),?,4 minutes (80%),5-fold CV within users,no unseen imposters,96.0%,,0.84,,time series data (Automatic feature extraction via DL),deep,,no,band-pass 4th order Butterworth filter (cut-off frequencies 0.1 – 18 Hz),not described,none,z-score normalization,yes,yes,96,,direct accuracy,96,0.96,,0.96,3.178053830347945,included,,included,,,no reported uncertainty,,,,0,,,0,0,No parenthesized uncertainty was reported in the selected accuracy/EER field.
266_30-32-40-32,725,266,30 32 40 32,PPG,266|30 32 40 32,TCM/CNN+LSTM/CRNN,dl_temp,"2 convolutional layers (layer 1 filter size 15, 15 filters layer 2 filter size 20, 15 filters) and two LSTM layers followed by a dense output layer",12,multiple conditions,own device,125 Hz,one channel (green),up to 5 min,up to 5 min,0,0,1,0,0,0,0,0,wrist,low (one day),?,4 minutes (80%),5-fold CV within users,no unseen imposters,96.0%,,0.84,,time series data (Automatic feature extraction via DL),deep,,no,band-pass 4th order Butterworth filter (cut-off frequencies 0.1 – 18 Hz),not described,none,z-score normalization,yes,yes,96,,direct accuracy,96,0.96,,0.96,3.178053830347945,included,,included,,,no reported uncertainty,,,,0,,,0,0,No parenthesized uncertainty was reported in the selected accuracy/EER field.
266_30-32-50-32,726,266,30 32 50 32,PPG,266|30 32 50 32,TCM/CNN+LSTM/CRNN,dl_temp,"2 convolutional layers (layer 1 filter size 15, 15 filters layer 2 filter size 20, 15 filters) and two LSTM layers followed by a dense output layer",12,multiple conditions,own device,125 Hz,one channel (green),up to 5 min,up to 5 min,0,0,1,0,0,0,0,0,wrist,low (one day),?,4 minutes (80%),5-fold CV within users,no unseen imposters,96.0%,,0.86,,time series data (Automatic feature extraction via DL),deep,,no,band-pass 4th order Butterworth filter (cut-off frequencies 0.1 – 18 Hz),not described,none,z-score normalization,yes,yes,96,,direct accuracy,96,0.96,,0.96,3.178053830347945,included,,included,,,no reported uncertainty,,,,0,,,0,0,No parenthesized uncertainty was reported in the selected accuracy/EER field.
253_,198,253,,ECG,253|,MLP,dl,,"2 users, 38 intruders",multiple conditions,own device,1000hz,3 electrodes,up to 5 min,up to 5 min,1,0,0,0,0,0,0,0,wrist,medium (multiple days),10s,20x10s?,LO-intruder-O- CV,38 intruders,,,,,"Autocorrelation (AC) and Discrete Cosine Transform (DCT): selection of the considered signal, computation of autocorrelation coefficients with different delays, transformation of autocorrelation coefficients vector using the DCT transform and then using the transformed vector as new feature input for the classifier.",hybrid,,no,"2-order Butterworth band-pass filter (2-40 Hz). Removal of initial and final half second of trace, reducing the trace length to 9 seconds","segmentation into heartbeats, start and finish at R peak",beat,not described,no,yes,,,excluded,,,,,,excluded,no usable outcome information,no usable outcome information,,,no reported uncertainty,,,,0,,,0,0,No parenthesized uncertainty was reported in the selected accuracy/EER field.
401_S1-out-of-sample-1HB,276,401,S1 out-of-sample 1HB,PPG,401|S1 out-of-sample 1HB,,,,66,one condition,Huawei Watch G2,100hz,not reported,5-30 min,5-30 min,0,0,1,0,0,0,0,0,wrist,medium (multiple days),,,,,,,,,"single wave features for each PPG period by the temporal convolutional network (TCN), temporal relationships with LSTM",deep,,no,"Remove PPG with large MA, 0.5-5hz bandpass filter,","waveform segmentation, padding waves to the same length (1 HB)",none,0-1 normalization,yes,yes,,,excluded,,,,,,excluded,no usable outcome information,no usable outcome information,,,no reported uncertainty,,,,0,,,0,0,No parenthesized uncertainty was reported in the selected accuracy/EER field.
401_S1-out-of-sample-5HB,277,401,S1 out-of-sample 5HB,PPG,401|S1 out-of-sample 5HB,,,,66,one condition,Huawei Watch G2,100hz,not reported,5-30 min,5-30 min,0,0,1,0,0,0,0,0,wrist,medium (multiple days),,,,,,,,,"single wave features for each PPG period by the temporal convolutional network (TCN), temporal relationships with LSTM",deep,,no,"Remove PPG with large MA, 0.5-5hz bandpass filter,","waveform segmentation, padding waves to the same length (5 HB)",none,0-1 normalization,yes,yes,,,excluded,,,,,,excluded,no usable outcome information,no usable outcome information,,,no reported uncertainty,,,,0,,,0,0,No parenthesized uncertainty was reported in the selected accuracy/EER field.
401_S1-out-of-sample-15HB,278,401,S1 out-of-sample 15HB,PPG,401|S1 out-of-sample 15HB,,,,66,one condition,Huawei Watch G2,100hz,not reported,5-30 min,5-30 min,0,0,1,0,0,0,0,0,wrist,medium (multiple days),,,,,,,,,"single wave features for each PPG period by the temporal convolutional network (TCN), temporal relationships with LSTM",deep,,no,"Remove PPG with large MA, 0.5-5hz bandpass filter,","waveform segmentation, padding waves to the same length (15 HB)",none,0-1 normalization,yes,yes,,,excluded,,,,,,excluded,no usable outcome information,no usable outcome information,,,no reported uncertainty,,,,0,,,0,0,No parenthesized uncertainty was reported in the selected accuracy/EER field.
401_S1-out-of-sample-30HB-s40,281,401,S1 out-of-sample 30HB s40,PPG,401|S1 out-of-sample 30HB s40,TCM/CNN+LSTM/CRNN,dl_temp,"temporal convolutional network (TCN) single wave encoder and LSTM multi wave encoder, then template matching via cosine similarity",66,one condition,Huawei Watch G2,100hz,not reported,5-30 min,5-30 min,0,0,1,0,0,0,0,0,wrist,medium (multiple days),30HB,~110 min,8-fold CV over sessions within users,6 intruders,,,,,"single wave features for each PPG period by the temporal convolutional network (TCN), temporal relationships with LSTM",deep,,no,"Remove PPG with large MA, 0.5-5hz bandpass filter,","waveform segmentation, padding waves to the same length (30 HB)",none,0-1 normalization,yes,yes,,,excluded,,,,,,excluded,no usable outcome information,no usable outcome information,,,no reported uncertainty,,,,0,,,0,0,No parenthesized uncertainty was reported in the selected accuracy/EER field.
401_S1-out-of-sample-30HB-s60,282,401,S1 out-of-sample 30HB s60,PPG,401|S1 out-of-sample 30HB s60,TCM/CNN+LSTM/CRNN,dl_temp,"temporal convolutional network (TCN) single wave encoder and LSTM multi wave encoder, then template matching via cosine similarity",66,one condition,Huawei Watch G2,100hz,not reported,5-30 min,5-30 min,0,0,1,0,0,0,0,0,wrist,medium (multiple days),30HB,~110 min,8-fold CV over sessions within users,6 intruders,,,,,"single wave features for each PPG period by the temporal convolutional network (TCN), temporal relationships with LSTM",deep,,no,"Remove PPG with large MA, 0.5-5hz bandpass filter,","waveform segmentation, padding waves to the same length (30 HB)",none,0-1 normalization,yes,yes,,,excluded,,,,,,excluded,no usable outcome information,no usable outcome information,,,no reported uncertainty,,,,0,,,0,0,No parenthesized uncertainty was reported in the selected accuracy/EER field.
460_460-0-1,327,460,460.0.1,ECG,460|460.0.1,unspecified distance metric,Other algorithm,Distance-based matching with a threshold decision rule. Does not specify the distance measure used.,4,everyday activities,Savvy,125 Hz,2 lead / 12 electrode,over 120 min,over 120 min,1,0,0,0,0,0,0,0,chest/torso,low (one day),1HB,5 min to 3 h,time-based splitting,no,,,,,"Higher-order statistical features (cumulants), implicitly extracted",hybrid,,yes,"fourth-order Butterworth bandpass filter (1-4 Hz); baseline correction, and dynamic thresholding (to distinguish QRS complexes from muscular activity noise)",fixed-length slicing and heartbeat-based segmentation relying on QRS detection,beat,not specified,no,yes,,,excluded,,,,,,excluded,no usable outcome information,no usable outcome information,,,no reported uncertainty,,,,0,,,0,0,No parenthesized uncertainty was reported in the selected accuracy/EER field.
455_time,333,455,time,ECG,455|time,RF,tree,,29,one condition,Maxim wristband,512 Hz,Lead I,5-30 min,5-30 min,1,0,0,0,0,0,0,0,wrist,low (one day),300HB,11.25 min,"75% selected for training, rest for testing against intruders",12 intruders,,,,,"time-domain features – intervals and amplitudes from each heartbeat and Hjorth descriptors of an average heartbeat. 14 interval features, 2 amplitude features, 5 Hjorth features, and one feature related to interval variability",hybrid,medium,no,Wiener filter designed for muscle noise reduction,Wavelet-based fiducial point detection; R-peak aligned,beat,"ECGs aligned to R-peak; average heartbeat computed; Likely includes amplitude scaling (zero-mean, unit variance)",yes,yes,,,excluded,,,,,,excluded,no usable outcome information,no usable outcome information,,,no reported uncertainty,,,,0,,,0,0,No parenthesized uncertainty was reported in the selected accuracy/EER field.
455_wavelet,334,455,wavelet,ECG,455|wavelet,RF,tree,,29,one condition,Maxim wristband,512 Hz,Lead I,5-30 min,5-30 min,1,0,0,0,0,0,0,0,wrist,low (one day),300HB,11.25 min,"75% selected for training, rest for testing against intruders",12 intruders,,,,,"Daubechies wavelets (db3, db4, db5) with three, four and five levels of decomposition.",hybrid,high,no,Drift and powerline removal; FIR bandpass filter (1–40 Hz),"R-peak detection, fixed-length (301-sample) heartbeat windows; Beats aligned to R-peaks, then averaged to form one cycle",window,"Amplitude scaled to [−1, 1]",yes,yes,,,excluded,,,,,,excluded,no usable outcome information,no usable outcome information,,,no reported uncertainty,,,,0,,,0,0,No parenthesized uncertainty was reported in the selected accuracy/EER field.
455_DL,335,455,DL,ECG,455|DL,CNN,dl,"1D convolutional neural network with max pooling, dropout, signal flattening and dense output layer",29,one condition,Maxim wristband,512 Hz,Lead I,5-30 min,5-30 min,1,0,0,0,0,0,0,0,wrist,low (one day),300HB,11.25 min,"75% selected for training, rest for testing against intruders",12 intruders,,,,,time / frequency domain features implicit via DL,deep,,no,Indirectly handled via Pan-Tompkins QRS detection (no separate filter),"R-peak-centered window: 100 samples before, 200 after → total 300 samples",window,"Min–max normalization per beat → scale to [0, 1] for CNN input",yes,yes,,,excluded,,,,,,excluded,no usable outcome information,no usable outcome information,,,no reported uncertainty,,,,0,,,0,0,No parenthesized uncertainty was reported in the selected accuracy/EER field.
